DC Volts:1.5 V Range:Yokogawa WT1600*0,1.4993,10/15/2018 12:24:18 PM
DC Volts:1.5 V Range:Yokogawa WT1600*0,-1.4985,10/15/2018 12:24:20 PM
DC Volts:3 V Range:Yokogawa WT1600*0,2.9987,10/15/2018 12:24:22 PM
DC Volts:3 V Range:Yokogawa WT1600*0,-2.9983,10/15/2018 12:24:24 PM
DC Volts:6 V Range:Yokogawa WT1600*0,5.9951,10/15/2018 12:24:26 PM
DC Volts:6 V Range:Yokogawa WT1600*0,-5.9962,10/15/2018 12:24:28 PM
DC Volts:10 V Range:Yokogawa WT1600*0,9.998,10/15/2018 12:24:30 PM
DC Volts:10 V Range:Yokogawa WT1600*0,-10.002,10/15/2018 12:24:32 PM
DC Volts:15 V Range:Yokogawa WT1600*0,14.988,10/15/2018 12:24:34 PM
DC Volts:15 V Range:Yokogawa WT1600*0,-14.991,10/15/2018 12:24:36 PM
DC Volts:30 V Range:Yokogawa WT1600*0,29.977,10/15/2018 12:24:38 PM
DC Volts:30 V Range:Yokogawa WT1600*0,-29.99,10/15/2018 12:24:40 PM
DC Volts:60 V Range:Yokogawa WT1600*0,59.944,10/15/2018 12:24:44 PM
DC Volts:60 V Range:Yokogawa WT1600*0,-59.966,10/15/2018 12:24:46 PM
DC Volts:100 V Range:Yokogawa WT1600*0,100.01,10/15/2018 12:24:49 PM
DC Volts:100 V Range:Yokogawa WT1600*0,-99.99,10/15/2018 12:24:52 PM
DC Volts:100 V Range: Linearity:Yokogawa WT1600*0,50.01,10/15/2018 12:24:55 PM
DC Volts:100 V Range: Linearity:Yokogawa WT1600*0,-49.98,10/15/2018 12:24:58 PM
DC Volts:100 V Range: Linearity:Yokogawa WT1600*0,10,10/15/2018 12:25:01 PM
DC Volts:100 V Range: Linearity:Yokogawa WT1600*0,-9.97,10/15/2018 12:25:03 PM
DC Volts:100 V Range: Linearity:Yokogawa WT1600*0,1,10/15/2018 12:25:05 PM
DC Volts:100 V Range: Linearity:Yokogawa WT1600*0,-0.97,10/15/2018 12:25:07 PM
DC Volts:150 V Range:Yokogawa WT1600*0,149.92,10/15/2018 12:25:10 PM
DC Volts:150 V Range:Yokogawa WT1600*0,-149.93,10/15/2018 12:25:13 PM
DC Volts:300 V Range:Yokogawa WT1600*0,299.86,10/15/2018 12:25:17 PM
DC Volts:300 V Range:Yokogawa WT1600*0,-299.95,10/15/2018 12:25:20 PM
DC Volts:1000 V Range:Yokogawa WT1600*0,900.2,10/15/2018 12:25:25 PM
DC Volts:1000 V Range:Yokogawa WT1600*0,-900.3,10/15/2018 12:25:31 PM
AC Volts:1.5 V Range:Yokogawa WT1600*0,1.4995,10/15/2018 12:25:40 PM
AC Volts:1.5 V Range:Yokogawa WT1600*0,1.4993,10/15/2018 12:25:42 PM
AC Volts:1.5 V Range:Yokogawa WT1600*0,1.5001,10/15/2018 12:25:45 PM
AC Volts:1.5 V Range:Yokogawa WT1600*0,1.4992,10/15/2018 12:25:48 PM
AC Volts:1.5 V Range:Yokogawa WT1600*0,1.4965,10/15/2018 12:25:51 PM
AC Volts:1.5 V Range:Yokogawa WT1600*0,1.4641,10/15/2018 12:25:53 PM
AC Volts:3 V Range:Yokogawa WT1600*0,2.9998,10/15/2018 12:25:57 PM
AC Volts:3 V Range:Yokogawa WT1600*0,2.9901,10/15/2018 12:25:59 PM
AC Volts:3 V Range:Yokogawa WT1600*0,2.9973,10/15/2018 12:26:01 PM
AC Volts:3 V Range:Yokogawa WT1600*0,2.9986,10/15/2018 12:26:05 PM
AC Volts:3 V Range:Yokogawa WT1600*0,2.9949,10/15/2018 12:26:07 PM
AC Volts:3 V Range:Yokogawa WT1600*0,2.9193,10/15/2018 12:26:09 PM
AC Volts:6 V Range:Yokogawa WT1600*0,5.9926,10/15/2018 12:26:13 PM
AC Volts:6 V Range:Yokogawa WT1600*0,6.0059,10/15/2018 12:26:15 PM
AC Volts:6 V Range:Yokogawa WT1600*0,5.9915,10/15/2018 12:26:17 PM
AC Volts:6 V Range:Yokogawa WT1600*0,5.9945,10/15/2018 12:26:21 PM
AC Volts:6 V Range:Yokogawa WT1600*0,5.9888,10/15/2018 12:26:23 PM
AC Volts:6 V Range:Yokogawa WT1600*0,2.9187,10/15/2018 12:26:27 PM
AC Volts:10 V Range:Yokogawa WT1600*0,9.999,10/15/2018 12:26:31 PM
AC Volts:10 V Range:Yokogawa WT1600*0,9.994,10/15/2018 12:26:33 PM
AC Volts:10 V Range:Yokogawa WT1600*0,9.998,10/15/2018 12:26:36 PM
AC Volts:10 V Range:Yokogawa WT1600*0,9.998,10/15/2018 12:26:39 PM
AC Volts:10 V Range:Yokogawa WT1600*0,9.991,10/15/2018 12:26:41 PM
AC Volts:10 V Range:Yokogawa WT1600*0,2.922,10/15/2018 12:26:45 PM
AC Volts:15 V Range:Yokogawa WT1600*0,14.975,10/15/2018 12:26:49 PM
AC Volts:15 V Range:Yokogawa WT1600*0,14.984,10/15/2018 12:26:52 PM
AC Volts:15 V Range:Yokogawa WT1600*0,14.994,10/15/2018 12:26:54 PM
AC Volts:15 V Range:Yokogawa WT1600*0,14.988,10/15/2018 12:26:58 PM
AC Volts:15 V Range:Yokogawa WT1600*0,14.98,10/15/2018 12:27:00 PM
AC Volts:15 V Range:Yokogawa WT1600*0,2.91,10/15/2018 12:27:04 PM
AC Volts:30 V Range:Yokogawa WT1600*0,29.949,10/15/2018 12:27:08 PM
AC Volts:30 V Range:Yokogawa WT1600*0,29.991,10/15/2018 12:27:10 PM
AC Volts:30 V Range:Yokogawa WT1600*0,29.989,10/15/2018 12:27:12 PM
AC Volts:30 V Range:Yokogawa WT1600*0,29.978,10/15/2018 12:27:16 PM
AC Volts:30 V Range:Yokogawa WT1600*0,29.905,10/15/2018 12:27:18 PM
AC Volts:30 V Range:Yokogawa WT1600*0,2.904,10/15/2018 12:27:22 PM
AC Volts:60 V Range:Yokogawa WT1600*0,29.947,10/15/2018 12:27:26 PM
AC Volts:60 V Range:Yokogawa WT1600*0,60.02,10/15/2018 12:27:33 PM
AC Volts:60 V Range:Yokogawa WT1600*0,59.986,10/15/2018 12:27:36 PM
AC Volts:60 V Range:Yokogawa WT1600*0,59.942,10/15/2018 12:27:42 PM
AC Volts:60 V Range:Yokogawa WT1600*0,59.859,10/15/2018 12:27:44 PM
AC Volts:100 V Range:Yokogawa WT1600*0,29.98,10/15/2018 12:27:49 PM
AC Volts:100 V Range:Yokogawa WT1600*0,100.11,10/15/2018 12:27:57 PM
AC Volts:100 V Range:Yokogawa WT1600*0,100.05,10/15/2018 12:28:00 PM
AC Volts:100 V Range:Yokogawa WT1600*0,99.97,10/15/2018 12:28:07 PM
AC Volts:100 V Range:Yokogawa WT1600*0,99.89,10/15/2018 12:28:09 PM
AC Volts:150 V Range:Yokogawa WT1600*0,29.97,10/15/2018 12:28:14 PM
AC Volts:150 V Range:Yokogawa WT1600*0,150.08,10/15/2018 12:28:22 PM
AC Volts:150 V Range:Yokogawa WT1600*0,149.84,10/15/2018 12:28:25 PM
AC Volts:150 V Range:Yokogawa WT1600*0,149.89,10/15/2018 12:28:32 PM
AC Volts:150 V Range:Yokogawa WT1600*0,149.68,10/15/2018 12:28:34 PM
AC Volts:300 V Range:Yokogawa WT1600*0,29.97,10/15/2018 12:28:40 PM
AC Volts:300 V Range:Yokogawa WT1600*0,299.67,10/15/2018 12:28:48 PM
AC Volts:300 V Range:Yokogawa WT1600*0,299.7,10/15/2018 12:28:51 PM
AC Volts:300 V Range:Yokogawa WT1600*0,299.79,10/15/2018 12:28:58 PM
AC Volts:1000 V Range:Yokogawa WT1600*0,30,10/15/2018 12:29:02 PM
AC Volts:1000 V Range:Yokogawa WT1600*0,899.7,10/15/2018 12:29:10 PM
AC Volts:1000 V Range:Yokogawa WT1600*0,899.8,10/15/2018 12:29:13 PM
,NaN,
,NaN,
,NaN,
,NaN,
,NaN,
,NaN,
,NaN,
,NaN,
,NaN,
,NaN,
,NaN,
,NaN,
,NaN,
,NaN,
,NaN,
,NaN,
DC Current - Low:1 A Range:Yokogawa WT1600*0,0.9989,10/15/2018 12:29:21 PM
DC Current - Low:1 A Range:Yokogawa WT1600*0,-0.9994,10/15/2018 12:29:23 PM
DC Current - Low:2 A Range:Yokogawa WT1600*0,1.9979,10/15/2018 12:29:25 PM
DC Current - Low:2 A Range:Yokogawa WT1600*0,-1.999,10/15/2018 12:29:26 PM
,NaN,
,NaN,
,NaN,
,NaN,
,NaN,
,NaN,
,NaN,
,NaN,
,NaN,
,NaN,
,NaN,
,NaN,
,NaN,
,NaN,
,NaN,
,NaN,
,NaN,
,NaN,
,NaN,
,NaN,
,NaN,
,NaN,
,NaN,
,NaN,
,NaN,
,NaN,
,NaN,
,NaN,
,NaN,
,NaN,
,NaN,
,NaN,
,NaN,
AC Current - Low:1 A Range:Yokogawa WT1600*0,0.999,10/15/2018 12:29:36 PM
AC Current - Low:1 A Range:Yokogawa WT1600*0,0.9993,10/15/2018 12:29:41 PM
AC Current - Low:1 A Range:Yokogawa WT1600*0,1.0007,10/15/2018 12:29:45 PM
AC Current - Low:1 A Range:Yokogawa WT1600*0,0.3002,10/15/2018 12:29:51 PM
AC Current - Low:2 A Range:Yokogawa WT1600*0,1.9985,10/15/2018 12:29:56 PM
AC Current - Low:2 A Range:Yokogawa WT1600*0,1.9985,10/15/2018 12:30:00 PM
AC Current - Low:2 A Range:Yokogawa WT1600*0,2.0014,10/15/2018 12:30:04 PM
AC Current - Low:2 A Range:Yokogawa WT1600*0,0.3,10/15/2018 12:30:10 PM
AC Current - Low:5 A Range:Yokogawa WT1600*0,1.9986,10/15/2018 12:30:15 PM
AC Current - Low:10 A Range:Yokogawa WT1600*0,1.999,10/15/2018 12:30:16 PM
AC Current - Low:20 A Range:Yokogawa WT1600*0,1.999,10/15/2018 12:30:17 PM
AC Current - Low:50 A Range:Yokogawa WT1600*0,1.999,10/15/2018 12:30:18 PM
,NaN,
,NaN,
,NaN,
,NaN,
,NaN,
,NaN,
,NaN,
,NaN,
,NaN,
,NaN,
,NaN,
,NaN,
,NaN,
,NaN,
,NaN,
,NaN,
,NaN,
,NaN,
,NaN,
,NaN,
,NaN,
,NaN,
,NaN,
,NaN,
,NaN,
,NaN,
,NaN,
,NaN,
,NaN,
,NaN,
,NaN,
,NaN,
,NaN,
,NaN,
,NaN,
,NaN,
DC Power - Low:1.5 V / 1 A Range:Yokogawa WT1600*0,1.4976,10/15/2018 12:30:27 PM
DC Power - Low:1.5 V / 1 A Range:Yokogawa WT1600*0,-1.4969,10/15/2018 12:30:30 PM
DC Power - Low:3 V / 1 A Range:Yokogawa WT1600*0,2.9953,10/15/2018 12:30:34 PM
DC Power - Low:3 V / 1 A Range:Yokogawa WT1600*0,-2.9959,10/15/2018 12:30:37 PM
DC Power - Low:6 V / 1 A Range:Yokogawa WT1600*0,5.9899,10/15/2018 12:30:41 PM
DC Power - Low:6 V / 1 A Range:Yokogawa WT1600*0,-5.9919,10/15/2018 12:30:44 PM
DC Power - Low:10 V / 1 A Range:Yokogawa WT1600*0,9.988,10/15/2018 12:30:47 PM
DC Power - Low:10 V / 1 A Range:Yokogawa WT1600*0,-9.992,10/15/2018 12:30:50 PM
DC Power - Low:15 V / 1 A Range:Yokogawa WT1600*0,14.977,10/15/2018 12:30:54 PM
DC Power - Low:15 V / 1 A Range:Yokogawa WT1600*0,-14.975,10/15/2018 12:30:57 PM
DC Power - Low:30 V / 1 A Range:Yokogawa WT1600*0,29.963,10/15/2018 12:31:01 PM
DC Power - Low:30 V / 1 A Range:Yokogawa WT1600*0,-29.963,10/15/2018 12:31:04 PM
DC Power - Low:60 V / 1 A Range:Yokogawa WT1600*0,59.882,10/15/2018 12:31:11 PM
DC Power - Low:60 V / 1 A Range:Yokogawa WT1600*0,-59.906,10/15/2018 12:31:15 PM
DC Power - Low:100 V / X A Range:Yokogawa WT1600*0,99.9,10/15/2018 12:31:20 PM
DC Power - Low:100 V / X A Range:Yokogawa WT1600*0,-99.9,10/15/2018 12:31:24 PM
DC Power - Low:100 V / X A Range:Yokogawa WT1600*0,199.81,10/15/2018 12:31:29 PM
DC Power - Low:100 V / X A Range:Yokogawa WT1600*0,-199.8,10/15/2018 12:31:33 PM
DC Power - Low:150 V / 1 A Range:Yokogawa WT1600*0,149.83,10/15/2018 12:31:37 PM
DC Power - Low:150 V / 1 A Range:Yokogawa WT1600*0,-149.77,10/15/2018 12:31:41 PM
DC Power - Low:300 V / 1 A Range:Yokogawa WT1600*0,299.56,10/15/2018 12:31:46 PM
DC Power - Low:300 V / 1 A Range:Yokogawa WT1600*0,-299.74,10/15/2018 12:31:50 PM
DC Power - Low:1000 V / 1 A Range:Yokogawa WT1600*0,999.3,10/15/2018 12:31:57 PM
DC Power - Low:1000 V / 1 A Range:Yokogawa WT1600*0,-999.4,10/15/2018 12:32:04 PM
,NaN,
,NaN,
,NaN,
,NaN,
,NaN,
,NaN,
,NaN,
,NaN,
,NaN,
,NaN,
,NaN,
,NaN,
,NaN,
,NaN,
,NaN,
,NaN,
,NaN,
,NaN,
,NaN,
,NaN,
,NaN,
,NaN,
,NaN,
,NaN,
,NaN,
,NaN,
,NaN,
,NaN,
,NaN,
,NaN,
,NaN,
,NaN,
,NaN,
,NaN,
,NaN,
,NaN,
,NaN,
,NaN,
,NaN,
,NaN,
,NaN,
,NaN,
,NaN,
,NaN,
,NaN,
,NaN,
,NaN,
,NaN,
,NaN,
,NaN,
,NaN,
,NaN,
,NaN,
AC Power - Low:1.5 V / 1 A Range:Yokogawa WT1600*0,1.4991,10/15/2018 12:32:17 PM
AC Power - Low:1.5 V / 1 A Range:Yokogawa WT1600*0,1.4982,10/15/2018 12:32:22 PM
AC Power - Low:1.5 V / 1 A Range:Yokogawa WT1600*0,1.5001,10/15/2018 12:32:27 PM
AC Power - Low:1.5 V / 1 A Range:Yokogawa WT1600*0,1.5062,10/15/2018 12:32:32 PM
AC Power - Low:3 V / 1 A Range:Yokogawa WT1600*0,2.9968,10/15/2018 12:32:37 PM
AC Power - Low:3 V / 1 A Range:Yokogawa WT1600*0,2.9968,10/15/2018 12:32:42 PM
AC Power - Low:3 V / 1 A Range:Yokogawa WT1600*0,3.0012,10/15/2018 12:32:47 PM
AC Power - Low:3 V / 1 A Range:Yokogawa WT1600*0,3.0122,10/15/2018 12:32:52 PM
AC Power - Low:6 V / 1 A Range:Yokogawa WT1600*0,5.9912,10/15/2018 12:33:00 PM
AC Power - Low:6 V / 1 A Range:Yokogawa WT1600*0,5.9921,10/15/2018 12:33:05 PM
AC Power - Low:6 V / 1 A Range:Yokogawa WT1600*0,5.9999,10/15/2018 12:33:10 PM
AC Power - Low:6 V / 1 A Range:Yokogawa WT1600*0,6.0228,10/15/2018 12:33:15 PM
AC Power - Low:10 V / 1 A Range:Yokogawa WT1600*0,9.993,10/15/2018 12:33:20 PM
AC Power - Low:10 V / 1 A Range:Yokogawa WT1600*0,9.994,10/15/2018 12:33:25 PM
AC Power - Low:10 V / 1 A Range:Yokogawa WT1600*0,10.007,10/15/2018 12:33:30 PM
AC Power - Low:10 V / 1 A Range:Yokogawa WT1600*0,10.045,10/15/2018 12:33:35 PM
AC Power - Low:15 V / 1 A Range:Yokogawa WT1600*0,0.001,10/15/2018 12:33:42 PM
AC Power - Low:15 V / 1 A Range:Yokogawa WT1600*0,14.978,10/15/2018 12:33:47 PM
AC Power - Low:15 V / 1 A Range:Yokogawa WT1600*0,14.979,10/15/2018 12:33:52 PM
AC Power - Low:15 V / 1 A Range:Yokogawa WT1600*0,14.999,10/15/2018 12:33:57 PM
AC Power - Low:15 V / 1 A Range:Yokogawa WT1600*0,15.06,10/15/2018 12:34:02 PM
AC Power - Low:30 V / 1 A Range:Yokogawa WT1600*0,29.972,10/15/2018 12:34:08 PM
AC Power - Low:30 V / 1 A Range:Yokogawa WT1600*0,29.962,10/15/2018 12:34:13 PM
AC Power - Low:30 V / 1 A Range:Yokogawa WT1600*0,30.008,10/15/2018 12:34:18 PM
AC Power - Low:30 V / 1 A Range:Yokogawa WT1600*0,30.121,10/15/2018 12:34:23 PM
AC Power - Low:60 V / 1 A Range:Yokogawa WT1600*0,29.959,10/15/2018 12:34:28 PM
AC Power - Low:60 V / 1 A Range:Yokogawa WT1600*0,59.926,10/15/2018 12:34:39 PM
AC Power - Low:60 V / 1 A Range:Yokogawa WT1600*0,60.004,10/15/2018 12:34:44 PM
AC Power - Low:60 V / 1 A Range:Yokogawa WT1600*0,60.23,10/15/2018 12:34:52 PM
AC Power - Low:100 V / X A Range:Yokogawa WT1600*0,0.01,10/15/2018 12:35:03 PM
AC Power - Low:100 V / X A Range:Yokogawa WT1600*0,29.99,10/15/2018 12:35:12 PM
AC Power - Low:100 V / X A Range:Yokogawa WT1600*0,99.94,10/15/2018 12:35:23 PM
AC Power - Low:100 V / X A Range:Yokogawa WT1600*0,199.85,10/15/2018 12:35:29 PM
AC Power - Low:100 V / X A Range:Yokogawa WT1600*0,100.07,10/15/2018 12:35:35 PM
AC Power - Low:100 V / X A Range:Yokogawa WT1600*0,100.46,10/15/2018 12:35:43 PM
AC Power - Low:150 V / 1 A Range:Yokogawa WT1600*0,29.97,10/15/2018 12:35:52 PM
AC Power - Low:150 V / 1 A Range:Yokogawa WT1600*0,149.85,10/15/2018 12:36:02 PM
AC Power - Low:150 V / 1 A Range:Yokogawa WT1600*0,150.04,10/15/2018 12:36:08 PM
AC Power - Low:150 V / 1 A Range:Yokogawa WT1600*0,150.59,10/15/2018 12:36:16 PM
AC Power - Low:300 V / 1 A Range:Yokogawa WT1600*0,29.97,10/15/2018 12:36:25 PM
AC Power - Low:300 V / 1 A Range:Yokogawa WT1600*0,299.73,10/15/2018 12:36:35 PM
AC Power - Low:300 V / 1 A Range:Yokogawa WT1600*0,300.17,10/15/2018 12:36:41 PM
AC Power - Low:300 V / 1 A Range:Yokogawa WT1600*0,301.26,10/15/2018 12:36:49 PM
AC Power - Low:1000 V / 1 A Range:Yokogawa WT1600*0,30,10/15/2018 12:36:58 PM
AC Power - Low:1000 V / 1 A Range:Yokogawa WT1600*0,999.7,10/15/2018 12:37:08 PM
AC Power - Low:1000 V / 1 A Range:Yokogawa WT1600*0,1001.2,10/15/2018 12:37:14 PM
AC Power - Low:1000 V / 1 A Range:Yokogawa WT1600*0,301.4,10/15/2018 12:37:25 PM
,NaN,
,NaN,
DC Current - High:5 A Range:Yokogawa WT1600*0,4.9958,10/15/2018 12:47:44 PM
DC Current - High:5 A Range:Yokogawa WT1600*0,-4.9969,10/15/2018 12:47:45 PM
DC Current - High:10 A Range:Yokogawa WT1600*0,9.995,10/15/2018 12:47:47 PM
DC Current - High:10 A Range:Yokogawa WT1600*0,-9.995,10/15/2018 12:47:49 PM
DC Current - High:20 A Range:Yokogawa WT1600*0,19.985,10/15/2018 12:47:50 PM
DC Current - High:20 A Range:Yokogawa WT1600*0,-19.995,10/15/2018 12:47:52 PM
DC Current - High:50 A Range:Yokogawa WT1600*0,19.993,10/15/2018 12:47:54 PM
DC Current - High:50 A Range:Yokogawa WT1600*0,-19.985,10/15/2018 12:47:55 PM
,NaN,
,NaN,
,NaN,
AC Current - High:5 A Range:Yokogawa WT1600*0,4.9976,10/15/2018 12:48:06 PM
AC Current - High:5 A Range:Yokogawa WT1600*0,5.0066,10/15/2018 12:48:10 PM
AC Current - High:5 A Range:Yokogawa WT1600*0,4.9828,10/15/2018 12:48:14 PM
AC Current - High:10 A Range:Yokogawa WT1600*0,9.998,10/15/2018 12:48:20 PM
AC Current - High:10 A Range:Yokogawa WT1600*0,10.012,10/15/2018 12:48:24 PM
AC Current - High:10 A Range:Yokogawa WT1600*0,9.957,10/15/2018 12:48:28 PM
AC Current - High:20 A Range:Yokogawa WT1600*0,19.996,10/15/2018 12:48:34 PM
AC Current - High:20 A Range:Yokogawa WT1600*0,20.024,10/15/2018 12:48:38 PM
AC Current - High:20 A Range:Yokogawa WT1600*0,19.936,10/15/2018 12:48:42 PM
AC Current - High:50 A Range:Yokogawa WT1600*0,19.999,10/15/2018 12:48:47 PM
AC Current - High:50 A Range:Yokogawa WT1600*0,20.028,10/15/2018 12:48:51 PM
AC Current - High:50 A Range:Yokogawa WT1600*0,19.94,10/15/2018 12:48:56 PM
,NaN,
,NaN,
DC Power - High:100 V / 5 A Range:Yokogawa WT1600*0,499.53,10/15/2018 12:49:05 PM
DC Power - High:100 V / 5 A Range:Yokogawa WT1600*0,-499.56,10/15/2018 12:49:09 PM
DC Power - High:100 V / 10 A Range:Yokogawa WT1600*0,999.4,10/15/2018 12:49:14 PM
DC Power - High:100 V / 10 A Range:Yokogawa WT1600*0,-999.4,10/15/2018 12:49:18 PM
DC Power - High:100 V / 20 A Range:Yokogawa WT1600*0,1998.5,10/15/2018 12:49:23 PM
DC Power - High:100 V / 20 A Range:Yokogawa WT1600*0,-1998.6,10/15/2018 12:49:27 PM
DC Power - High:100 V / 50 A Range:Yokogawa WT1600*0,2000.2,10/15/2018 12:49:31 PM
DC Power - High:100 V / 50 A Range:Yokogawa WT1600*0,-2000.4,10/15/2018 12:49:35 PM
DC Power - High:1000 V / 50 A Range:Yokogawa WT1600*0,20007,10/15/2018 12:49:40 PM
DC Power - High:1000 V / 50 A Range:Yokogawa WT1600*0,-20011,10/15/2018 12:49:47 PM
,NaN,
AC Power - High:100 V / 5 A Range:Yokogawa WT1600*0,499.78,10/15/2018 12:50:04 PM
AC Power - High:100 V / 10 A Range:Yokogawa WT1600*0,999.7,10/15/2018 12:50:11 PM
AC Power - High:100 V / 20 A Range:Yokogawa WT1600*0,1999.7,10/15/2018 12:50:17 PM
AC Power - High:100 V / 50 A Range:Yokogawa WT1600*0,2000,10/15/2018 12:50:19 PM
AC Power - High:1000 V / 50 A Range:Yokogawa WT1600*0,20005,10/15/2018 12:50:31 PM
DC Power - External:1.5 V / 1 V Range:Yokogawa WT1600*0,149.9,10/15/2018 1:07:06 PM
DC Power - External:1.5 V / 1 V Range:Yokogawa WT1600*0,-149.92,10/15/2018 1:07:09 PM
DC Power - External:3 V / 1 V Range:Yokogawa WT1600*0,299.86,10/15/2018 1:07:14 PM
DC Power - External:3 V / 1 V Range:Yokogawa WT1600*0,-299.85,10/15/2018 1:07:18 PM
DC Power - External:6 V / 1 V Range:Yokogawa WT1600*0,599.59,10/15/2018 1:07:25 PM
DC Power - External:6 V / 1 V Range:Yokogawa WT1600*0,-599.6,10/15/2018 1:07:28 PM
DC Power - External:10 V / 1 V Range:Yokogawa WT1600*0,999.9,10/15/2018 1:07:33 PM
DC Power - External:10 V / 1 V Range:Yokogawa WT1600*0,-1000.2,10/15/2018 1:07:37 PM
DC Power - External:15 V / 1 V Range:Yokogawa WT1600*0,1499.7,10/15/2018 1:07:42 PM
DC Power - External:15 V / 1 V Range:Yokogawa WT1600*0,-1498.7,10/15/2018 1:07:46 PM
DC Power - External:30 V / 1 V Range:Yokogawa WT1600*0,2997.9,10/15/2018 1:07:51 PM
DC Power - External:30 V / 1 V Range:Yokogawa WT1600*0,-2999.8,10/15/2018 1:07:55 PM
DC Power - External:60 V / 1 V Range:Yokogawa WT1600*0,5994.7,10/15/2018 1:08:02 PM
DC Power - External:60 V / 1 V Range:Yokogawa WT1600*0,-5996.5,10/15/2018 1:08:04 PM
DC Power - External:100 V / X V Range:Yokogawa WT1600*0,500,10/15/2018 1:08:09 PM
DC Power - External:100 V / X V Range:Yokogawa WT1600*0,-500,10/15/2018 1:08:12 PM
DC Power - External:100 V / X V Range:Yokogawa WT1600*0,1001,10/15/2018 1:08:16 PM
DC Power - External:100 V / X V Range:Yokogawa WT1600*0,-1000,10/15/2018 1:08:19 PM
DC Power - External:100 V / X V Range:Yokogawa WT1600*0,2501,10/15/2018 1:08:22 PM
DC Power - External:100 V / X V Range:Yokogawa WT1600*0,-2500,10/15/2018 1:08:25 PM
DC Power - External:100 V / X V Range:Yokogawa WT1600*0,5002,10/15/2018 1:08:29 PM
DC Power - External:100 V / X V Range:Yokogawa WT1600*0,-5000,10/15/2018 1:08:32 PM
DC Power - External:100 V / X V Range:Yokogawa WT1600*0,10002,10/15/2018 1:08:35 PM
DC Power - External:100 V / X V Range:Yokogawa WT1600*0,-9998,10/15/2018 1:08:38 PM
DC Power - External:100 V / X V Range:Yokogawa WT1600*0,24994,10/15/2018 1:08:42 PM
DC Power - External:100 V / X V Range:Yokogawa WT1600*0,-24985,10/15/2018 1:08:45 PM
DC Power - External:100 V / X V Range:Yokogawa WT1600*0,49973,10/15/2018 1:08:50 PM
DC Power - External:100 V / X V Range:Yokogawa WT1600*0,-49954,10/15/2018 1:08:53 PM
DC Power - External:100 V / X V Range:Yokogawa WT1600*0,70030,10/15/2018 1:08:57 PM
DC Power - External:100 V / X V Range:Yokogawa WT1600*0,-70010,10/15/2018 1:08:59 PM
DC Power - External:150 V / 1 V Range:Yokogawa WT1600*0,14993,10/15/2018 1:09:05 PM
DC Power - External:150 V / 1 V Range:Yokogawa WT1600*0,-14992,10/15/2018 1:09:09 PM
DC Power - External:300 V / 1 V Range:Yokogawa WT1600*0,29984,10/15/2018 1:09:13 PM
DC Power - External:300 V / 1 V Range:Yokogawa WT1600*0,-30005,10/15/2018 1:09:16 PM
DC Power - External:1000 V / 1 V Range:Yokogawa WT1600*0,100030,10/15/2018 1:09:23 PM
DC Power - External:1000 V / 1 V Range:Yokogawa WT1600*0,-100020,10/15/2018 1:09:29 PM
AC Power - External:30 V / 0.05 V Range:Yokogawa WT1600*0,150.1,10/15/2018 1:09:42 PM
AC Power - External:30 V / 0.05 V Range:Yokogawa WT1600*0,150.2,10/15/2018 1:09:48 PM
AC Power - External:30 V / 0.05 V Range:Yokogawa WT1600*0,149.8,10/15/2018 1:09:53 PM
AC Power - External:30 V / 0.1 V Range:Yokogawa WT1600*0,299.7,10/15/2018 1:10:00 PM
AC Power - External:30 V / 0.1 V Range:Yokogawa WT1600*0,299.8,10/15/2018 1:10:07 PM
AC Power - External:30 V / 0.1 V Range:Yokogawa WT1600*0,299.8,10/15/2018 1:10:14 PM
AC Power - External:30 V / 0.25 V Range:Yokogawa WT1600*0,-0.7,10/15/2018 1:10:21 PM
AC Power - External:30 V / 0.25 V Range:Yokogawa WT1600*0,749.7,10/15/2018 1:10:28 PM
AC Power - External:30 V / 0.25 V Range:Yokogawa WT1600*0,749.8,10/15/2018 1:10:35 PM
AC Power - External:30 V / 0.25 V Range:Yokogawa WT1600*0,749.6,10/15/2018 1:10:42 PM
AC Power - External:30 V / 0.5 V Range:Yokogawa WT1600*0,1499.1,10/15/2018 1:10:50 PM
AC Power - External:30 V / 0.5 V Range:Yokogawa WT1600*0,1499.7,10/15/2018 1:10:57 PM
AC Power - External:30 V / 0.5 V Range:Yokogawa WT1600*0,1499.6,10/15/2018 1:11:04 PM
AC Power - External:30 V / 1 V Range:Yokogawa WT1600*0,-0.3,10/15/2018 1:11:11 PM
AC Power - External:30 V / 1 V Range:Yokogawa WT1600*0,2998.5,10/15/2018 1:11:18 PM
AC Power - External:30 V / 1 V Range:Yokogawa WT1600*0,2999.1,10/15/2018 1:11:25 PM
AC Power - External:30 V / 1 V Range:Yokogawa WT1600*0,2998.9,10/15/2018 1:11:32 PM
AC Power - External:30 V / 1 V Range:Yokogawa WT1600*0,2999.2,10/15/2018 1:11:39 PM
AC Power - External:30 V / 2.5 V Range:Yokogawa WT1600*0,7493,10/15/2018 1:11:47 PM
AC Power - External:30 V / 2.5 V Range:Yokogawa WT1600*0,7494,10/15/2018 1:11:55 PM
AC Power - External:30 V / 2.5 V Range:Yokogawa WT1600*0,7494,10/15/2018 1:12:04 PM
AC Power - External:30 V / 2.5 V Range:Yokogawa WT1600*0,7493,10/15/2018 1:12:13 PM
AC Power - External:30 V / 5 V Range:Yokogawa WT1600*0,14984,10/15/2018 1:12:23 PM
AC Power - External:30 V / 5 V Range:Yokogawa WT1600*0,14985,10/15/2018 1:12:31 PM
AC Power - External:30 V / 5 V Range:Yokogawa WT1600*0,14989,10/15/2018 1:12:40 PM
AC Power - External:30 V / 5 V Range:Yokogawa WT1600*0,14976,10/15/2018 1:12:49 PM
AC Power - External:30 V / 10 V Range:Yokogawa WT1600*0,14994,10/15/2018 1:12:57 PM
AC Power - External:30 V / 10 V Range:Yokogawa WT1600*0,14995,10/15/2018 1:13:06 PM
AC Power - External:30 V / 10 V Range:Yokogawa WT1600*0,14997,10/15/2018 1:13:15 PM
AC Power - External:30 V / 10 V Range:Yokogawa WT1600*0,14991,10/15/2018 1:13:24 PM
DC Current - External:0.05 V Range:Yokogawa WT1600*0,4.99,10/15/2018 2:02:27 PM
DC Current - External:0.05 V Range:Yokogawa WT1600*0,-4.98,10/15/2018 2:02:29 PM
DC Current - External:0.1 V Range:Yokogawa WT1600*0,9.99,10/15/2018 2:02:32 PM
DC Current - External:0.1 V Range:Yokogawa WT1600*0,-9.98,10/15/2018 2:02:34 PM
DC Current - External:0.25 V Range:Yokogawa WT1600*0,24.98,10/15/2018 2:02:37 PM
DC Current - External:0.25 V Range:Yokogawa WT1600*0,-24.97,10/15/2018 2:02:39 PM
DC Current - External:0.5 V Range:Yokogawa WT1600*0,50,10/15/2018 2:02:42 PM
DC Current - External:0.5 V Range:Yokogawa WT1600*0,-49.99,10/15/2018 2:02:44 PM
DC Current - External:1 V Range:Yokogawa WT1600*0,99.99,10/15/2018 2:02:47 PM
DC Current - External:1 V Range:Yokogawa WT1600*0,49.99,10/15/2018 2:02:49 PM
DC Current - External:1 V Range:Yokogawa WT1600*0,9.99,10/15/2018 2:02:52 PM
DC Current - External:1 V Range:Yokogawa WT1600*0,0.99,10/15/2018 2:02:53 PM
DC Current - External:1 V Range:Yokogawa WT1600*0,-0.98,10/15/2018 2:02:56 PM
DC Current - External:1 V Range:Yokogawa WT1600*0,-9.98,10/15/2018 2:02:58 PM
DC Current - External:1 V Range:Yokogawa WT1600*0,-50,10/15/2018 2:03:00 PM
DC Current - External:1 V Range:Yokogawa WT1600*0,-100.02,10/15/2018 2:03:01 PM
DC Current - External:2.5 V Range:Yokogawa WT1600*0,249.86,10/15/2018 2:03:05 PM
DC Current - External:2.5 V Range:Yokogawa WT1600*0,-249.86,10/15/2018 2:03:07 PM
DC Current - External:5 V Range:Yokogawa WT1600*0,499.57,10/15/2018 2:03:10 PM
DC Current - External:5 V Range:Yokogawa WT1600*0,-499.87,10/15/2018 2:03:12 PM
DC Current - External:10 V Range:Yokogawa WT1600*0,1000.1,10/15/2018 2:03:15 PM
DC Current - External:10 V Range:Yokogawa WT1600*0,-1000.2,10/15/2018 2:03:17 PM
AC Current - External:0.05 V Range:Yokogawa WT1600*0,4.62,10/15/2018 2:03:24 PM
AC Current - External:0.05 V Range:Yokogawa WT1600*0,4.61,10/15/2018 2:03:26 PM
AC Current - External:0.05 V Range:Yokogawa WT1600*0,4.62,10/15/2018 2:03:29 PM
AC Current - External:0.05 V Range:Yokogawa WT1600*0,4.62,10/15/2018 2:03:33 PM
AC Current - External:0.05 V Range:Yokogawa WT1600*0,4.63,10/15/2018 2:03:35 PM
AC Current - External:0.05 V Range:Yokogawa WT1600*0,4.43,10/15/2018 2:03:37 PM
AC Current - External:0.1 V Range:Yokogawa WT1600*0,9.81,10/15/2018 2:03:40 PM
AC Current - External:0.1 V Range:Yokogawa WT1600*0,9.81,10/15/2018 2:03:42 PM
AC Current - External:0.1 V Range:Yokogawa WT1600*0,9.81,10/15/2018 2:03:45 PM
AC Current - External:0.1 V Range:Yokogawa WT1600*0,9.81,10/15/2018 2:03:48 PM
AC Current - External:0.1 V Range:Yokogawa WT1600*0,9.84,10/15/2018 2:03:51 PM
AC Current - External:0.1 V Range:Yokogawa WT1600*0,9.45,10/15/2018 2:03:53 PM
AC Current - External:0.25 V Range:Yokogawa WT1600*0,24.92,10/15/2018 2:03:56 PM
AC Current - External:0.25 V Range:Yokogawa WT1600*0,24.91,10/15/2018 2:03:59 PM
AC Current - External:0.25 V Range:Yokogawa WT1600*0,24.91,10/15/2018 2:04:01 PM
AC Current - External:0.25 V Range:Yokogawa WT1600*0,24.92,10/15/2018 2:04:05 PM
AC Current - External:0.25 V Range:Yokogawa WT1600*0,24.99,10/15/2018 2:04:07 PM
AC Current - External:0.25 V Range:Yokogawa WT1600*0,24.02,10/15/2018 2:04:09 PM
AC Current - External:0.5 V Range:Yokogawa WT1600*0,49.97,10/15/2018 2:04:13 PM
AC Current - External:0.5 V Range:Yokogawa WT1600*0,49.97,10/15/2018 2:04:15 PM
AC Current - External:0.5 V Range:Yokogawa WT1600*0,49.97,10/15/2018 2:04:18 PM
AC Current - External:0.5 V Range:Yokogawa WT1600*0,50,10/15/2018 2:04:21 PM
AC Current - External:0.5 V Range:Yokogawa WT1600*0,50.13,10/15/2018 2:04:23 PM
AC Current - External:0.5 V Range:Yokogawa WT1600*0,48.23,10/15/2018 2:04:26 PM
AC Current - External:1 V Range:Yokogawa WT1600*0,99.99,10/15/2018 2:04:29 PM
AC Current - External:1 V Range:Yokogawa WT1600*0,99.98,10/15/2018 2:04:31 PM
AC Current - External:1 V Range:Yokogawa WT1600*0,99.99,10/15/2018 2:04:33 PM
AC Current - External:1 V Range:Yokogawa WT1600*0,100.06,10/15/2018 2:04:37 PM
AC Current - External:1 V Range:Yokogawa WT1600*0,100.4,10/15/2018 2:04:39 PM
AC Current - External:1 V Range:Yokogawa WT1600*0,96.54,10/15/2018 2:04:41 PM
AC Current - External:2.5 V Range:Yokogawa WT1600*0,249.9,10/15/2018 2:04:45 PM
AC Current - External:2.5 V Range:Yokogawa WT1600*0,249.88,10/15/2018 2:04:47 PM
AC Current - External:2.5 V Range:Yokogawa WT1600*0,249.89,10/15/2018 2:04:49 PM
AC Current - External:2.5 V Range:Yokogawa WT1600*0,250.12,10/15/2018 2:04:53 PM
AC Current - External:2.5 V Range:Yokogawa WT1600*0,251.31,10/15/2018 2:04:55 PM
AC Current - External:2.5 V Range:Yokogawa WT1600*0,243.88,10/15/2018 2:04:57 PM
AC Current - External:5 V Range:Yokogawa WT1600*0,499.74,10/15/2018 2:05:01 PM
AC Current - External:5 V Range:Yokogawa WT1600*0,499.74,10/15/2018 2:05:04 PM
AC Current - External:5 V Range:Yokogawa WT1600*0,499.73,10/15/2018 2:05:06 PM
AC Current - External:5 V Range:Yokogawa WT1600*0,500.05,10/15/2018 2:05:09 PM
AC Current - External:5 V Range:Yokogawa WT1600*0,501.48,10/15/2018 2:05:11 PM
AC Current - External:5 V Range:Yokogawa WT1600*0,291.73,10/15/2018 2:05:15 PM
AC Current - External:10 V Range:Yokogawa WT1600*0,1000.2,10/15/2018 2:05:20 PM
AC Current - External:10 V Range:Yokogawa WT1600*0,1000.2,10/15/2018 2:05:22 PM
AC Current - External:10 V Range:Yokogawa WT1600*0,1000.1,10/15/2018 2:05:25 PM
AC Current - External:10 V Range:Yokogawa WT1600*0,1001,10/15/2018 2:05:28 PM
AC Current - External:10 V Range:Yokogawa WT1600*0,1004.3,10/15/2018 2:05:31 PM
AC Current - External:10 V Range:Yokogawa WT1600*0,292.2,10/15/2018 2:05:34 PM
