Continuous Monitor:Continuous Monitor:Fluke 8508*0,0.15391221,10/3/2017 5:21:52 PM
Continuous Monitor:Continuous Monitor:Fluke 8508*0,0.15390349,10/3/2017 5:23:20 PM
Continuous Monitor:Continuous Monitor:Fluke 8508*0,0.15389507,10/3/2017 5:24:48 PM
Continuous Monitor:Continuous Monitor:Fluke 8508*0,0.15388708,10/3/2017 5:26:17 PM
Continuous Monitor:Continuous Monitor:Fluke 8508*0,0.15388215,10/3/2017 5:27:45 PM
Continuous Monitor:Continuous Monitor:Fluke 8508*0,0.15387483,10/3/2017 5:29:13 PM
Continuous Monitor:Continuous Monitor:Fluke 8508*0,0.153868,10/3/2017 5:30:41 PM
Continuous Monitor:Continuous Monitor:Fluke 8508*0,0.15386174,10/3/2017 5:32:10 PM
Continuous Monitor:Continuous Monitor:Fluke 8508*0,0.15385439,10/3/2017 5:33:38 PM
Continuous Monitor:Continuous Monitor:Fluke 8508*0,0.15384809,10/3/2017 5:35:06 PM
Continuous Monitor:Continuous Monitor:Fluke 8508*0,0.1538417,10/3/2017 5:36:35 PM
Continuous Monitor:Continuous Monitor:Fluke 8508*0,0.15383653,10/3/2017 5:38:03 PM
Continuous Monitor:Continuous Monitor:Fluke 8508*0,0.15382982,10/3/2017 5:39:31 PM
Continuous Monitor:Continuous Monitor:Fluke 8508*0,0.15382193,10/3/2017 5:40:59 PM
Continuous Monitor:Continuous Monitor:Fluke 8508*0,0.15381634,10/3/2017 5:42:28 PM
Continuous Monitor:Continuous Monitor:Fluke 8508*0,0.15380969,10/3/2017 5:44:11 PM
Continuous Monitor:Continuous Monitor:Fluke 8508*0,0.1538046,10/3/2017 5:45:39 PM
Continuous Monitor:Continuous Monitor:Fluke 8508*0,0.15379906,10/3/2017 5:47:07 PM
Continuous Monitor:Continuous Monitor:Fluke 8508*0,0.1537939,10/3/2017 5:48:35 PM
Continuous Monitor:Continuous Monitor:Fluke 8508*0,0.15379036,10/3/2017 5:50:04 PM
Continuous Monitor:Continuous Monitor:Fluke 8508*0,0.15378692,10/3/2017 5:51:32 PM
Continuous Monitor:Continuous Monitor:Fluke 8508*0,0.15378443,10/3/2017 5:53:00 PM
Continuous Monitor:Continuous Monitor:Fluke 8508*0,0.15378101,10/3/2017 5:54:28 PM
Continuous Monitor:Continuous Monitor:Fluke 8508*0,0.15377879,10/3/2017 5:55:57 PM
Continuous Monitor:Continuous Monitor:Fluke 8508*0,0.15377745,10/3/2017 5:57:25 PM
Continuous Monitor:Continuous Monitor:Fluke 8508*0,0.1537736,10/3/2017 5:58:53 PM
Continuous Monitor:Continuous Monitor:Fluke 8508*0,0.15377058,10/3/2017 6:00:22 PM
Continuous Monitor:Continuous Monitor:Fluke 8508*0,0.15376733,10/3/2017 6:01:50 PM
Continuous Monitor:Continuous Monitor:Fluke 8508*0,0.15376379,10/3/2017 6:03:18 PM
Continuous Monitor:Continuous Monitor:Fluke 8508*0,0.15376031,10/3/2017 6:04:46 PM
Continuous Monitor:Continuous Monitor:Fluke 8508*0,0.15375485,10/3/2017 6:06:15 PM
Continuous Monitor:Continuous Monitor:Fluke 8508*0,0.15375044,10/3/2017 6:07:43 PM
Continuous Monitor:Continuous Monitor:Fluke 8508*0,0.15374636,10/3/2017 6:09:11 PM
Continuous Monitor:Continuous Monitor:Fluke 8508*0,0.15374251,10/3/2017 6:10:39 PM
Continuous Monitor:Continuous Monitor:Fluke 8508*0,0.15373982,10/3/2017 6:12:08 PM
Continuous Monitor:Continuous Monitor:Fluke 8508*0,0.15373681,10/3/2017 6:13:36 PM
Continuous Monitor:Continuous Monitor:Fluke 8508*0,0.15373337,10/3/2017 6:15:04 PM
Continuous Monitor:Continuous Monitor:Fluke 8508*0,0.15373154,10/3/2017 6:16:32 PM
Continuous Monitor:Continuous Monitor:Fluke 8508*0,0.15373091,10/3/2017 6:18:01 PM
Continuous Monitor:Continuous Monitor:Fluke 8508*0,0.15372996,10/3/2017 6:19:29 PM
Continuous Monitor:Continuous Monitor:Fluke 8508*0,0.15372936,10/3/2017 6:20:57 PM
Continuous Monitor:Continuous Monitor:Fluke 8508*0,0.15372777,10/3/2017 6:22:26 PM
Continuous Monitor:Continuous Monitor:Fluke 8508*0,0.15372659,10/3/2017 6:23:54 PM
Continuous Monitor:Continuous Monitor:Fluke 8508*0,0.15372556,10/3/2017 6:25:22 PM
Continuous Monitor:Continuous Monitor:Fluke 8508*0,0.15372319,10/3/2017 6:26:50 PM
Continuous Monitor:Continuous Monitor:Fluke 8508*0,0.15372121,10/3/2017 6:28:19 PM
Continuous Monitor:Continuous Monitor:Fluke 8508*0,0.15371814,10/3/2017 6:29:47 PM
Continuous Monitor:Continuous Monitor:Fluke 8508*0,0.15371565,10/3/2017 6:31:15 PM
Continuous Monitor:Continuous Monitor:Fluke 8508*0,0.15371248,10/3/2017 6:32:43 PM
Continuous Monitor:Continuous Monitor:Fluke 8508*0,0.15371116,10/3/2017 6:34:12 PM
Continuous Monitor:Continuous Monitor:Fluke 8508*0,0.1537081,10/3/2017 6:35:40 PM
Continuous Monitor:Continuous Monitor:Fluke 8508*0,0.15370548,10/3/2017 6:37:08 PM
Continuous Monitor:Continuous Monitor:Fluke 8508*0,0.15370388,10/3/2017 6:38:36 PM
Continuous Monitor:Continuous Monitor:Fluke 8508*0,0.15370261,10/3/2017 6:40:05 PM
Continuous Monitor:Continuous Monitor:Fluke 8508*0,0.15370215,10/3/2017 6:41:33 PM
Continuous Monitor:Continuous Monitor:Fluke 8508*0,0.15370251,10/3/2017 6:43:01 PM
Continuous Monitor:Continuous Monitor:Fluke 8508*0,0.15370163,10/3/2017 6:44:30 PM
Continuous Monitor:Continuous Monitor:Fluke 8508*0,0.15370222,10/3/2017 6:45:58 PM
Continuous Monitor:Continuous Monitor:Fluke 8508*0,0.15370107,10/3/2017 6:47:26 PM
Continuous Monitor:Continuous Monitor:Fluke 8508*0,0.15369932,10/3/2017 6:48:54 PM
Continuous Monitor:Continuous Monitor:Fluke 8508*0,0.15369776,10/3/2017 6:50:23 PM
Continuous Monitor:Continuous Monitor:Fluke 8508*0,0.15369559,10/3/2017 6:51:51 PM
Continuous Monitor:Continuous Monitor:Fluke 8508*0,0.15369399,10/3/2017 6:53:19 PM
Continuous Monitor:Continuous Monitor:Fluke 8508*0,0.15369108,10/3/2017 6:54:47 PM
Continuous Monitor:Continuous Monitor:Fluke 8508*0,0.15368878,10/3/2017 6:56:16 PM
Continuous Monitor:Continuous Monitor:Fluke 8508*0,0.15368604,10/3/2017 6:57:44 PM
Continuous Monitor:Continuous Monitor:Fluke 8508*0,0.15368338,10/3/2017 6:59:12 PM
Continuous Monitor:Continuous Monitor:Fluke 8508*0,0.15368133,10/3/2017 7:00:40 PM
Continuous Monitor:Continuous Monitor:Fluke 8508*0,0.15368015,10/3/2017 7:02:09 PM
Continuous Monitor:Continuous Monitor:Fluke 8508*0,0.15367834,10/3/2017 7:03:37 PM
Continuous Monitor:Continuous Monitor:Fluke 8508*0,0.15367762,10/3/2017 7:05:05 PM
Continuous Monitor:Continuous Monitor:Fluke 8508*0,0.15367744,10/3/2017 7:06:34 PM
Continuous Monitor:Continuous Monitor:Fluke 8508*0,0.15367677,10/3/2017 7:08:02 PM
Continuous Monitor:Continuous Monitor:Fluke 8508*0,0.15367603,10/3/2017 7:09:30 PM
Continuous Monitor:Continuous Monitor:Fluke 8508*0,0.15367372,10/3/2017 7:10:58 PM
Continuous Monitor:Continuous Monitor:Fluke 8508*0,0.15367222,10/3/2017 7:12:27 PM
Continuous Monitor:Continuous Monitor:Fluke 8508*0,0.15367105,10/3/2017 7:13:55 PM
Continuous Monitor:Continuous Monitor:Fluke 8508*0,0.15366869,10/3/2017 7:15:23 PM
Continuous Monitor:Continuous Monitor:Fluke 8508*0,0.15366692,10/3/2017 7:16:51 PM
Continuous Monitor:Continuous Monitor:Fluke 8508*0,0.15366467,10/3/2017 7:18:20 PM
Continuous Monitor:Continuous Monitor:Fluke 8508*0,0.15366288,10/3/2017 7:19:48 PM
Continuous Monitor:Continuous Monitor:Fluke 8508*0,0.15366032,10/3/2017 7:21:16 PM
Continuous Monitor:Continuous Monitor:Fluke 8508*0,0.15365495,10/3/2017 7:24:15 PM
Continuous Monitor:Continuous Monitor:Fluke 8508*0,0.15365273,10/3/2017 7:25:44 PM
Continuous Monitor:Continuous Monitor:Fluke 8508*0,0.15365235,10/3/2017 7:27:12 PM
Continuous Monitor:Continuous Monitor:Fluke 8508*0,0.1536525,10/3/2017 7:28:40 PM
Continuous Monitor:Continuous Monitor:Fluke 8508*0,0.15365252,10/3/2017 7:30:09 PM
Continuous Monitor:Continuous Monitor:Fluke 8508*0,0.1536524,10/3/2017 7:31:37 PM
Continuous Monitor:Continuous Monitor:Fluke 8508*0,0.15365266,10/3/2017 7:33:05 PM
Continuous Monitor:Continuous Monitor:Fluke 8508*0,0.1536523,10/3/2017 7:34:33 PM
Continuous Monitor:Continuous Monitor:Fluke 8508*0,0.15365114,10/3/2017 7:36:02 PM
Continuous Monitor:Continuous Monitor:Fluke 8508*0,0.15365015,10/3/2017 7:37:30 PM
Continuous Monitor:Continuous Monitor:Fluke 8508*0,0.15364785,10/3/2017 7:38:58 PM
Continuous Monitor:Continuous Monitor:Fluke 8508*0,0.1536462,10/3/2017 7:40:26 PM
Continuous Monitor:Continuous Monitor:Fluke 8508*0,0.1536439,10/3/2017 7:41:55 PM
Continuous Monitor:Continuous Monitor:Fluke 8508*0,0.15364205,10/3/2017 7:43:23 PM
Continuous Monitor:Continuous Monitor:Fluke 8508*0,0.15363878,10/3/2017 7:44:51 PM
Continuous Monitor:Continuous Monitor:Fluke 8508*0,0.15363638,10/3/2017 7:46:20 PM
Continuous Monitor:Continuous Monitor:Fluke 8508*0,0.15363451,10/3/2017 7:47:48 PM
Continuous Monitor:Continuous Monitor:Fluke 8508*0,0.15363221,10/3/2017 7:49:16 PM
Continuous Monitor:Continuous Monitor:Fluke 8508*0,0.15363061,10/3/2017 7:50:44 PM
Continuous Monitor:Continuous Monitor:Fluke 8508*0,0.15363061,10/3/2017 7:52:13 PM
Continuous Monitor:Continuous Monitor:Fluke 8508*0,0.15363,10/3/2017 7:53:41 PM
Continuous Monitor:Continuous Monitor:Fluke 8508*0,0.15363127,10/3/2017 7:55:09 PM
Continuous Monitor:Continuous Monitor:Fluke 8508*0,0.15363078,10/3/2017 7:56:37 PM
Continuous Monitor:Continuous Monitor:Fluke 8508*0,0.15363032,10/3/2017 7:58:06 PM
Continuous Monitor:Continuous Monitor:Fluke 8508*0,0.15362959,10/3/2017 7:59:34 PM
Continuous Monitor:Continuous Monitor:Fluke 8508*0,0.15362889,10/3/2017 8:01:02 PM
Continuous Monitor:Continuous Monitor:Fluke 8508*0,0.15362731,10/3/2017 8:02:30 PM
Continuous Monitor:Continuous Monitor:Fluke 8508*0,0.15362546,10/3/2017 8:03:59 PM
Continuous Monitor:Continuous Monitor:Fluke 8508*0,0.15362275,10/3/2017 8:05:27 PM
Continuous Monitor:Continuous Monitor:Fluke 8508*0,0.15362012,10/3/2017 8:06:55 PM
Continuous Monitor:Continuous Monitor:Fluke 8508*0,0.15361698,10/3/2017 8:08:24 PM
Continuous Monitor:Continuous Monitor:Fluke 8508*0,0.15361454,10/3/2017 8:09:52 PM
Continuous Monitor:Continuous Monitor:Fluke 8508*0,0.15361281,10/3/2017 8:11:20 PM
Continuous Monitor:Continuous Monitor:Fluke 8508*0,0.15361123,10/3/2017 8:12:48 PM
Continuous Monitor:Continuous Monitor:Fluke 8508*0,0.15361071,10/3/2017 8:14:17 PM
Continuous Monitor:Continuous Monitor:Fluke 8508*0,0.15360973,10/3/2017 8:15:45 PM
Continuous Monitor:Continuous Monitor:Fluke 8508*0,0.15360989,10/3/2017 8:17:13 PM
Continuous Monitor:Continuous Monitor:Fluke 8508*0,0.15361011,10/3/2017 8:18:41 PM
Continuous Monitor:Continuous Monitor:Fluke 8508*0,0.15360998,10/3/2017 8:20:10 PM
Continuous Monitor:Continuous Monitor:Fluke 8508*0,0.15360982,10/3/2017 8:21:38 PM
Continuous Monitor:Continuous Monitor:Fluke 8508*0,0.15360888,10/3/2017 8:23:06 PM
Continuous Monitor:Continuous Monitor:Fluke 8508*0,0.15360783,10/3/2017 8:24:35 PM
Continuous Monitor:Continuous Monitor:Fluke 8508*0,0.15360516,10/3/2017 8:26:03 PM
Continuous Monitor:Continuous Monitor:Fluke 8508*0,0.15360356,10/3/2017 8:27:31 PM
Continuous Monitor:Continuous Monitor:Fluke 8508*0,0.15360121,10/3/2017 8:29:00 PM
Continuous Monitor:Continuous Monitor:Fluke 8508*0,0.15359852,10/3/2017 8:30:28 PM
Continuous Monitor:Continuous Monitor:Fluke 8508*0,0.15359659,10/3/2017 8:31:56 PM
Continuous Monitor:Continuous Monitor:Fluke 8508*0,0.15359454,10/3/2017 8:33:24 PM
Continuous Monitor:Continuous Monitor:Fluke 8508*0,0.15359363,10/3/2017 8:34:53 PM
Continuous Monitor:Continuous Monitor:Fluke 8508*0,0.15359215,10/3/2017 8:36:21 PM
Continuous Monitor:Continuous Monitor:Fluke 8508*0,0.1535904,10/3/2017 8:37:49 PM
Continuous Monitor:Continuous Monitor:Fluke 8508*0,0.15358881,10/3/2017 8:39:17 PM
Continuous Monitor:Continuous Monitor:Fluke 8508*0,0.15358745,10/3/2017 8:40:46 PM
Continuous Monitor:Continuous Monitor:Fluke 8508*0,0.15358823,10/3/2017 8:42:14 PM
Continuous Monitor:Continuous Monitor:Fluke 8508*0,0.15358898,10/3/2017 8:43:42 PM
Continuous Monitor:Continuous Monitor:Fluke 8508*0,0.15358878,10/3/2017 8:45:11 PM
Continuous Monitor:Continuous Monitor:Fluke 8508*0,0.15358949,10/3/2017 8:46:39 PM
Continuous Monitor:Continuous Monitor:Fluke 8508*0,0.15358936,10/3/2017 8:48:07 PM
Continuous Monitor:Continuous Monitor:Fluke 8508*0,0.15358846,10/3/2017 8:49:35 PM
Continuous Monitor:Continuous Monitor:Fluke 8508*0,0.15358746,10/3/2017 8:51:04 PM
Continuous Monitor:Continuous Monitor:Fluke 8508*0,0.15358527,10/3/2017 8:52:32 PM
Continuous Monitor:Continuous Monitor:Fluke 8508*0,0.15358476,10/3/2017 8:54:00 PM
Continuous Monitor:Continuous Monitor:Fluke 8508*0,0.15358264,10/3/2017 8:55:28 PM
Continuous Monitor:Continuous Monitor:Fluke 8508*0,0.15358053,10/3/2017 8:56:57 PM
Continuous Monitor:Continuous Monitor:Fluke 8508*0,0.15357897,10/3/2017 8:58:25 PM
Continuous Monitor:Continuous Monitor:Fluke 8508*0,0.15357737,10/3/2017 8:59:53 PM
Continuous Monitor:Continuous Monitor:Fluke 8508*0,0.15357636,10/3/2017 9:01:21 PM
Continuous Monitor:Continuous Monitor:Fluke 8508*0,0.15357443,10/3/2017 9:02:50 PM
Continuous Monitor:Continuous Monitor:Fluke 8508*0,0.15357277,10/3/2017 9:04:18 PM
Continuous Monitor:Continuous Monitor:Fluke 8508*0,0.15357288,10/3/2017 9:05:46 PM
Continuous Monitor:Continuous Monitor:Fluke 8508*0,0.15357318,10/3/2017 9:07:15 PM
Continuous Monitor:Continuous Monitor:Fluke 8508*0,0.1535733,10/3/2017 9:08:43 PM
Continuous Monitor:Continuous Monitor:Fluke 8508*0,0.15357451,10/3/2017 9:10:11 PM
Continuous Monitor:Continuous Monitor:Fluke 8508*0,0.15357443,10/3/2017 9:11:39 PM
Continuous Monitor:Continuous Monitor:Fluke 8508*0,0.15357413,10/3/2017 9:13:08 PM
Continuous Monitor:Continuous Monitor:Fluke 8508*0,0.15357216,10/3/2017 9:14:36 PM
Continuous Monitor:Continuous Monitor:Fluke 8508*0,0.15357179,10/3/2017 9:16:04 PM
Continuous Monitor:Continuous Monitor:Fluke 8508*0,0.15357097,10/3/2017 9:17:32 PM
Continuous Monitor:Continuous Monitor:Fluke 8508*0,0.15356963,10/3/2017 9:19:01 PM
Continuous Monitor:Continuous Monitor:Fluke 8508*0,0.15356808,10/3/2017 9:20:29 PM
Continuous Monitor:Continuous Monitor:Fluke 8508*0,0.15356591,10/3/2017 9:21:57 PM
Continuous Monitor:Continuous Monitor:Fluke 8508*0,0.15356368,10/3/2017 9:23:26 PM
Continuous Monitor:Continuous Monitor:Fluke 8508*0,0.15356208,10/3/2017 9:24:54 PM
Continuous Monitor:Continuous Monitor:Fluke 8508*0,0.15355926,10/3/2017 9:26:22 PM
Continuous Monitor:Continuous Monitor:Fluke 8508*0,0.15355843,10/3/2017 9:27:50 PM
Continuous Monitor:Continuous Monitor:Fluke 8508*0,0.1535568,10/3/2017 9:29:19 PM
Continuous Monitor:Continuous Monitor:Fluke 8508*0,0.15355665,10/3/2017 9:30:47 PM
Continuous Monitor:Continuous Monitor:Fluke 8508*0,0.15355617,10/3/2017 9:32:15 PM
Continuous Monitor:Continuous Monitor:Fluke 8508*0,0.15355593,10/3/2017 9:33:43 PM
Continuous Monitor:Continuous Monitor:Fluke 8508*0,0.15355715,10/3/2017 9:35:12 PM
Continuous Monitor:Continuous Monitor:Fluke 8508*0,0.15355779,10/3/2017 9:36:40 PM
Continuous Monitor:Continuous Monitor:Fluke 8508*0,0.15355793,10/3/2017 9:38:08 PM
Continuous Monitor:Continuous Monitor:Fluke 8508*0,0.15355881,10/3/2017 9:39:36 PM
Continuous Monitor:Continuous Monitor:Fluke 8508*0,0.15355948,10/3/2017 9:41:05 PM
Continuous Monitor:Continuous Monitor:Fluke 8508*0,0.15355889,10/3/2017 9:42:33 PM
Continuous Monitor:Continuous Monitor:Fluke 8508*0,0.15355887,10/3/2017 9:44:03 PM
Continuous Monitor:Continuous Monitor:Fluke 8508*0,0.15355849,10/3/2017 9:45:31 PM
Continuous Monitor:Continuous Monitor:Fluke 8508*0,0.15355749,10/3/2017 9:47:00 PM
Continuous Monitor:Continuous Monitor:Fluke 8508*0,0.15355561,10/3/2017 9:48:28 PM
Continuous Monitor:Continuous Monitor:Fluke 8508*0,0.15355457,10/3/2017 9:49:56 PM
Continuous Monitor:Continuous Monitor:Fluke 8508*0,0.15355186,10/3/2017 9:51:24 PM
Continuous Monitor:Continuous Monitor:Fluke 8508*0,0.15354969,10/3/2017 9:52:53 PM
Continuous Monitor:Continuous Monitor:Fluke 8508*0,0.15354788,10/3/2017 9:54:21 PM
Continuous Monitor:Continuous Monitor:Fluke 8508*0,0.15354672,10/3/2017 9:55:49 PM
Continuous Monitor:Continuous Monitor:Fluke 8508*0,0.15354615,10/3/2017 9:57:17 PM
Continuous Monitor:Continuous Monitor:Fluke 8508*0,0.15354661,10/3/2017 9:58:46 PM
Continuous Monitor:Continuous Monitor:Fluke 8508*0,0.15354661,10/3/2017 10:00:14 PM
Continuous Monitor:Continuous Monitor:Fluke 8508*0,0.15354641,10/3/2017 10:01:42 PM
Continuous Monitor:Continuous Monitor:Fluke 8508*0,0.15354668,10/3/2017 10:03:10 PM
Continuous Monitor:Continuous Monitor:Fluke 8508*0,0.15354771,10/3/2017 10:04:39 PM
Continuous Monitor:Continuous Monitor:Fluke 8508*0,0.15354872,10/3/2017 10:06:08 PM
Continuous Monitor:Continuous Monitor:Fluke 8508*0,0.15354973,10/3/2017 10:07:36 PM
Continuous Monitor:Continuous Monitor:Fluke 8508*0,0.15355079,10/3/2017 10:09:04 PM
Continuous Monitor:Continuous Monitor:Fluke 8508*0,0.15355031,10/3/2017 10:10:32 PM
Continuous Monitor:Continuous Monitor:Fluke 8508*0,0.15354967,10/3/2017 10:12:01 PM
Continuous Monitor:Continuous Monitor:Fluke 8508*0,0.15354812,10/3/2017 10:13:29 PM
Continuous Monitor:Continuous Monitor:Fluke 8508*0,0.15354645,10/3/2017 10:14:57 PM
Continuous Monitor:Continuous Monitor:Fluke 8508*0,0.15354345,10/3/2017 10:16:26 PM
Continuous Monitor:Continuous Monitor:Fluke 8508*0,0.15353945,10/3/2017 10:17:54 PM
Continuous Monitor:Continuous Monitor:Fluke 8508*0,0.15353672,10/3/2017 10:19:22 PM
Continuous Monitor:Continuous Monitor:Fluke 8508*0,0.15353308,10/3/2017 10:20:51 PM
Continuous Monitor:Continuous Monitor:Fluke 8508*0,0.1535318,10/3/2017 10:22:19 PM
Continuous Monitor:Continuous Monitor:Fluke 8508*0,0.15352944,10/3/2017 10:23:47 PM
Continuous Monitor:Continuous Monitor:Fluke 8508*0,0.15352788,10/3/2017 10:25:15 PM
Continuous Monitor:Continuous Monitor:Fluke 8508*0,0.15352808,10/3/2017 10:26:44 PM
Continuous Monitor:Continuous Monitor:Fluke 8508*0,0.15352742,10/3/2017 10:28:12 PM
Continuous Monitor:Continuous Monitor:Fluke 8508*0,0.15352701,10/3/2017 10:29:40 PM
Continuous Monitor:Continuous Monitor:Fluke 8508*0,0.1535273,10/3/2017 10:31:09 PM
Continuous Monitor:Continuous Monitor:Fluke 8508*0,0.15352807,10/3/2017 10:32:37 PM
Continuous Monitor:Continuous Monitor:Fluke 8508*0,0.15352807,10/3/2017 10:34:05 PM
Continuous Monitor:Continuous Monitor:Fluke 8508*0,0.15352924,10/3/2017 10:35:33 PM
Continuous Monitor:Continuous Monitor:Fluke 8508*0,0.15352967,10/3/2017 10:37:02 PM
Continuous Monitor:Continuous Monitor:Fluke 8508*0,0.1535304,10/3/2017 10:38:30 PM
Continuous Monitor:Continuous Monitor:Fluke 8508*0,0.15353142,10/3/2017 10:39:58 PM
Continuous Monitor:Continuous Monitor:Fluke 8508*0,0.15353106,10/3/2017 10:41:26 PM
Continuous Monitor:Continuous Monitor:Fluke 8508*0,0.15353029,10/3/2017 10:42:55 PM
Continuous Monitor:Continuous Monitor:Fluke 8508*0,0.15352929,10/3/2017 10:44:23 PM
Continuous Monitor:Continuous Monitor:Fluke 8508*0,0.15352715,10/3/2017 10:45:51 PM
Continuous Monitor:Continuous Monitor:Fluke 8508*0,0.15352404,10/3/2017 10:47:19 PM
Continuous Monitor:Continuous Monitor:Fluke 8508*0,0.15352102,10/3/2017 10:48:48 PM
Continuous Monitor:Continuous Monitor:Fluke 8508*0,0.15351834,10/3/2017 10:50:16 PM
Continuous Monitor:Continuous Monitor:Fluke 8508*0,0.15351714,10/3/2017 10:51:44 PM
Continuous Monitor:Continuous Monitor:Fluke 8508*0,0.15351497,10/3/2017 10:53:13 PM
Continuous Monitor:Continuous Monitor:Fluke 8508*0,0.15351369,10/3/2017 10:54:41 PM
Continuous Monitor:Continuous Monitor:Fluke 8508*0,0.15351255,10/3/2017 10:56:09 PM
Continuous Monitor:Continuous Monitor:Fluke 8508*0,0.15351275,10/3/2017 10:57:37 PM
Continuous Monitor:Continuous Monitor:Fluke 8508*0,0.15351261,10/3/2017 10:59:06 PM
Continuous Monitor:Continuous Monitor:Fluke 8508*0,0.15351164,10/3/2017 11:00:34 PM
Continuous Monitor:Continuous Monitor:Fluke 8508*0,0.15351188,10/3/2017 11:02:02 PM
Continuous Monitor:Continuous Monitor:Fluke 8508*0,0.15351372,10/3/2017 11:03:30 PM
Continuous Monitor:Continuous Monitor:Fluke 8508*0,0.15351398,10/3/2017 11:04:59 PM
Continuous Monitor:Continuous Monitor:Fluke 8508*0,0.15351475,10/3/2017 11:06:27 PM
Continuous Monitor:Continuous Monitor:Fluke 8508*0,0.15351543,10/3/2017 11:07:55 PM
Continuous Monitor:Continuous Monitor:Fluke 8508*0,0.15351462,10/3/2017 11:09:23 PM
Continuous Monitor:Continuous Monitor:Fluke 8508*0,0.1535136,10/3/2017 11:10:52 PM
Continuous Monitor:Continuous Monitor:Fluke 8508*0,0.15351127,10/3/2017 11:12:20 PM
Continuous Monitor:Continuous Monitor:Fluke 8508*0,0.15350945,10/3/2017 11:13:48 PM
Continuous Monitor:Continuous Monitor:Fluke 8508*0,0.15350676,10/3/2017 11:15:17 PM
Continuous Monitor:Continuous Monitor:Fluke 8508*0,0.15350446,10/3/2017 11:16:45 PM
Continuous Monitor:Continuous Monitor:Fluke 8508*0,0.15350194,10/3/2017 11:18:13 PM
Continuous Monitor:Continuous Monitor:Fluke 8508*0,0.15350083,10/3/2017 11:19:41 PM
Continuous Monitor:Continuous Monitor:Fluke 8508*0,0.15349883,10/3/2017 11:21:10 PM
Continuous Monitor:Continuous Monitor:Fluke 8508*0,0.15349878,10/3/2017 11:22:38 PM
Continuous Monitor:Continuous Monitor:Fluke 8508*0,0.15349773,10/3/2017 11:24:06 PM
Continuous Monitor:Continuous Monitor:Fluke 8508*0,0.15349712,10/3/2017 11:25:34 PM
Continuous Monitor:Continuous Monitor:Fluke 8508*0,0.15349595,10/3/2017 11:27:03 PM
Continuous Monitor:Continuous Monitor:Fluke 8508*0,0.15349583,10/3/2017 11:28:31 PM
Continuous Monitor:Continuous Monitor:Fluke 8508*0,0.15349615,10/3/2017 11:29:59 PM
Continuous Monitor:Continuous Monitor:Fluke 8508*0,0.15349681,10/3/2017 11:31:27 PM
Continuous Monitor:Continuous Monitor:Fluke 8508*0,0.15349834,10/3/2017 11:32:56 PM
Continuous Monitor:Continuous Monitor:Fluke 8508*0,0.15349887,10/3/2017 11:34:24 PM
Continuous Monitor:Continuous Monitor:Fluke 8508*0,0.15350007,10/3/2017 11:35:52 PM
Continuous Monitor:Continuous Monitor:Fluke 8508*0,0.15349912,10/3/2017 11:37:21 PM
Continuous Monitor:Continuous Monitor:Fluke 8508*0,0.15349776,10/3/2017 11:38:49 PM
Continuous Monitor:Continuous Monitor:Fluke 8508*0,0.15349727,10/3/2017 11:40:17 PM
Continuous Monitor:Continuous Monitor:Fluke 8508*0,0.15349551,10/3/2017 11:41:45 PM
Continuous Monitor:Continuous Monitor:Fluke 8508*0,0.15349285,10/3/2017 11:43:14 PM
Continuous Monitor:Continuous Monitor:Fluke 8508*0,0.15349105,10/3/2017 11:44:42 PM
Continuous Monitor:Continuous Monitor:Fluke 8508*0,0.15348916,10/3/2017 11:46:10 PM
Continuous Monitor:Continuous Monitor:Fluke 8508*0,0.15348724,10/3/2017 11:47:38 PM
Continuous Monitor:Continuous Monitor:Fluke 8508*0,0.15348495,10/3/2017 11:49:07 PM
Continuous Monitor:Continuous Monitor:Fluke 8508*0,0.15348436,10/3/2017 11:50:35 PM
Continuous Monitor:Continuous Monitor:Fluke 8508*0,0.15348431,10/3/2017 11:52:03 PM
Continuous Monitor:Continuous Monitor:Fluke 8508*0,0.15348366,10/3/2017 11:53:32 PM
Continuous Monitor:Continuous Monitor:Fluke 8508*0,0.15348325,10/3/2017 11:55:00 PM
Continuous Monitor:Continuous Monitor:Fluke 8508*0,0.15348381,10/3/2017 11:56:28 PM
Continuous Monitor:Continuous Monitor:Fluke 8508*0,0.15348364,10/3/2017 11:57:56 PM
Continuous Monitor:Continuous Monitor:Fluke 8508*0,0.15348408,10/3/2017 11:59:25 PM
Continuous Monitor:Continuous Monitor:Fluke 8508*0,0.15348516,10/4/2017 12:00:53 AM
Continuous Monitor:Continuous Monitor:Fluke 8508*0,0.15348529,10/4/2017 12:02:21 AM
Continuous Monitor:Continuous Monitor:Fluke 8508*0,0.15348662,10/4/2017 12:03:49 AM
Continuous Monitor:Continuous Monitor:Fluke 8508*0,0.15348671,10/4/2017 12:05:18 AM
Continuous Monitor:Continuous Monitor:Fluke 8508*0,0.15348673,10/4/2017 12:06:46 AM
Continuous Monitor:Continuous Monitor:Fluke 8508*0,0.15348582,10/4/2017 12:08:14 AM
Continuous Monitor:Continuous Monitor:Fluke 8508*0,0.15348415,10/4/2017 12:09:43 AM
Continuous Monitor:Continuous Monitor:Fluke 8508*0,0.15348165,10/4/2017 12:11:11 AM
Continuous Monitor:Continuous Monitor:Fluke 8508*0,0.1534798,10/4/2017 12:12:39 AM
Continuous Monitor:Continuous Monitor:Fluke 8508*0,0.15347677,10/4/2017 12:14:07 AM
Continuous Monitor:Continuous Monitor:Fluke 8508*0,0.153476,10/4/2017 12:15:36 AM
Continuous Monitor:Continuous Monitor:Fluke 8508*0,0.15347392,10/4/2017 12:17:04 AM
Continuous Monitor:Continuous Monitor:Fluke 8508*0,0.15347234,10/4/2017 12:18:32 AM
Continuous Monitor:Continuous Monitor:Fluke 8508*0,0.15347277,10/4/2017 12:20:00 AM
Continuous Monitor:Continuous Monitor:Fluke 8508*0,0.15347177,10/4/2017 12:21:29 AM
Continuous Monitor:Continuous Monitor:Fluke 8508*0,0.1534708,10/4/2017 12:22:57 AM
Continuous Monitor:Continuous Monitor:Fluke 8508*0,0.15347046,10/4/2017 12:24:25 AM
Continuous Monitor:Continuous Monitor:Fluke 8508*0,0.15347033,10/4/2017 12:25:54 AM
Continuous Monitor:Continuous Monitor:Fluke 8508*0,0.15347078,10/4/2017 12:27:22 AM
Continuous Monitor:Continuous Monitor:Fluke 8508*0,0.15347121,10/4/2017 12:28:50 AM
Continuous Monitor:Continuous Monitor:Fluke 8508*0,0.15347237,10/4/2017 12:30:19 AM
Continuous Monitor:Continuous Monitor:Fluke 8508*0,0.15347313,10/4/2017 12:31:47 AM
Continuous Monitor:Continuous Monitor:Fluke 8508*0,0.15347523,10/4/2017 12:33:15 AM
Continuous Monitor:Continuous Monitor:Fluke 8508*0,0.15347524,10/4/2017 12:34:43 AM
Continuous Monitor:Continuous Monitor:Fluke 8508*0,0.15347578,10/4/2017 12:36:12 AM
Continuous Monitor:Continuous Monitor:Fluke 8508*0,0.1534754,10/4/2017 12:37:40 AM
Continuous Monitor:Continuous Monitor:Fluke 8508*0,0.15347282,10/4/2017 12:39:08 AM
Continuous Monitor:Continuous Monitor:Fluke 8508*0,0.15347132,10/4/2017 12:40:36 AM
Continuous Monitor:Continuous Monitor:Fluke 8508*0,0.15346877,10/4/2017 12:42:05 AM
Continuous Monitor:Continuous Monitor:Fluke 8508*0,0.15346659,10/4/2017 12:43:33 AM
Continuous Monitor:Continuous Monitor:Fluke 8508*0,0.15346386,10/4/2017 12:45:01 AM
Continuous Monitor:Continuous Monitor:Fluke 8508*0,0.15346095,10/4/2017 12:46:29 AM
Continuous Monitor:Continuous Monitor:Fluke 8508*0,0.15345914,10/4/2017 12:47:58 AM
Continuous Monitor:Continuous Monitor:Fluke 8508*0,0.15345735,10/4/2017 12:49:26 AM
Continuous Monitor:Continuous Monitor:Fluke 8508*0,0.15345559,10/4/2017 12:50:54 AM
Continuous Monitor:Continuous Monitor:Fluke 8508*0,0.15345567,10/4/2017 12:52:23 AM
Continuous Monitor:Continuous Monitor:Fluke 8508*0,0.15345451,10/4/2017 12:53:51 AM
Continuous Monitor:Continuous Monitor:Fluke 8508*0,0.15345359,10/4/2017 12:55:19 AM
Continuous Monitor:Continuous Monitor:Fluke 8508*0,0.15345413,10/4/2017 12:56:47 AM
Continuous Monitor:Continuous Monitor:Fluke 8508*0,0.15345469,10/4/2017 12:58:16 AM
Continuous Monitor:Continuous Monitor:Fluke 8508*0,0.15345594,10/4/2017 12:59:44 AM
Continuous Monitor:Continuous Monitor:Fluke 8508*0,0.15345673,10/4/2017 1:01:12 AM
Continuous Monitor:Continuous Monitor:Fluke 8508*0,0.15345695,10/4/2017 1:02:40 AM
Continuous Monitor:Continuous Monitor:Fluke 8508*0,0.15345835,10/4/2017 1:04:09 AM
Continuous Monitor:Continuous Monitor:Fluke 8508*0,0.15345963,10/4/2017 1:05:37 AM
Continuous Monitor:Continuous Monitor:Fluke 8508*0,0.15346114,10/4/2017 1:07:05 AM
Continuous Monitor:Continuous Monitor:Fluke 8508*0,0.15346156,10/4/2017 1:08:33 AM
Continuous Monitor:Continuous Monitor:Fluke 8508*0,0.15345786,10/4/2017 1:10:02 AM
Continuous Monitor:Continuous Monitor:Fluke 8508*0,0.15345757,10/4/2017 1:11:30 AM
Continuous Monitor:Continuous Monitor:Fluke 8508*0,0.15345596,10/4/2017 1:12:58 AM
Continuous Monitor:Continuous Monitor:Fluke 8508*0,0.1534532,10/4/2017 1:14:27 AM
Continuous Monitor:Continuous Monitor:Fluke 8508*0,0.15345057,10/4/2017 1:15:55 AM
Continuous Monitor:Continuous Monitor:Fluke 8508*0,0.15344831,10/4/2017 1:17:23 AM
Continuous Monitor:Continuous Monitor:Fluke 8508*0,0.15344696,10/4/2017 1:18:51 AM
Continuous Monitor:Continuous Monitor:Fluke 8508*0,0.15344491,10/4/2017 1:20:20 AM
Continuous Monitor:Continuous Monitor:Fluke 8508*0,0.15344245,10/4/2017 1:21:48 AM
Continuous Monitor:Continuous Monitor:Fluke 8508*0,0.15344146,10/4/2017 1:23:16 AM
Continuous Monitor:Continuous Monitor:Fluke 8508*0,0.15344094,10/4/2017 1:24:44 AM
Continuous Monitor:Continuous Monitor:Fluke 8508*0,0.15344169,10/4/2017 1:26:13 AM
Continuous Monitor:Continuous Monitor:Fluke 8508*0,0.15344172,10/4/2017 1:27:41 AM
Continuous Monitor:Continuous Monitor:Fluke 8508*0,0.15344243,10/4/2017 1:29:09 AM
Continuous Monitor:Continuous Monitor:Fluke 8508*0,0.15344304,10/4/2017 1:30:38 AM
Continuous Monitor:Continuous Monitor:Fluke 8508*0,0.1534435,10/4/2017 1:32:06 AM
Continuous Monitor:Continuous Monitor:Fluke 8508*0,0.15344495,10/4/2017 1:33:34 AM
Continuous Monitor:Continuous Monitor:Fluke 8508*0,0.15344543,10/4/2017 1:35:02 AM
Continuous Monitor:Continuous Monitor:Fluke 8508*0,0.15344784,10/4/2017 1:36:31 AM
Continuous Monitor:Continuous Monitor:Fluke 8508*0,0.15344901,10/4/2017 1:37:59 AM
Continuous Monitor:Continuous Monitor:Fluke 8508*0,0.15344911,10/4/2017 1:39:27 AM
Continuous Monitor:Continuous Monitor:Fluke 8508*0,0.15344802,10/4/2017 1:40:55 AM
Continuous Monitor:Continuous Monitor:Fluke 8508*0,0.15344648,10/4/2017 1:42:24 AM
Continuous Monitor:Continuous Monitor:Fluke 8508*0,0.15344458,10/4/2017 1:43:52 AM
Continuous Monitor:Continuous Monitor:Fluke 8508*0,0.15344155,10/4/2017 1:45:20 AM
Continuous Monitor:Continuous Monitor:Fluke 8508*0,0.15343973,10/4/2017 1:46:48 AM
Continuous Monitor:Continuous Monitor:Fluke 8508*0,0.15343781,10/4/2017 1:48:17 AM
Continuous Monitor:Continuous Monitor:Fluke 8508*0,0.15343581,10/4/2017 1:49:45 AM
Continuous Monitor:Continuous Monitor:Fluke 8508*0,0.15343402,10/4/2017 1:51:13 AM
Continuous Monitor:Continuous Monitor:Fluke 8508*0,0.15343193,10/4/2017 1:52:42 AM
Continuous Monitor:Continuous Monitor:Fluke 8508*0,0.15343264,10/4/2017 1:54:10 AM
Continuous Monitor:Continuous Monitor:Fluke 8508*0,0.1534323,10/4/2017 1:55:38 AM
Continuous Monitor:Continuous Monitor:Fluke 8508*0,0.15343233,10/4/2017 1:57:06 AM
Continuous Monitor:Continuous Monitor:Fluke 8508*0,0.15343261,10/4/2017 1:58:35 AM
Continuous Monitor:Continuous Monitor:Fluke 8508*0,0.15343376,10/4/2017 2:00:03 AM
Continuous Monitor:Continuous Monitor:Fluke 8508*0,0.15343351,10/4/2017 2:01:31 AM
Continuous Monitor:Continuous Monitor:Fluke 8508*0,0.15343454,10/4/2017 2:02:59 AM
Continuous Monitor:Continuous Monitor:Fluke 8508*0,0.15343642,10/4/2017 2:04:28 AM
Continuous Monitor:Continuous Monitor:Fluke 8508*0,0.15343727,10/4/2017 2:05:56 AM
Continuous Monitor:Continuous Monitor:Fluke 8508*0,0.15343989,10/4/2017 2:07:24 AM
Continuous Monitor:Continuous Monitor:Fluke 8508*0,0.15344084,10/4/2017 2:08:52 AM
Continuous Monitor:Continuous Monitor:Fluke 8508*0,0.15344183,10/4/2017 2:10:21 AM
Continuous Monitor:Continuous Monitor:Fluke 8508*0,0.15344198,10/4/2017 2:11:49 AM
Continuous Monitor:Continuous Monitor:Fluke 8508*0,0.15344093,10/4/2017 2:13:17 AM
Continuous Monitor:Continuous Monitor:Fluke 8508*0,0.15343975,10/4/2017 2:14:46 AM
Continuous Monitor:Continuous Monitor:Fluke 8508*0,0.15343875,10/4/2017 2:16:14 AM
Continuous Monitor:Continuous Monitor:Fluke 8508*0,0.15343675,10/4/2017 2:17:42 AM
Continuous Monitor:Continuous Monitor:Fluke 8508*0,0.15343327,10/4/2017 2:19:10 AM
Continuous Monitor:Continuous Monitor:Fluke 8508*0,0.15343026,10/4/2017 2:20:39 AM
Continuous Monitor:Continuous Monitor:Fluke 8508*0,0.15342843,10/4/2017 2:22:07 AM
Continuous Monitor:Continuous Monitor:Fluke 8508*0,0.15342637,10/4/2017 2:23:35 AM
Continuous Monitor:Continuous Monitor:Fluke 8508*0,0.15342531,10/4/2017 2:25:03 AM
Continuous Monitor:Continuous Monitor:Fluke 8508*0,0.15342551,10/4/2017 2:26:32 AM
Continuous Monitor:Continuous Monitor:Fluke 8508*0,0.15342636,10/4/2017 2:28:00 AM
Continuous Monitor:Continuous Monitor:Fluke 8508*0,0.15342506,10/4/2017 2:29:28 AM
Continuous Monitor:Continuous Monitor:Fluke 8508*0,0.15342405,10/4/2017 2:30:57 AM
Continuous Monitor:Continuous Monitor:Fluke 8508*0,0.15342456,10/4/2017 2:32:25 AM
Continuous Monitor:Continuous Monitor:Fluke 8508*0,0.1534255,10/4/2017 2:33:53 AM
Continuous Monitor:Continuous Monitor:Fluke 8508*0,0.15342667,10/4/2017 2:35:21 AM
Continuous Monitor:Continuous Monitor:Fluke 8508*0,0.15342639,10/4/2017 2:36:50 AM
Continuous Monitor:Continuous Monitor:Fluke 8508*0,0.15342867,10/4/2017 2:38:18 AM
Continuous Monitor:Continuous Monitor:Fluke 8508*0,0.15342917,10/4/2017 2:39:46 AM
Continuous Monitor:Continuous Monitor:Fluke 8508*0,0.1534293,10/4/2017 2:41:14 AM
Continuous Monitor:Continuous Monitor:Fluke 8508*0,0.15342977,10/4/2017 2:42:43 AM
Continuous Monitor:Continuous Monitor:Fluke 8508*0,0.15342824,10/4/2017 2:44:11 AM
Continuous Monitor:Continuous Monitor:Fluke 8508*0,0.15342721,10/4/2017 2:45:39 AM
Continuous Monitor:Continuous Monitor:Fluke 8508*0,0.15342633,10/4/2017 2:47:07 AM
Continuous Monitor:Continuous Monitor:Fluke 8508*0,0.15342501,10/4/2017 2:48:36 AM
Continuous Monitor:Continuous Monitor:Fluke 8508*0,0.15342264,10/4/2017 2:50:04 AM
Continuous Monitor:Continuous Monitor:Fluke 8508*0,0.15342086,10/4/2017 2:51:32 AM
Continuous Monitor:Continuous Monitor:Fluke 8508*0,0.15341936,10/4/2017 2:53:01 AM
Continuous Monitor:Continuous Monitor:Fluke 8508*0,0.15341762,10/4/2017 2:54:29 AM
Continuous Monitor:Continuous Monitor:Fluke 8508*0,0.15341649,10/4/2017 2:55:57 AM
Continuous Monitor:Continuous Monitor:Fluke 8508*0,0.15341493,10/4/2017 2:57:25 AM
Continuous Monitor:Continuous Monitor:Fluke 8508*0,0.15341424,10/4/2017 2:58:54 AM
Continuous Monitor:Continuous Monitor:Fluke 8508*0,0.1534131,10/4/2017 3:00:22 AM
Continuous Monitor:Continuous Monitor:Fluke 8508*0,0.153414,10/4/2017 3:01:50 AM
Continuous Monitor:Continuous Monitor:Fluke 8508*0,0.15341396,10/4/2017 3:03:18 AM
Continuous Monitor:Continuous Monitor:Fluke 8508*0,0.15341394,10/4/2017 3:04:47 AM
Continuous Monitor:Continuous Monitor:Fluke 8508*0,0.15341483,10/4/2017 3:06:15 AM
Continuous Monitor:Continuous Monitor:Fluke 8508*0,0.15341576,10/4/2017 3:07:43 AM
Continuous Monitor:Continuous Monitor:Fluke 8508*0,0.15341759,10/4/2017 3:09:11 AM
Continuous Monitor:Continuous Monitor:Fluke 8508*0,0.15342014,10/4/2017 3:10:40 AM
Continuous Monitor:Continuous Monitor:Fluke 8508*0,0.15342151,10/4/2017 3:12:08 AM
Continuous Monitor:Continuous Monitor:Fluke 8508*0,0.15342128,10/4/2017 3:13:36 AM
Continuous Monitor:Continuous Monitor:Fluke 8508*0,0.15342051,10/4/2017 3:15:05 AM
Continuous Monitor:Continuous Monitor:Fluke 8508*0,0.15341975,10/4/2017 3:16:33 AM
Continuous Monitor:Continuous Monitor:Fluke 8508*0,0.15341835,10/4/2017 3:18:01 AM
Continuous Monitor:Continuous Monitor:Fluke 8508*0,0.1534174,10/4/2017 3:19:29 AM
Continuous Monitor:Continuous Monitor:Fluke 8508*0,0.15341457,10/4/2017 3:20:58 AM
Continuous Monitor:Continuous Monitor:Fluke 8508*0,0.15341362,10/4/2017 3:22:26 AM
Continuous Monitor:Continuous Monitor:Fluke 8508*0,0.15340924,10/4/2017 3:25:35 AM
Continuous Monitor:Continuous Monitor:Fluke 8508*0,0.15340884,10/4/2017 3:27:03 AM
Continuous Monitor:Continuous Monitor:Fluke 8508*0,0.15340741,10/4/2017 3:28:32 AM
Continuous Monitor:Continuous Monitor:Fluke 8508*0,0.15340733,10/4/2017 3:30:00 AM
Continuous Monitor:Continuous Monitor:Fluke 8508*0,0.15340713,10/4/2017 3:31:28 AM
Continuous Monitor:Continuous Monitor:Fluke 8508*0,0.15340671,10/4/2017 3:32:57 AM
Continuous Monitor:Continuous Monitor:Fluke 8508*0,0.1534077,10/4/2017 3:34:25 AM
Continuous Monitor:Continuous Monitor:Fluke 8508*0,0.15340908,10/4/2017 3:35:53 AM
Continuous Monitor:Continuous Monitor:Fluke 8508*0,0.15340913,10/4/2017 3:37:22 AM
Continuous Monitor:Continuous Monitor:Fluke 8508*0,0.15341111,10/4/2017 3:40:23 AM
Continuous Monitor:Continuous Monitor:Fluke 8508*0,0.15341202,10/4/2017 3:41:51 AM
Continuous Monitor:Continuous Monitor:Fluke 8508*0,0.15341331,10/4/2017 3:43:19 AM
Continuous Monitor:Continuous Monitor:Fluke 8508*0,0.15341282,10/4/2017 3:44:48 AM
Continuous Monitor:Continuous Monitor:Fluke 8508*0,0.15341118,10/4/2017 3:46:16 AM
Continuous Monitor:Continuous Monitor:Fluke 8508*0,0.15340993,10/4/2017 3:47:44 AM
Continuous Monitor:Continuous Monitor:Fluke 8508*0,0.15340789,10/4/2017 3:49:12 AM
Continuous Monitor:Continuous Monitor:Fluke 8508*0,0.1534063,10/4/2017 3:50:41 AM
Continuous Monitor:Continuous Monitor:Fluke 8508*0,0.15340494,10/4/2017 3:52:09 AM
Continuous Monitor:Continuous Monitor:Fluke 8508*0,0.15340204,10/4/2017 3:53:37 AM
Continuous Monitor:Continuous Monitor:Fluke 8508*0,0.15339976,10/4/2017 3:55:06 AM
Continuous Monitor:Continuous Monitor:Fluke 8508*0,0.1533986,10/4/2017 3:56:34 AM
Continuous Monitor:Continuous Monitor:Fluke 8508*0,0.1533969,10/4/2017 3:58:03 AM
Continuous Monitor:Continuous Monitor:Fluke 8508*0,0.15339628,10/4/2017 3:59:31 AM
Continuous Monitor:Continuous Monitor:Fluke 8508*0,0.15339652,10/4/2017 4:00:59 AM
Continuous Monitor:Continuous Monitor:Fluke 8508*0,0.15339676,10/4/2017 4:02:28 AM
Continuous Monitor:Continuous Monitor:Fluke 8508*0,0.1533967,10/4/2017 4:03:56 AM
Continuous Monitor:Continuous Monitor:Fluke 8508*0,0.15339709,10/4/2017 4:05:24 AM
Continuous Monitor:Continuous Monitor:Fluke 8508*0,0.15339803,10/4/2017 4:06:53 AM
Continuous Monitor:Continuous Monitor:Fluke 8508*0,0.15339971,10/4/2017 4:08:21 AM
Continuous Monitor:Continuous Monitor:Fluke 8508*0,0.1534007,10/4/2017 4:09:49 AM
Continuous Monitor:Continuous Monitor:Fluke 8508*0,0.15340224,10/4/2017 4:11:17 AM
Continuous Monitor:Continuous Monitor:Fluke 8508*0,0.15340286,10/4/2017 4:12:46 AM
Continuous Monitor:Continuous Monitor:Fluke 8508*0,0.1534015,10/4/2017 4:14:14 AM
Continuous Monitor:Continuous Monitor:Fluke 8508*0,0.15340004,10/4/2017 4:15:42 AM
Continuous Monitor:Continuous Monitor:Fluke 8508*0,0.15339851,10/4/2017 4:17:10 AM
Continuous Monitor:Continuous Monitor:Fluke 8508*0,0.15339599,10/4/2017 4:18:39 AM
Continuous Monitor:Continuous Monitor:Fluke 8508*0,0.15339361,10/4/2017 4:20:07 AM
Continuous Monitor:Continuous Monitor:Fluke 8508*0,0.15339065,10/4/2017 4:21:35 AM
Continuous Monitor:Continuous Monitor:Fluke 8508*0,0.15338848,10/4/2017 4:23:04 AM
Continuous Monitor:Continuous Monitor:Fluke 8508*0,0.15338592,10/4/2017 4:24:32 AM
Continuous Monitor:Continuous Monitor:Fluke 8508*0,0.15338423,10/4/2017 4:26:00 AM
Continuous Monitor:Continuous Monitor:Fluke 8508*0,0.15338421,10/4/2017 4:27:28 AM
Continuous Monitor:Continuous Monitor:Fluke 8508*0,0.1533841,10/4/2017 4:28:57 AM
Continuous Monitor:Continuous Monitor:Fluke 8508*0,0.15338299,10/4/2017 4:30:25 AM
Continuous Monitor:Continuous Monitor:Fluke 8508*0,0.15338255,10/4/2017 4:31:53 AM
Continuous Monitor:Continuous Monitor:Fluke 8508*0,0.1533828,10/4/2017 4:33:22 AM
Continuous Monitor:Continuous Monitor:Fluke 8508*0,0.15338331,10/4/2017 4:34:50 AM
Continuous Monitor:Continuous Monitor:Fluke 8508*0,0.1533844,10/4/2017 4:36:18 AM
Continuous Monitor:Continuous Monitor:Fluke 8508*0,0.15338656,10/4/2017 4:37:46 AM
Continuous Monitor:Continuous Monitor:Fluke 8508*0,0.15338723,10/4/2017 4:39:15 AM
Continuous Monitor:Continuous Monitor:Fluke 8508*0,0.15338797,10/4/2017 4:40:43 AM
Continuous Monitor:Continuous Monitor:Fluke 8508*0,0.15338844,10/4/2017 4:42:11 AM
Continuous Monitor:Continuous Monitor:Fluke 8508*0,0.15338945,10/4/2017 4:43:39 AM
Continuous Monitor:Continuous Monitor:Fluke 8508*0,0.15338963,10/4/2017 4:45:08 AM
Continuous Monitor:Continuous Monitor:Fluke 8508*0,0.15338851,10/4/2017 4:46:36 AM
Continuous Monitor:Continuous Monitor:Fluke 8508*0,0.1533872,10/4/2017 4:48:04 AM
Continuous Monitor:Continuous Monitor:Fluke 8508*0,0.15338562,10/4/2017 4:49:33 AM
Continuous Monitor:Continuous Monitor:Fluke 8508*0,0.15338329,10/4/2017 4:51:01 AM
Continuous Monitor:Continuous Monitor:Fluke 8508*0,0.15338191,10/4/2017 4:52:29 AM
Continuous Monitor:Continuous Monitor:Fluke 8508*0,0.15338057,10/4/2017 4:53:57 AM
Continuous Monitor:Continuous Monitor:Fluke 8508*0,0.15337906,10/4/2017 4:55:26 AM
Continuous Monitor:Continuous Monitor:Fluke 8508*0,0.15337636,10/4/2017 4:56:54 AM
Continuous Monitor:Continuous Monitor:Fluke 8508*0,0.15337527,10/4/2017 4:58:22 AM
Continuous Monitor:Continuous Monitor:Fluke 8508*0,0.15337458,10/4/2017 4:59:50 AM
Continuous Monitor:Continuous Monitor:Fluke 8508*0,0.15337444,10/4/2017 5:01:19 AM
Continuous Monitor:Continuous Monitor:Fluke 8508*0,0.15337408,10/4/2017 5:02:47 AM
Continuous Monitor:Continuous Monitor:Fluke 8508*0,0.15337328,10/4/2017 5:04:15 AM
Continuous Monitor:Continuous Monitor:Fluke 8508*0,0.1533745,10/4/2017 5:05:43 AM
Continuous Monitor:Continuous Monitor:Fluke 8508*0,0.15337453,10/4/2017 5:07:12 AM
Continuous Monitor:Continuous Monitor:Fluke 8508*0,0.15337656,10/4/2017 5:08:40 AM
Continuous Monitor:Continuous Monitor:Fluke 8508*0,0.15337772,10/4/2017 5:10:08 AM
Continuous Monitor:Continuous Monitor:Fluke 8508*0,0.15337911,10/4/2017 5:11:37 AM
Continuous Monitor:Continuous Monitor:Fluke 8508*0,0.15338098,10/4/2017 5:13:05 AM
Continuous Monitor:Continuous Monitor:Fluke 8508*0,0.15338245,10/4/2017 5:14:33 AM
Continuous Monitor:Continuous Monitor:Fluke 8508*0,0.15338407,10/4/2017 5:16:01 AM
Continuous Monitor:Continuous Monitor:Fluke 8508*0,0.15338337,10/4/2017 5:17:30 AM
Continuous Monitor:Continuous Monitor:Fluke 8508*0,0.1533829,10/4/2017 5:18:58 AM
Continuous Monitor:Continuous Monitor:Fluke 8508*0,0.15338084,10/4/2017 5:20:26 AM
Continuous Monitor:Continuous Monitor:Fluke 8508*0,0.15337938,10/4/2017 5:21:54 AM
Continuous Monitor:Continuous Monitor:Fluke 8508*0,0.153377,10/4/2017 5:23:23 AM
Continuous Monitor:Continuous Monitor:Fluke 8508*0,0.15337537,10/4/2017 5:24:51 AM
Continuous Monitor:Continuous Monitor:Fluke 8508*0,0.15337249,10/4/2017 5:26:19 AM
Continuous Monitor:Continuous Monitor:Fluke 8508*0,0.15337105,10/4/2017 5:27:48 AM
Continuous Monitor:Continuous Monitor:Fluke 8508*0,0.15336987,10/4/2017 5:29:16 AM
Continuous Monitor:Continuous Monitor:Fluke 8508*0,0.15336891,10/4/2017 5:30:44 AM
Continuous Monitor:Continuous Monitor:Fluke 8508*0,0.15336762,10/4/2017 5:32:13 AM
Continuous Monitor:Continuous Monitor:Fluke 8508*0,0.15336714,10/4/2017 5:33:41 AM
Continuous Monitor:Continuous Monitor:Fluke 8508*0,0.15336643,10/4/2017 5:35:09 AM
Continuous Monitor:Continuous Monitor:Fluke 8508*0,0.15336691,10/4/2017 5:36:37 AM
Continuous Monitor:Continuous Monitor:Fluke 8508*0,0.15336825,10/4/2017 5:38:06 AM
Continuous Monitor:Continuous Monitor:Fluke 8508*0,0.15336954,10/4/2017 5:39:34 AM
Continuous Monitor:Continuous Monitor:Fluke 8508*0,0.153371,10/4/2017 5:41:02 AM
Continuous Monitor:Continuous Monitor:Fluke 8508*0,0.15337274,10/4/2017 5:42:30 AM
Continuous Monitor:Continuous Monitor:Fluke 8508*0,0.15337493,10/4/2017 5:43:59 AM
Continuous Monitor:Continuous Monitor:Fluke 8508*0,0.15337599,10/4/2017 5:45:27 AM
Continuous Monitor:Continuous Monitor:Fluke 8508*0,0.15337713,10/4/2017 5:46:55 AM
Continuous Monitor:Continuous Monitor:Fluke 8508*0,0.15337817,10/4/2017 5:48:23 AM
Continuous Monitor:Continuous Monitor:Fluke 8508*0,0.15337931,10/4/2017 5:49:52 AM
Continuous Monitor:Continuous Monitor:Fluke 8508*0,0.15337733,10/4/2017 5:51:20 AM
Continuous Monitor:Continuous Monitor:Fluke 8508*0,0.15337642,10/4/2017 5:52:48 AM
Continuous Monitor:Continuous Monitor:Fluke 8508*0,0.15337576,10/4/2017 5:54:17 AM
Continuous Monitor:Continuous Monitor:Fluke 8508*0,0.15337301,10/4/2017 5:55:45 AM
Continuous Monitor:Continuous Monitor:Fluke 8508*0,0.15337111,10/4/2017 5:57:13 AM
Continuous Monitor:Continuous Monitor:Fluke 8508*0,0.15336979,10/4/2017 5:58:42 AM
Continuous Monitor:Continuous Monitor:Fluke 8508*0,0.15336681,10/4/2017 6:00:10 AM
Continuous Monitor:Continuous Monitor:Fluke 8508*0,0.15336492,10/4/2017 6:01:38 AM
Continuous Monitor:Continuous Monitor:Fluke 8508*0,0.15336394,10/4/2017 6:03:06 AM
Continuous Monitor:Continuous Monitor:Fluke 8508*0,0.1533636,10/4/2017 6:04:35 AM
Continuous Monitor:Continuous Monitor:Fluke 8508*0,0.15336353,10/4/2017 6:06:03 AM
Continuous Monitor:Continuous Monitor:Fluke 8508*0,0.15336196,10/4/2017 6:07:31 AM
Continuous Monitor:Continuous Monitor:Fluke 8508*0,0.15336248,10/4/2017 6:08:59 AM
Continuous Monitor:Continuous Monitor:Fluke 8508*0,0.15336313,10/4/2017 6:10:28 AM
Continuous Monitor:Continuous Monitor:Fluke 8508*0,0.15336445,10/4/2017 6:11:56 AM
Continuous Monitor:Continuous Monitor:Fluke 8508*0,0.15336547,10/4/2017 6:13:24 AM
Continuous Monitor:Continuous Monitor:Fluke 8508*0,0.15336666,10/4/2017 6:14:52 AM
Continuous Monitor:Continuous Monitor:Fluke 8508*0,0.15336818,10/4/2017 6:16:21 AM
Continuous Monitor:Continuous Monitor:Fluke 8508*0,0.15336912,10/4/2017 6:17:49 AM
Continuous Monitor:Continuous Monitor:Fluke 8508*0,0.15336823,10/4/2017 6:19:17 AM
Continuous Monitor:Continuous Monitor:Fluke 8508*0,0.15336833,10/4/2017 6:20:46 AM
Continuous Monitor:Continuous Monitor:Fluke 8508*0,0.15336771,10/4/2017 6:22:14 AM
Continuous Monitor:Continuous Monitor:Fluke 8508*0,0.15336782,10/4/2017 6:23:42 AM
Continuous Monitor:Continuous Monitor:Fluke 8508*0,0.15336625,10/4/2017 6:25:10 AM
Continuous Monitor:Continuous Monitor:Fluke 8508*0,0.15336513,10/4/2017 6:26:39 AM
Continuous Monitor:Continuous Monitor:Fluke 8508*0,0.15336338,10/4/2017 6:28:07 AM
Continuous Monitor:Continuous Monitor:Fluke 8508*0,0.15336033,10/4/2017 6:29:35 AM
Continuous Monitor:Continuous Monitor:Fluke 8508*0,0.15335879,10/4/2017 6:31:04 AM
Continuous Monitor:Continuous Monitor:Fluke 8508*0,0.15335622,10/4/2017 6:32:32 AM
Continuous Monitor:Continuous Monitor:Fluke 8508*0,0.15335274,10/4/2017 6:34:00 AM
Continuous Monitor:Continuous Monitor:Fluke 8508*0,0.15335043,10/4/2017 6:35:28 AM
Continuous Monitor:Continuous Monitor:Fluke 8508*0,0.15334953,10/4/2017 6:36:57 AM
Continuous Monitor:Continuous Monitor:Fluke 8508*0,0.15334817,10/4/2017 6:38:25 AM
Continuous Monitor:Continuous Monitor:Fluke 8508*0,0.1533475,10/4/2017 6:39:53 AM
Continuous Monitor:Continuous Monitor:Fluke 8508*0,0.15334841,10/4/2017 6:41:21 AM
Continuous Monitor:Continuous Monitor:Fluke 8508*0,0.15334912,10/4/2017 6:42:50 AM
Continuous Monitor:Continuous Monitor:Fluke 8508*0,0.15335106,10/4/2017 6:44:18 AM
Continuous Monitor:Continuous Monitor:Fluke 8508*0,0.15335274,10/4/2017 6:45:46 AM
Continuous Monitor:Continuous Monitor:Fluke 8508*0,0.15335555,10/4/2017 6:47:14 AM
Continuous Monitor:Continuous Monitor:Fluke 8508*0,0.15335848,10/4/2017 6:48:43 AM
Continuous Monitor:Continuous Monitor:Fluke 8508*0,0.15336222,10/4/2017 6:50:11 AM
Continuous Monitor:Continuous Monitor:Fluke 8508*0,0.15336427,10/4/2017 6:51:39 AM
Continuous Monitor:Continuous Monitor:Fluke 8508*0,0.15336742,10/4/2017 6:53:08 AM
Continuous Monitor:Continuous Monitor:Fluke 8508*0,0.15336875,10/4/2017 6:54:36 AM
Continuous Monitor:Continuous Monitor:Fluke 8508*0,0.15337164,10/4/2017 6:56:04 AM
Continuous Monitor:Continuous Monitor:Fluke 8508*0,0.15337241,10/4/2017 6:57:32 AM
Continuous Monitor:Continuous Monitor:Fluke 8508*0,0.1533726,10/4/2017 6:59:01 AM
Continuous Monitor:Continuous Monitor:Fluke 8508*0,0.15337193,10/4/2017 7:00:29 AM
Continuous Monitor:Continuous Monitor:Fluke 8508*0,0.15337071,10/4/2017 7:01:57 AM
Continuous Monitor:Continuous Monitor:Fluke 8508*0,0.15336979,10/4/2017 7:03:25 AM
Continuous Monitor:Continuous Monitor:Fluke 8508*0,0.15336876,10/4/2017 7:04:54 AM
Continuous Monitor:Continuous Monitor:Fluke 8508*0,0.15336841,10/4/2017 7:06:22 AM
Continuous Monitor:Continuous Monitor:Fluke 8508*0,0.15336711,10/4/2017 7:07:50 AM
Continuous Monitor:Continuous Monitor:Fluke 8508*0,0.15336583,10/4/2017 7:09:19 AM
Continuous Monitor:Continuous Monitor:Fluke 8508*0,0.15336725,10/4/2017 7:10:47 AM
Continuous Monitor:Continuous Monitor:Fluke 8508*0,0.15336853,10/4/2017 7:12:15 AM
Continuous Monitor:Continuous Monitor:Fluke 8508*0,0.15336934,10/4/2017 7:13:43 AM
Continuous Monitor:Continuous Monitor:Fluke 8508*0,0.1533721,10/4/2017 7:15:12 AM
Continuous Monitor:Continuous Monitor:Fluke 8508*0,0.15337395,10/4/2017 7:16:40 AM
Continuous Monitor:Continuous Monitor:Fluke 8508*0,0.15337523,10/4/2017 7:18:08 AM
Continuous Monitor:Continuous Monitor:Fluke 8508*0,0.15337626,10/4/2017 7:19:36 AM
Continuous Monitor:Continuous Monitor:Fluke 8508*0,0.15337743,10/4/2017 7:21:05 AM
Continuous Monitor:Continuous Monitor:Fluke 8508*0,0.15337819,10/4/2017 7:22:33 AM
Continuous Monitor:Continuous Monitor:Fluke 8508*0,0.15337782,10/4/2017 7:24:01 AM
Continuous Monitor:Continuous Monitor:Fluke 8508*0,0.15337671,10/4/2017 7:25:29 AM
Continuous Monitor:Continuous Monitor:Fluke 8508*0,0.15337517,10/4/2017 7:26:58 AM
Continuous Monitor:Continuous Monitor:Fluke 8508*0,0.15337324,10/4/2017 7:28:26 AM
Continuous Monitor:Continuous Monitor:Fluke 8508*0,0.15337316,10/4/2017 7:29:54 AM
Continuous Monitor:Continuous Monitor:Fluke 8508*0,0.15337287,10/4/2017 7:31:23 AM
Continuous Monitor:Continuous Monitor:Fluke 8508*0,0.15337328,10/4/2017 7:32:51 AM
Continuous Monitor:Continuous Monitor:Fluke 8508*0,0.15337366,10/4/2017 7:34:19 AM
Continuous Monitor:Continuous Monitor:Fluke 8508*0,0.15337557,10/4/2017 7:35:47 AM
Continuous Monitor:Continuous Monitor:Fluke 8508*0,0.15337859,10/4/2017 7:37:16 AM
Continuous Monitor:Continuous Monitor:Fluke 8508*0,0.15338026,10/4/2017 7:38:44 AM
Continuous Monitor:Continuous Monitor:Fluke 8508*0,0.15338268,10/4/2017 7:40:12 AM
Continuous Monitor:Continuous Monitor:Fluke 8508*0,0.15338378,10/4/2017 7:41:40 AM
Continuous Monitor:Continuous Monitor:Fluke 8508*0,0.15338451,10/4/2017 7:43:09 AM
Continuous Monitor:Continuous Monitor:Fluke 8508*0,0.15338543,10/4/2017 7:44:37 AM
