Element 1: DC Volts:15 V Range: 14 V:Yokogawa WT3000E*0,13.9993,1/17/2018 14:27
Element 1: DC Volts:15 V Range: -14 V:Yokogawa WT3000E*0,-14.0004,1/17/2018 14:27
Element 1: DC Volts:100 V Range: 100 V:Yokogawa WT3000E*0,100.01,1/17/2018 14:28
Element 1: DC Volts:100 V Range: -100 V:Yokogawa WT3000E*0,-99.995,1/17/2018 14:28
Element 1: DC Volts:100 V Range: 50 V:Yokogawa WT3000E*0,50.006,1/17/2018 14:28
Element 1: DC Volts:100 V Range: -50 V:Yokogawa WT3000E*0,-49.992,1/17/2018 14:28
Element 1: DC Volts:100 V Range: 10 V:Yokogawa WT3000E*0,10.004,1/17/2018 14:28
Element 1: DC Volts:100 V Range: -10 V:Yokogawa WT3000E*0,-9.991,1/17/2018 14:28
Element 1: DC Volts:100 V Range: 1 V:Yokogawa WT3000E*0,1.001,1/17/2018 14:28
Element 1: DC Volts:100 V Range: -1 V:Yokogawa WT3000E*0,-0.989,1/17/2018 14:28
Element 1: DC Volts:150 V Range: 135 V:Yokogawa WT3000E*0,134.997,1/17/2018 14:28
Element 1: DC Volts:150 V Range: -135 V:Yokogawa WT3000E*0,-135.014,1/17/2018 14:29
Element 1: DC Volts:1000 V Range: 0.9 kV:Yokogawa WT3000E*0,0.90011,1/17/2018 14:29
Element 1: DC Volts:1000 V Range: -0.9 kV:Yokogawa WT3000E*0,-0.89998,1/17/2018 14:29
Element 1: AC Volts:15 V Range: 14 V @ 60 Hz:Yokogawa WT3000E*0,14.0007,1/17/2018 14:29
Element 1: AC Volts:15 V Range: 14 V @ 1 kHz:Yokogawa WT3000E*0,14.0004,1/17/2018 14:29
Element 1: AC Volts:15 V Range: 14 V @ 100 kHz:Yokogawa WT3000E*0,14.003,1/17/2018 14:29
Element 1: AC Volts:15 V Range: 3 V @ 500 kHz:Yokogawa WT3000E*0,2.9843,1/17/2018 14:29
Element 1: AC Volts:30 V Range: 27 V @ 60 Hz:Yokogawa WT3000E*0,27.0014,1/17/2018 14:29
Element 1: AC Volts:30 V Range: 27 V @ 1 kHz:Yokogawa WT3000E*0,27.0008,1/17/2018 14:30
Element 1: AC Volts:60 V Range: 54 V @ 60 Hz:Yokogawa WT3000E*0,54.0045,1/17/2018 14:30
Element 1: AC Volts:60 V Range: 54 V @ 1 kHz:Yokogawa WT3000E*0,54.0033,1/17/2018 14:30
Element 1: AC Volts:100 V Range: 30 V @ 10 Hz:Yokogawa WT3000E*0,29.998,1/17/2018 14:30
Element 1: AC Volts:100 V Range: 100 V @ 60 Hz:Yokogawa WT3000E*0,100.008,1/17/2018 14:30
Element 1: AC Volts:100 V Range: 50 V @ 60 Hz:Yokogawa WT3000E*0,50.006,1/17/2018 14:30
Element 1: AC Volts:100 V Range: 10 V @ 60 Hz:Yokogawa WT3000E*0,10,1/17/2018 14:30
Element 1: AC Volts:100 V Range: 1 V @ 60 Hz:Yokogawa WT3000E*0,0.996,1/17/2018 14:30
Element 1: AC Volts:100 V Range: 90 V @ 1 kHz:Yokogawa WT3000E*0,90.003,1/17/2018 14:31
Element 1: AC Volts:100 V Range: 90 V @ 10 kHz:Yokogawa WT3000E*0,89.931,1/17/2018 14:31
Element 1: AC Volts:100 V Range: 90 V @ 50 kHz:Yokogawa WT3000E*0,89.873,1/17/2018 14:31
Element 1: AC Volts:100 V Range: 90 V @ 100 kHz:Yokogawa WT3000E*0,90.099,1/17/2018 14:31
Element 1: AC Volts:100 V Range: 3 V @ 500 kHz:Yokogawa WT3000E*0,2.988,1/17/2018 14:31
Element 1: AC Volts:150 V Range: 30 V @ 10 Hz:Yokogawa WT3000E*0,29.997,1/17/2018 14:31
Element 1: AC Volts:150 V Range: 135 V @ 60 Hz:Yokogawa WT3000E*0,135.007,1/17/2018 14:32
Element 1: AC Volts:150 V Range: 135 V @ 1 kHz:Yokogawa WT3000E*0,135.004,1/17/2018 14:32
Element 1: AC Volts:150 V Range: 135 V @ 10 kHz:Yokogawa WT3000E*0,134.921,1/17/2018 14:32
Element 1: AC Volts:150 V Range: 135 V @ 50 kHz:Yokogawa WT3000E*0,134.815,1/17/2018 14:32
Element 1: AC Volts:150 V Range: 135 V @ 100 kHz:Yokogawa WT3000E*0,135.065,1/17/2018 14:32
Element 1: AC Volts:150 V Range: 3 V @ 500 kHz:Yokogawa WT3000E*0,2.981,1/17/2018 14:32
Element 1: AC Volts:300 V Range: 270 V @ 60 Hz:Yokogawa WT3000E*0,270.009,1/17/2018 14:32
Element 1: AC Volts:300 V Range: 270 V @ 1 kHz:Yokogawa WT3000E*0,270.006,1/17/2018 14:32
Element 1: AC Volts:600 V Range: 540 V @ 60 Hz:Yokogawa WT3000E*0,540.039,1/17/2018 14:33
Element 1: AC Volts:600 V Range: 540 V @ 1 kHz:Yokogawa WT3000E*0,540.044,1/17/2018 14:33
Element 1: AC Volts:1000 V Range: 0.9 kV @ 60 Hz:Yokogawa WT3000E*0,0.90004,1/17/2018 14:33
Element 1: AC Volts:1000 V Range: 0.9 kV @ 1 kHz:Yokogawa WT3000E*0,0.90008,1/17/2018 14:33
Element 1: DC Current:5 A Range: 5 A:Yokogawa WT3000E*0,5.00087,1/17/2018 14:33
Element 1: DC Current:5 A Range: -5 A:Yokogawa WT3000E*0,-5.00157,1/17/2018 14:33
Element 1: DC Current:5 A Range: 2.5 A:Yokogawa WT3000E*0,2.50008,1/17/2018 14:34
Element 1: DC Current:5 A Range: -2.5 A:Yokogawa WT3000E*0,-2.50036,1/17/2018 14:34
Element 1: DC Current:5 A Range: 0.5 A:Yokogawa WT3000E*0,0.49968,1/17/2018 14:34
Element 1: DC Current:5 A Range: -0.5 A:Yokogawa WT3000E*0,-0.50019,1/17/2018 14:34
Element 1: DC Current:5 A Range: 0.05 A:Yokogawa WT3000E*0,0.04964,1/17/2018 14:34
Element 1: DC Current:5 A Range: -0.05 A:Yokogawa WT3000E*0,-0.04994,1/17/2018 14:34
Element 1: DC Current:20 A Range: 18 A:Yokogawa WT3000E*0,17.9991,1/17/2018 14:35
Element 1: DC Current:20 A Range: -18 A:Yokogawa WT3000E*0,-18.002,1/17/2018 14:35
Element 1: AC Current:500 mA Range: 450 mA @ 60 Hz:Yokogawa WT3000E*0,0.45008,1/17/2018 14:35
Element 1: AC Current:500 mA Range: 450 mA @ 1 kHz:Yokogawa WT3000E*0,0.450213,1/17/2018 14:35
Element 1: AC Current:500 mA Range: 450 mA @ 10 kHz:Yokogawa WT3000E*0,0.452256,1/17/2018 14:35
Element 1: AC Current:1 A Range: 0.9 A @ 60 Hz:Yokogawa WT3000E*0,0.90022,1/17/2018 14:36
Element 1: AC Current:1 A Range: 0.9 A @ 1 kHz:Yokogawa WT3000E*0,0.90044,1/17/2018 14:36
Element 1: AC Current:1 A Range: 0.9 A @ 10 kHz:Yokogawa WT3000E*0,0.90378,1/17/2018 14:36
Element 1: AC Current:2 A Range: 1.8 A @ 60 Hz:Yokogawa WT3000E*0,1.80042,1/17/2018 14:36
Element 1: AC Current:2 A Range: 1.8 A @ 1 kHz:Yokogawa WT3000E*0,1.80076,1/17/2018 14:36
Element 1: AC Current:2 A Range: 1 A @ 10 kHz:Yokogawa WT3000E*0,1.00404,1/17/2018 14:36
Element 1: AC Current:5 A Range: 2 A @ 10 Hz:Yokogawa WT3000E*0,2.00004,1/17/2018 14:36
Element 1: AC Current:5 A Range: 5 A @ 60 Hz:Yokogawa WT3000E*0,5.00123,1/17/2018 14:37
Element 1: AC Current:5 A Range: 2.5 A @ 60 Hz:Yokogawa WT3000E*0,2.50328,1/17/2018 14:37
Element 1: AC Current:5 A Range: 0.5 A @ 60 Hz:Yokogawa WT3000E*0,0.50011,1/17/2018 14:37
Element 1: AC Current:5 A Range: 0.05 A @ 60 Hz:Yokogawa WT3000E*0,0.04986,1/17/2018 14:37
Element 1: AC Current:5 A Range: 4.5 A @ 1 kHz:Yokogawa WT3000E*0,4.50128,1/17/2018 14:38
Element 1: AC Current:5 A Range: 2 A @ 10 kHz:Yokogawa WT3000E*0,2.00361,1/17/2018 14:38
Element 1: AC Current:5 A Range: 0.3 A @ 30 kHz:Yokogawa WT3000E*0,0.30006,1/17/2018 14:38
Element 1: AC Current:10 A Range: 2 A @ 10 Hz:Yokogawa WT3000E*0,1.9999,1/17/2018 14:38
Element 1: AC Current:10 A Range: 9 A @ 60 Hz:Yokogawa WT3000E*0,9.0016,1/17/2018 14:39
Element 1: AC Current:10 A Range: 9 A @ 1 kHz:Yokogawa WT3000E*0,9.0023,1/17/2018 14:39
Element 1: AC Current:10 A Range: 2 A @ 10 kHz:Yokogawa WT3000E*0,2.0036,1/17/2018 14:39
Element 1: AC Current:10 A Range: 0.3 A @ 30 kHz:Yokogawa WT3000E*0,0.2998,1/17/2018 14:39
Element 1: AC Current:20 A Range: 18 A @ 60 Hz:Yokogawa WT3000E*0,18.001,1/17/2018 14:40
Element 1: AC Current:20 A Range: 18 A @ 1 kHz:Yokogawa WT3000E*0,18.0033,1/17/2018 14:40
Element 1: AC Current:20 A Range: 2 A @ 10 kHz:Yokogawa WT3000E*0,2.0035,1/17/2018 14:40
Element 1: AC Current:20 A Range: 0.3 A @ 30 kHz:Yokogawa WT3000E*0,0.2998,1/17/2018 14:40
Element 1: AC Current:30 A Range: 20 A @ 60 Hz:Yokogawa WT3000E*0,20.0016,1/17/2018 14:41
Element 1: AC Current:30 A Range: 20 A @ 1 kHz:Yokogawa WT3000E*0,0,1/17/2018 14:41
Element 1: Ext. Sensor Current:50 mV Range: 4.5 A @ 60 Hz:Yokogawa WT3000E*0,4.50048,1/17/2018 14:41
Element 1: Ext. Sensor Current:50 mV Range: 4.5 A @ 1 kHz:Yokogawa WT3000E*0,4.50078,1/17/2018 14:42
Element 1: Ext. Sensor Current:50 mV Range: 4.5 A @ 100 kHz:Yokogawa WT3000E*0,4.49819,1/17/2018 14:42
Element 1: Ext. Sensor Current:100 mV Range: 9 A @ 60 Hz:Yokogawa WT3000E*0,9.0005,1/17/2018 14:42
Element 1: Ext. Sensor Current:100 mV Range: 9 A @ 1 kHz:Yokogawa WT3000E*0,9.0026,1/17/2018 14:42
Element 1: Ext. Sensor Current:200 mV Range: 18 A @ 60 Hz:Yokogawa WT3000E*0,18.001,1/17/2018 14:42
Element 1: Ext. Sensor Current:200 mV Range: 18 A @ 1 kHz:Yokogawa WT3000E*0,18.0053,1/17/2018 14:42
Element 1: Ext. Sensor Current:200 mV Range: 18 A @ 100 kHz:Yokogawa WT3000E*0,18.0001,1/17/2018 14:42
Element 1: Ext. Sensor Current:200 mV Range: 18 A @ 500 kHz:Yokogawa WT3000E*0,17.7098,1/17/2018 14:42
Element 1: Ext. Sensor Current:1 V Range: 90 A:Yokogawa WT3000E*0,90.011,1/17/2018 14:42
Element 1: Ext. Sensor Current:1 V Range: -90 A:Yokogawa WT3000E*0,-90.001,1/17/2018 14:42
Element 1: Ext. Sensor Current:1 V Range: 90 A @ 10 Hz:Yokogawa WT3000E*0,90.001,1/17/2018 14:43
Element 1: Ext. Sensor Current:1 V Range: 90 A @ 60 Hz:Yokogawa WT3000E*0,90.011,1/17/2018 14:43
Element 1: Ext. Sensor Current:1 V Range: 90 A @ 1 kHz:Yokogawa WT3000E*0,90.016,1/17/2018 14:43
Element 1: Ext. Sensor Current:1 V Range: 90 A @ 10 kHz:Yokogawa WT3000E*0,90.033,1/17/2018 14:43
Element 1: Ext. Sensor Current:1 V Range: 90 A @ 50 kHz:Yokogawa WT3000E*0,90.046,1/17/2018 14:43
Element 1: Ext. Sensor Current:1 V Range: 90 A @ 100 kHz:Yokogawa WT3000E*0,90.024,1/17/2018 14:43
Element 1: Ext. Sensor Current:1 V Range: 90 A @ 500 kHz:Yokogawa WT3000E*0,89.24,1/17/2018 14:43
Element 1: Ext. Sensor Current:2 V Range: 180 A @ 500 kHz:Yokogawa WT3000E*0,178.311,1/17/2018 14:43
Element 1: Ext. Sensor Current:5 V Range: 300 A @ 500 kHz:Yokogawa WT3000E*0,297.141,1/17/2018 14:43
Element 1: Ext. Sensor Current:10 V Range: 0.9 kA @ 60 Hz:Yokogawa WT3000E*0,0.90011,1/17/2018 14:44
Element 1: Power DC:15 V / 5 A Range: 75 W:Yokogawa WT3000E*0,75.016,1/17/2018 14:44
Element 1: Power DC:15 V / 5 A Range: -75 W:Yokogawa WT3000E*0,-75.018,1/17/2018 14:44
Element 1: Power DC:100 V / 5 A Range: 500 W:Yokogawa WT3000E*0,500.157,1/17/2018 14:44
Element 1: Power DC:100 V / 5 A Range: -500 W:Yokogawa WT3000E*0,-500.073,1/17/2018 14:44
Element 1: Power DC:100 V / 5 A Range: 250 W:Yokogawa WT3000E*0,250.082,1/17/2018 14:44
Element 1: Power DC:100 V / 5 A Range: -250 W:Yokogawa WT3000E*0,-250.01,1/17/2018 14:45
Element 1: Power DC:100 V / 5 A Range: 50 W:Yokogawa WT3000E*0,50.031,1/17/2018 14:45
Element 1: Power DC:100 V / 5 A Range: -50 W:Yokogawa WT3000E*0,-49.967,1/17/2018 14:45
Element 1: Power DC:100 V / 5 A Range: 5 W:Yokogawa WT3000E*0,5.006,1/17/2018 14:45
Element 1: Power DC:100 V / 5 A Range: -5 W:Yokogawa WT3000E*0,-4.945,1/17/2018 14:45
Element 1: Power DC:150 V / 5 A Range: 0.75 kW:Yokogawa WT3000E*0,0.75013,1/17/2018 14:45
Element 1: Power DC:150 V / 5 A Range: -0.75 kW:Yokogawa WT3000E*0,-0.7502,1/17/2018 14:45
Element 1: Power DC:1000 V / 5 A Range: 5 kW:Yokogawa WT3000E*0,5.00155,1/17/2018 14:45
Element 1: Power DC:1000 V / 5 A Range: -5 kW:Yokogawa WT3000E*0,-5.00073,1/17/2018 14:46
Element 1: Power DC:100 V / 20 A Range: 2 kW:Yokogawa WT3000E*0,2.00029,1/17/2018 14:46
Element 1: Power DC:100 V / 20 A Range: -2 kW:Yokogawa WT3000E*0,-2.00017,1/17/2018 14:46
Element 1: Power AC:15 V / 5 A Range: 0 W @ 60 Hz:Yokogawa WT3000E*0,0.079,1/17/2018 14:46
Element 1: Power AC:15 V / 5 A Range: 75 W @ 60 Hz:Yokogawa WT3000E*0,75.024,1/17/2018 14:46
Element 1: Power AC:15 V / 5 A Range: 75 W @ 1 kHz:Yokogawa WT3000E*0,75.027,1/17/2018 14:47
Element 1: Power AC:15 V / 5 A Range: 30 W @ 5 kHz:Yokogawa WT3000E*0,30.001,1/17/2018 14:47
Element 1: Power AC:30 V / 5 A Range: 150 W @ 60 Hz:Yokogawa WT3000E*0,150.041,1/17/2018 14:47
Element 1: Power AC:30 V / 5 A Range: 150 W @ 1 kHz:Yokogawa WT3000E*0,150.05,1/17/2018 14:48
Element 1: Power AC:60 V / 5 A Range: 300 W @ 60 Hz:Yokogawa WT3000E*0,300.106,1/17/2018 14:48
Element 1: Power AC:60 V / 5 A Range: 300 W @ 1 kHz:Yokogawa WT3000E*0,300.114,1/17/2018 14:48
Element 1: Power AC:100 V / 5 A Range: 500 W @ 10 Hz:Yokogawa WT3000E*0,300.112,1/17/2018 14:48
Element 1: Power AC:100 V / 5 A Range: 500 W @ 60 Hz:Yokogawa WT3000E*0,500.153,1/17/2018 14:48
Element 1: Power AC:100 V / 5 A Range: 250 W @ 60 Hz:Yokogawa WT3000E*0,250.087,1/17/2018 14:48
Element 1: Power AC:100 V / 5 A Range: 50 W @ 60 Hz:Yokogawa WT3000E*0,50.013,1/17/2018 14:49
Element 1: Power AC:100 V / 5 A Range: 5 W @ 60 Hz:Yokogawa WT3000E*0,4.981,1/17/2018 14:49
Element 1: Power AC:100 V / 5 A Range: 0 W @ 60 Hz:Yokogawa WT3000E*0,-0.026,1/17/2018 14:49
Element 1: Power AC:100 V / 5 A Range: 500 W @ 1 kHz:Yokogawa WT3000E*0,500.169,1/17/2018 14:49
Element 1: Power AC:100 V / 5 A Range: 200 W @ 5 kHz:Yokogawa WT3000E*0,200.008,1/17/2018 14:53
Element 1: Power AC:150 V / 5 A Range: 0.75 kW @ 10 Hz:Yokogawa WT3000E*0,0,1/17/2018 14:53
Element 1: Power AC:150 V / 5 A Range: 0.75 kW @ 60 Hz:Yokogawa WT3000E*0,0.75018,1/17/2018 14:54
Element 1: Power AC:150 V / 5 A Range: 0.75 kW @ 1 kHz:Yokogawa WT3000E*0,0.75022,1/17/2018 14:54
Element 1: Power AC:150 V / 5 A Range: 0.3 kW @ 5 kHz:Yokogawa WT3000E*0,300.03,1/17/2018 14:54
Element 1: Power AC:150 V / 5 A Range: 0 kW @ 60 Hz:Yokogawa WT3000E*0,0.34,1/17/2018 14:55
Element 1: Power AC:300 V / 5 A Range: 1.5 kW @ 60 Hz:Yokogawa WT3000E*0,1.50038,1/17/2018 14:56
Element 1: Power AC:300 V / 5 A Range: 1.5 kW @ 1 kHz:Yokogawa WT3000E*0,1.50041,1/17/2018 14:56
Element 1: Power AC:600 V / 5 A Range: 3 kW @ 60 Hz:Yokogawa WT3000E*0,3.00087,1/17/2018 14:56
Element 1: Power AC:600 V / 5 A Range: 3 kW @ 1 kHz:Yokogawa WT3000E*0,3.00104,1/17/2018 14:56
Element 1: Power AC:1000 V / 5 A Range: 5 kW @ 60 Hz:Yokogawa WT3000E*0,5.00137,1/17/2018 14:56
Element 1: Power AC:1000 V / 5 A Range: 5 kW @ 1 kHz:Yokogawa WT3000E*0,5.0017,1/17/2018 14:56
Element 1: Power AC:100 V / 500 mA Range: 50 W @ 60 Hz:Yokogawa WT3000E*0,50.0168,1/17/2018 14:57
Element 1: Power AC:100 V / 500 mA Range: 50 W @ 1 kHz:Yokogawa WT3000E*0,50.0254,1/17/2018 14:57
Element 1: Power AC:100 V / 500 mA Range: 50 W @ 5 kHz:Yokogawa WT3000E*0,50.0626,1/17/2018 14:57
Element 1: Power AC:100 V / 1 A Range: 100 W @ 60 Hz:Yokogawa WT3000E*0,100.031,1/17/2018 14:58
Element 1: Power AC:100 V / 1 A Range: 100 W @ 1 kHz:Yokogawa WT3000E*0,100.05,1/17/2018 14:58
Element 1: Power AC:100 V / 1 A Range: 100 W @ 5 kHz:Yokogawa WT3000E*0,100.092,1/17/2018 14:58
Element 1: Power AC:100 V / 2 A Range: 200 W @ 60 Hz:Yokogawa WT3000E*0,200.061,1/17/2018 14:58
Element 1: Power AC:100 V / 2 A Range: 200 W @ 1 kHz:Yokogawa WT3000E*0,200.09,1/17/2018 14:58
Element 1: Power AC:100 V / 2 A Range: 200 W @ 5 kHz:Yokogawa WT3000E*0,200.072,1/17/2018 14:58
Element 1: Power AC:100 V / 10 A Range: 1 kW @ 60 Hz:Yokogawa WT3000E*0,1.00022,1/17/2018 15:01
Element 1: Power AC:100 V / 10 A Range: 1 kW @ 1 kHz:Yokogawa WT3000E*0,1.00026,1/17/2018 15:01
Element 1: Power AC:100 V / 10 A Range: 0.2 kW @ 5 kHz:Yokogawa WT3000E*0,200,1/17/2018 15:01
Element 1: Power AC:100 V / 20 A Range: 2 kW @ 60 Hz:Yokogawa WT3000E*0,2.00031,1/17/2018 15:02
Element 1: Power AC:100 V / 20 A Range: 2 kW @ 1 kHz:Yokogawa WT3000E*0,0,1/17/2018 15:02
Element 1: Power AC:100 V / 20 A Range: 0.2 kW @ 5 kHz:Yokogawa WT3000E*0,199.99,1/17/2018 15:03
Element 1: Power AC:100 V / 30 A Range: 2 kW @ 60 Hz:Yokogawa WT3000E*0,2.0003,1/17/2018 15:04
Element 1: Power AC:100 V / 30 A Range: 2 kW @ 1 kHz:Yokogawa WT3000E*0,0,1/17/2018 15:04
Element 1: Ext. Sensor Power:100 V / 1 V Range: 10 kW:Yokogawa WT3000E*0,10.0027,1/17/2018 15:05
Element 1: Ext. Sensor Power:100 V / 1 V Range: -10 kW:Yokogawa WT3000E*0,-10.0016,1/17/2018 15:05
Element 1: Ext. Sensor Power:100 V / 50 mV Range: 500 W @ 60 Hz:Yokogawa WT3000E*0,499.943,1/17/2018 15:05
Element 1: Ext. Sensor Power:100 V / 100 mV Range: 1 kW @ 60 Hz:Yokogawa WT3000E*0,0.99993,1/17/2018 15:05
Element 1: Ext. Sensor Power:100 V / 100 mV Range: 1 kW @ 1 kHz:Yokogawa WT3000E*0,1.00021,1/17/2018 15:06
Element 1: Ext. Sensor Power:100 V / 200 mV Range: 0 kW @ 60 Hz:Yokogawa WT3000E*0,-1.47,1/17/2018 15:06
Element 1: Ext. Sensor Power:100 V / 200 mV Range: 2 kW @ 60 Hz:Yokogawa WT3000E*0,2.00021,1/17/2018 15:06
Element 1: Ext. Sensor Power:100 V / 200 mV Range: 2 kW @ 1 kHz:Yokogawa WT3000E*0,2.00053,1/17/2018 15:06
Element 1: Ext. Sensor Power:50 V / 200 mV Range: 1 kW @ 5 kHz:Yokogawa WT3000E*0,0.99724,1/17/2018 15:06
Element 1: Ext. Sensor Power:100 V / 1 V Range: 3 kW @ 10 Hz:Yokogawa WT3000E*0,2.9992,1/17/2018 15:07
Element 1: Ext. Sensor Power:100 V / 1 V Range: 10 kW @ 60 Hz:Yokogawa WT3000E*0,10.0014,1/17/2018 15:07
Element 1: Ext. Sensor Power:100 V / 1 V Range: 10 kW @ 1 kHz:Yokogawa WT3000E*0,10.0018,1/17/2018 15:07
Element 1: Ext. Sensor Power:100 V / 1 V Range: 10 kW @ 10 kHz:Yokogawa WT3000E*0,9.9941,1/17/2018 15:07
Element 1: Ext. Sensor Power:100 V / 2 V Range: 20 kW @ 10 kHz:Yokogawa WT3000E*0,19.9884,1/17/2018 15:07
Element 1: Ext. Sensor Power:100 V / 5 V Range: 50 kW @ 60 Hz:Yokogawa WT3000E*0,50.0052,1/17/2018 15:08
Element 1: Ext. Sensor Power:100 V / 5 V Range: 50 kW @ 10 kHz:Yokogawa WT3000E*0,49.9277,1/17/2018 15:08
Element 2: DC Volts:15 V Range: 14 V:Yokogawa WT3000E*0,14.0001,1/17/2018 15:11
Element 2: DC Volts:15 V Range: -14 V:Yokogawa WT3000E*0,-13.9996,1/17/2018 15:11
Element 2: DC Volts:100 V Range: 100 V:Yokogawa WT3000E*0,100.006,1/17/2018 15:11
Element 2: DC Volts:100 V Range: -100 V:Yokogawa WT3000E*0,-99.997,1/17/2018 15:11
Element 2: DC Volts:100 V Range: 50 V:Yokogawa WT3000E*0,50.002,1/17/2018 15:11
Element 2: DC Volts:100 V Range: -50 V:Yokogawa WT3000E*0,-49.999,1/17/2018 15:11
Element 2: DC Volts:100 V Range: 10 V:Yokogawa WT3000E*0,10.004,1/17/2018 15:11
Element 2: DC Volts:100 V Range: -10 V:Yokogawa WT3000E*0,-9.998,1/17/2018 15:11
Element 2: DC Volts:100 V Range: 1 V:Yokogawa WT3000E*0,1.002,1/17/2018 15:11
Element 2: DC Volts:100 V Range: -1 V:Yokogawa WT3000E*0,-0.999,1/17/2018 15:11
Element 2: DC Volts:150 V Range: 135 V:Yokogawa WT3000E*0,135.007,1/17/2018 15:12
Element 2: DC Volts:150 V Range: -135 V:Yokogawa WT3000E*0,-135.011,1/17/2018 15:12
Element 2: DC Volts:1000 V Range: 0.9 kV:Yokogawa WT3000E*0,0.90005,1/17/2018 15:12
Element 2: DC Volts:1000 V Range: -0.9 kV:Yokogawa WT3000E*0,-0.90005,1/17/2018 15:12
Element 2: AC Volts:15 V Range: 14 V @ 60 Hz:Yokogawa WT3000E*0,14.0006,1/17/2018 15:12
Element 2: AC Volts:15 V Range: 14 V @ 1 kHz:Yokogawa WT3000E*0,14.0003,1/17/2018 15:12
Element 2: AC Volts:15 V Range: 14 V @ 100 kHz:Yokogawa WT3000E*0,14.003,1/17/2018 15:12
Element 2: AC Volts:15 V Range: 3 V @ 500 kHz:Yokogawa WT3000E*0,2.972,1/17/2018 15:12
Element 2: AC Volts:30 V Range: 27 V @ 60 Hz:Yokogawa WT3000E*0,27.0012,1/17/2018 15:13
Element 2: AC Volts:30 V Range: 27 V @ 1 kHz:Yokogawa WT3000E*0,27.0006,1/17/2018 15:13
Element 2: AC Volts:60 V Range: 54 V @ 60 Hz:Yokogawa WT3000E*0,54.0055,1/17/2018 15:13
Element 2: AC Volts:60 V Range: 54 V @ 1 kHz:Yokogawa WT3000E*0,54.0032,1/17/2018 15:13
Element 2: AC Volts:100 V Range: 30 V @ 10 Hz:Yokogawa WT3000E*0,30,1/17/2018 15:13
Element 2: AC Volts:100 V Range: 100 V @ 60 Hz:Yokogawa WT3000E*0,100.006,1/17/2018 15:13
Element 2: AC Volts:100 V Range: 50 V @ 60 Hz:Yokogawa WT3000E*0,50.008,1/17/2018 15:13
Element 2: AC Volts:100 V Range: 10 V @ 60 Hz:Yokogawa WT3000E*0,10.003,1/17/2018 15:13
Element 2: AC Volts:100 V Range: 1 V @ 60 Hz:Yokogawa WT3000E*0,1.001,1/17/2018 15:14
Element 2: AC Volts:100 V Range: 90 V @ 1 kHz:Yokogawa WT3000E*0,90.003,1/17/2018 15:14
Element 2: AC Volts:100 V Range: 90 V @ 10 kHz:Yokogawa WT3000E*0,89.967,1/17/2018 15:14
Element 2: AC Volts:100 V Range: 90 V @ 50 kHz:Yokogawa WT3000E*0,89.948,1/17/2018 15:14
Element 2: AC Volts:100 V Range: 90 V @ 100 kHz:Yokogawa WT3000E*0,90.1,1/17/2018 15:14
Element 2: AC Volts:100 V Range: 3 V @ 500 kHz:Yokogawa WT3000E*0,2.98,1/17/2018 15:14
Element 2: AC Volts:150 V Range: 30 V @ 10 Hz:Yokogawa WT3000E*0,30.001,1/17/2018 15:14
Element 2: AC Volts:150 V Range: 135 V @ 60 Hz:Yokogawa WT3000E*0,135.006,1/17/2018 15:15
Element 2: AC Volts:150 V Range: 135 V @ 1 kHz:Yokogawa WT3000E*0,135.003,1/17/2018 15:15
Element 2: AC Volts:150 V Range: 135 V @ 10 kHz:Yokogawa WT3000E*0,135.053,1/17/2018 15:15
Element 2: AC Volts:150 V Range: 135 V @ 50 kHz:Yokogawa WT3000E*0,135.174,1/17/2018 15:15
Element 2: AC Volts:150 V Range: 135 V @ 100 kHz:Yokogawa WT3000E*0,135.358,1/17/2018 15:15
Element 2: AC Volts:150 V Range: 3 V @ 500 kHz:Yokogawa WT3000E*0,2.984,1/17/2018 15:15
Element 2: AC Volts:300 V Range: 270 V @ 60 Hz:Yokogawa WT3000E*0,270.007,1/17/2018 15:15
Element 2: AC Volts:300 V Range: 270 V @ 1 kHz:Yokogawa WT3000E*0,270.008,1/17/2018 15:16
Element 2: AC Volts:600 V Range: 540 V @ 60 Hz:Yokogawa WT3000E*0,540.037,1/17/2018 15:16
Element 2: AC Volts:600 V Range: 540 V @ 1 kHz:Yokogawa WT3000E*0,540.051,1/17/2018 15:16
Element 2: AC Volts:1000 V Range: 0.9 kV @ 60 Hz:Yokogawa WT3000E*0,0.90003,1/17/2018 15:16
Element 2: AC Volts:1000 V Range: 0.9 kV @ 1 kHz:Yokogawa WT3000E*0,0.90007,1/17/2018 15:16
Element 2: DC Current:5 A Range: 5 A:Yokogawa WT3000E*0,0.00018,1/17/2018 15:16
Element 2: DC Current:5 A Range: -5 A:Yokogawa WT3000E*0,0.00015,1/17/2018 15:16
Element 2: DC Current:5 A Range: 2.5 A:Yokogawa WT3000E*0,2.50078,1/17/2018 15:20
Element 2: DC Current:5 A Range: -2.5 A:Yokogawa WT3000E*0,-2.50087,1/17/2018 15:20
Element 2: DC Current:5 A Range: 0.5 A:Yokogawa WT3000E*0,0.49995,1/17/2018 15:21
Element 2: DC Current:5 A Range: -0.5 A:Yokogawa WT3000E*0,-0.50029,1/17/2018 15:21
Element 2: DC Current:5 A Range: 0.05 A:Yokogawa WT3000E*0,0.04986,1/17/2018 15:21
Element 2: DC Current:5 A Range: -0.05 A:Yokogawa WT3000E*0,-0.04984,1/17/2018 15:21
Element 2: DC Current:20 A Range: 18 A:Yokogawa WT3000E*0,18.0024,1/17/2018 15:22
Element 2: DC Current:20 A Range: -18 A:Yokogawa WT3000E*0,-18.0052,1/17/2018 15:22
Element 2: AC Current:500 mA Range: 450 mA @ 60 Hz:Yokogawa WT3000E*0,0.45018,1/17/2018 15:22
Element 2: AC Current:500 mA Range: 450 mA @ 1 kHz:Yokogawa WT3000E*0,0.450275,1/17/2018 15:22
Element 2: AC Current:500 mA Range: 450 mA @ 10 kHz:Yokogawa WT3000E*0,0.452162,1/17/2018 15:22
Element 2: AC Current:1 A Range: 0.9 A @ 60 Hz:Yokogawa WT3000E*0,0.90032,1/17/2018 15:23
Element 2: AC Current:1 A Range: 0.9 A @ 1 kHz:Yokogawa WT3000E*0,0.90048,1/17/2018 15:23
Element 2: AC Current:1 A Range: 0.9 A @ 10 kHz:Yokogawa WT3000E*0,0.90363,1/17/2018 15:23
Element 2: AC Current:2 A Range: 1.8 A @ 60 Hz:Yokogawa WT3000E*0,1.80064,1/17/2018 15:23
Element 2: AC Current:2 A Range: 1.8 A @ 1 kHz:Yokogawa WT3000E*0,1.80092,1/17/2018 15:23
Element 2: AC Current:2 A Range: 1 A @ 10 kHz:Yokogawa WT3000E*0,1.00394,1/17/2018 15:23
Element 2: AC Current:5 A Range: 2 A @ 10 Hz:Yokogawa WT3000E*0,2.00026,1/17/2018 15:23
Element 2: AC Current:5 A Range: 5 A @ 60 Hz:Yokogawa WT3000E*0,5.00146,1/17/2018 15:24
Element 2: AC Current:5 A Range: 2.5 A @ 60 Hz:Yokogawa WT3000E*0,2.50202,1/17/2018 15:25
Element 2: AC Current:5 A Range: 0.5 A @ 60 Hz:Yokogawa WT3000E*0,0.50014,1/17/2018 15:25
Element 2: AC Current:5 A Range: 0.05 A @ 60 Hz:Yokogawa WT3000E*0,0.04993,1/17/2018 15:25
Element 2: AC Current:5 A Range: 4.5 A @ 1 kHz:Yokogawa WT3000E*0,4.50161,1/17/2018 15:27
Element 2: AC Current:5 A Range: 2 A @ 10 kHz:Yokogawa WT3000E*0,2.0039,1/17/2018 15:41
Element 2: AC Current:5 A Range: 0.3 A @ 30 kHz:Yokogawa WT3000E*0,0.30006,1/17/2018 15:41
Element 2: AC Current:10 A Range: 2 A @ 10 Hz:Yokogawa WT3000E*0,2.0002,1/17/2018 15:41
Element 2: AC Current:10 A Range: 9 A @ 60 Hz:Yokogawa WT3000E*0,9.0025,1/17/2018 15:43
Element 2: AC Current:10 A Range: 9 A @ 1 kHz:Yokogawa WT3000E*0,9.0032,1/17/2018 15:43
Element 2: AC Current:10 A Range: 2 A @ 10 kHz:Yokogawa WT3000E*0,2.0041,1/17/2018 15:44
Element 2: AC Current:10 A Range: 0.3 A @ 30 kHz:Yokogawa WT3000E*0,0.3001,1/17/2018 15:44
Element 2: AC Current:20 A Range: 18 A @ 60 Hz:Yokogawa WT3000E*0,18.0028,1/17/2018 15:49
Element 2: AC Current:20 A Range: 18 A @ 1 kHz:Yokogawa WT3000E*0,18.0049,1/17/2018 15:49
Element 2: AC Current:20 A Range: 2 A @ 10 kHz:Yokogawa WT3000E*0,2.0038,1/17/2018 15:50
Element 2: AC Current:20 A Range: 0.3 A @ 30 kHz:Yokogawa WT3000E*0,0.3002,1/17/2018 15:50
Element 2: AC Current:30 A Range: 20 A @ 60 Hz:Yokogawa WT3000E*0,20.0035,1/17/2018 15:52
Element 2: AC Current:30 A Range: 20 A @ 1 kHz:Yokogawa WT3000E*0,20.0063,1/17/2018 15:52
Element 2: Ext. Sensor Current:50 mV Range: 4.5 A @ 60 Hz:Yokogawa WT3000E*0,4.50064,1/17/2018 15:54
Element 2: Ext. Sensor Current:50 mV Range: 4.5 A @ 1 kHz:Yokogawa WT3000E*0,4.50127,1/17/2018 15:54
Element 2: Ext. Sensor Current:50 mV Range: 4.5 A @ 100 kHz:Yokogawa WT3000E*0,4.50087,1/17/2018 15:55
Element 2: Ext. Sensor Current:100 mV Range: 9 A @ 60 Hz:Yokogawa WT3000E*0,9.0009,1/17/2018 15:55
Element 2: Ext. Sensor Current:100 mV Range: 9 A @ 1 kHz:Yokogawa WT3000E*0,9.0029,1/17/2018 15:55
Element 2: Ext. Sensor Current:200 mV Range: 18 A @ 60 Hz:Yokogawa WT3000E*0,18.0003,1/17/2018 15:55
Element 2: Ext. Sensor Current:200 mV Range: 18 A @ 1 kHz:Yokogawa WT3000E*0,18.0048,1/17/2018 15:55
Element 2: Ext. Sensor Current:200 mV Range: 18 A @ 100 kHz:Yokogawa WT3000E*0,18.0107,1/17/2018 15:55
Element 2: Ext. Sensor Current:200 mV Range: 18 A @ 500 kHz:Yokogawa WT3000E*0,17.7269,1/17/2018 15:55
Element 2: Ext. Sensor Current:1 V Range: 90 A:Yokogawa WT3000E*0,90.006,1/17/2018 15:55
Element 2: Ext. Sensor Current:1 V Range: -90 A:Yokogawa WT3000E*0,-89.999,1/17/2018 15:55
Element 2: Ext. Sensor Current:1 V Range: 90 A @ 10 Hz:Yokogawa WT3000E*0,89.997,1/17/2018 15:55
Element 2: Ext. Sensor Current:1 V Range: 90 A @ 60 Hz:Yokogawa WT3000E*0,90.007,1/17/2018 15:56
Element 2: Ext. Sensor Current:1 V Range: 90 A @ 1 kHz:Yokogawa WT3000E*0,90.016,1/17/2018 15:56
Element 2: Ext. Sensor Current:1 V Range: 90 A @ 10 kHz:Yokogawa WT3000E*0,90.057,1/17/2018 15:56
Element 2: Ext. Sensor Current:1 V Range: 90 A @ 50 kHz:Yokogawa WT3000E*0,90.103,1/17/2018 15:56
Element 2: Ext. Sensor Current:1 V Range: 90 A @ 100 kHz:Yokogawa WT3000E*0,90.08,1/17/2018 15:56
Element 2: Ext. Sensor Current:1 V Range: 90 A @ 500 kHz:Yokogawa WT3000E*0,89.245,1/17/2018 15:56
Element 2: Ext. Sensor Current:2 V Range: 180 A @ 500 kHz:Yokogawa WT3000E*0,178.327,1/17/2018 15:56
Element 2: Ext. Sensor Current:5 V Range: 300 A @ 500 kHz:Yokogawa WT3000E*0,297.121,1/17/2018 15:56
Element 2: Ext. Sensor Current:10 V Range: 0.9 kA @ 60 Hz:Yokogawa WT3000E*0,0.90006,1/17/2018 15:56
Element 2: Power DC:15 V / 5 A Range: 75 W:Yokogawa WT3000E*0,75.023,1/18/2018 9:58
Element 2: Power DC:15 V / 5 A Range: -75 W:Yokogawa WT3000E*0,-75.015,1/18/2018 9:58
Element 2: Power DC:100 V / 5 A Range: 500 W:Yokogawa WT3000E*0,500.156,1/18/2018 9:58
Element 2: Power DC:100 V / 5 A Range: -500 W:Yokogawa WT3000E*0,-500.103,1/18/2018 9:59
Element 2: Power DC:100 V / 5 A Range: 250 W:Yokogawa WT3000E*0,250.074,1/18/2018 9:59
Element 2: Power DC:100 V / 5 A Range: -250 W:Yokogawa WT3000E*0,-250.058,1/18/2018 9:59
Element 2: Power DC:100 V / 5 A Range: 50 W:Yokogawa WT3000E*0,50.033,1/18/2018 9:59
Element 2: Power DC:100 V / 5 A Range: -50 W:Yokogawa WT3000E*0,-50.001,1/18/2018 9:59
Element 2: Power DC:100 V / 5 A Range: 5 W:Yokogawa WT3000E*0,5.01,1/18/2018 9:59
Element 2: Power DC:100 V / 5 A Range: -5 W:Yokogawa WT3000E*0,-4.997,1/18/2018 9:59
Element 2: Power DC:150 V / 5 A Range: 0.75 kW:Yokogawa WT3000E*0,0.75024,1/18/2018 9:59
Element 2: Power DC:150 V / 5 A Range: -0.75 kW:Yokogawa WT3000E*0,-0.75017,1/18/2018 9:59
Element 2: Power DC:1000 V / 5 A Range: 5 kW:Yokogawa WT3000E*0,5.00168,1/18/2018 10:00
Element 2: Power DC:1000 V / 5 A Range: -5 kW:Yokogawa WT3000E*0,-5.00113,1/18/2018 10:00
Element 2: Power DC:100 V / 20 A Range: 2 kW:Yokogawa WT3000E*0,2.00032,1/18/2018 10:00
Element 2: Power DC:100 V / 20 A Range: -2 kW:Yokogawa WT3000E*0,-2.00025,1/18/2018 10:00
Element 2: Power AC:15 V / 5 A Range: 0 W @ 60 Hz:Yokogawa WT3000E*0,0.08,1/18/2018 10:00
Element 2: Power AC:15 V / 5 A Range: 75 W @ 60 Hz:Yokogawa WT3000E*0,75.032,1/18/2018 10:01
Element 2: Power AC:15 V / 5 A Range: 75 W @ 1 kHz:Yokogawa WT3000E*0,75.035,1/18/2018 10:01
Element 2: Power AC:15 V / 5 A Range: 30 W @ 5 kHz:Yokogawa WT3000E*0,30.008,1/18/2018 10:01
Element 2: Power AC:30 V / 5 A Range: 150 W @ 60 Hz:Yokogawa WT3000E*0,150.047,1/18/2018 10:17
Element 2: Power AC:30 V / 5 A Range: 150 W @ 1 kHz:Yokogawa WT3000E*0,150.057,1/18/2018 10:17
Element 2: Power AC:60 V / 5 A Range: 300 W @ 60 Hz:Yokogawa WT3000E*0,300.128,1/18/2018 10:17
Element 2: Power AC:60 V / 5 A Range: 300 W @ 1 kHz:Yokogawa WT3000E*0,300.137,1/18/2018 10:18
Element 2: Power AC:100 V / 5 A Range: 500 W @ 10 Hz:Yokogawa WT3000E*0,300.149,1/18/2018 10:18
Element 2: Power AC:100 V / 5 A Range: 500 W @ 60 Hz:Yokogawa WT3000E*0,500.192,1/18/2018 10:18
Element 2: Power AC:100 V / 5 A Range: 250 W @ 60 Hz:Yokogawa WT3000E*0,250.114,1/18/2018 10:18
Element 2: Power AC:100 V / 5 A Range: 50 W @ 60 Hz:Yokogawa WT3000E*0,50.032,1/18/2018 10:18
Element 2: Power AC:100 V / 5 A Range: 5 W @ 60 Hz:Yokogawa WT3000E*0,5.01,1/18/2018 10:19
Element 2: Power AC:100 V / 5 A Range: 0 W @ 60 Hz:Yokogawa WT3000E*0,-0.062,1/18/2018 10:19
Element 2: Power AC:100 V / 5 A Range: 500 W @ 1 kHz:Yokogawa WT3000E*0,500.219,1/18/2018 10:19
Element 2: Power AC:100 V / 5 A Range: 200 W @ 5 kHz:Yokogawa WT3000E*0,200.052,1/18/2018 10:24
Element 2: Power AC:150 V / 5 A Range: 0.75 kW @ 10 Hz:Yokogawa WT3000E*0,0,1/18/2018 10:33
Element 2: Power AC:150 V / 5 A Range: 0.75 kW @ 60 Hz:Yokogawa WT3000E*0,0.75023,1/18/2018 10:33
Element 2: Power AC:150 V / 5 A Range: 0.75 kW @ 1 kHz:Yokogawa WT3000E*0,0.75029,1/18/2018 10:34
Element 2: Power AC:150 V / 5 A Range: 0.3 kW @ 5 kHz:Yokogawa WT3000E*0,300.16,1/18/2018 12:36
Element 2: Power AC:150 V / 5 A Range: 0 kW @ 60 Hz:Yokogawa WT3000E*0,0.33,1/18/2018 12:44
Element 2: Power AC:300 V / 5 A Range: 1.5 kW @ 60 Hz:Yokogawa WT3000E*0,1.50048,1/18/2018 12:44
Element 2: Power AC:300 V / 5 A Range: 1.5 kW @ 1 kHz:Yokogawa WT3000E*0,1.50055,1/18/2018 12:44
Element 2: Power AC:600 V / 5 A Range: 3 kW @ 60 Hz:Yokogawa WT3000E*0,3.00105,1/18/2018 12:45
Element 2: Power AC:600 V / 5 A Range: 3 kW @ 1 kHz:Yokogawa WT3000E*0,3.0013,1/18/2018 12:45
Element 2: Power AC:1000 V / 5 A Range: 5 kW @ 60 Hz:Yokogawa WT3000E*0,5.00162,1/18/2018 12:45
Element 2: Power AC:1000 V / 5 A Range: 5 kW @ 1 kHz:Yokogawa WT3000E*0,5.00202,1/18/2018 12:45
Element 2: Power AC:100 V / 500 mA Range: 50 W @ 60 Hz:Yokogawa WT3000E*0,50.0226,1/18/2018 12:45
Element 2: Power AC:100 V / 500 mA Range: 50 W @ 1 kHz:Yokogawa WT3000E*0,50.0284,1/18/2018 12:46
Element 2: Power AC:100 V / 500 mA Range: 50 W @ 5 kHz:Yokogawa WT3000E*0,50.0765,1/18/2018 12:46
Element 2: Power AC:100 V / 1 A Range: 100 W @ 60 Hz:Yokogawa WT3000E*0,100.041,1/18/2018 12:46
Element 2: Power AC:100 V / 1 A Range: 100 W @ 1 kHz:Yokogawa WT3000E*0,100.055,1/18/2018 12:46
Element 2: Power AC:100 V / 1 A Range: 100 W @ 5 kHz:Yokogawa WT3000E*0,100.11,1/18/2018 12:46
Element 2: Power AC:100 V / 2 A Range: 200 W @ 60 Hz:Yokogawa WT3000E*0,200.078,1/18/2018 12:47
Element 2: Power AC:100 V / 2 A Range: 200 W @ 1 kHz:Yokogawa WT3000E*0,200.1,1/18/2018 12:47
Element 2: Power AC:100 V / 2 A Range: 200 W @ 5 kHz:Yokogawa WT3000E*0,200.101,1/18/2018 12:47
Element 2: Power AC:100 V / 10 A Range: 1 kW @ 60 Hz:Yokogawa WT3000E*0,1.00034,1/18/2018 12:47
Element 2: Power AC:100 V / 10 A Range: 1 kW @ 1 kHz:Yokogawa WT3000E*0,1.00039,1/18/2018 12:47
Element 2: Power AC:100 V / 10 A Range: 0.2 kW @ 5 kHz:Yokogawa WT3000E*0,200.06,1/18/2018 12:48
Element 2: Power AC:100 V / 20 A Range: 2 kW @ 60 Hz:Yokogawa WT3000E*0,2.0005,1/18/2018 12:48
Element 2: Power AC:100 V / 20 A Range: 2 kW @ 1 kHz:Yokogawa WT3000E*0,0,1/18/2018 12:48
Element 2: Power AC:100 V / 20 A Range: 0.2 kW @ 5 kHz:Yokogawa WT3000E*0,200.05,1/18/2018 12:49
Element 2: Power AC:100 V / 30 A Range: 2 kW @ 60 Hz:Yokogawa WT3000E*0,2.00059,1/18/2018 12:49
Element 2: Power AC:100 V / 30 A Range: 2 kW @ 1 kHz:Yokogawa WT3000E*0,2.00087,1/18/2018 12:49
Element 2: Ext. Sensor Power:100 V / 1 V Range: 10 kW:Yokogawa WT3000E*0,228.4,1/18/2018 12:50
Element 2: Ext. Sensor Power:100 V / 1 V Range: -10 kW:Yokogawa WT3000E*0,-214.4,1/18/2018 12:50
Element 2: Ext. Sensor Power:100 V / 50 mV Range: 500 W @ 60 Hz:Yokogawa WT3000E*0,416.978,1/18/2018 12:50
Element 2: Ext. Sensor Power:100 V / 100 mV Range: 1 kW @ 60 Hz:Yokogawa WT3000E*0,437.54,1/18/2018 12:51
Element 2: Ext. Sensor Power:100 V / 100 mV Range: 1 kW @ 1 kHz:Yokogawa WT3000E*0,633.98,1/18/2018 12:51
Element 2: Ext. Sensor Power:100 V / 200 mV Range: 0 kW @ 60 Hz:Yokogawa WT3000E*0,425.49,1/18/2018 12:51
Element 2: Ext. Sensor Power:100 V / 200 mV Range: 2 kW @ 60 Hz:Yokogawa WT3000E*0,431.42,1/18/2018 12:51
Element 2: Ext. Sensor Power:100 V / 200 mV Range: 2 kW @ 1 kHz:Yokogawa WT3000E*0,627.24,1/18/2018 12:51
Element 2: Ext. Sensor Power:50 V / 200 mV Range: 1 kW @ 5 kHz:Yokogawa WT3000E*0,156.63,1/18/2018 12:52
Element 2: Ext. Sensor Power:100 V / 1 V Range: 3 kW @ 10 Hz:Yokogawa WT3000E*0,5.1,1/18/2018 12:52
Element 2: Ext. Sensor Power:100 V / 1 V Range: 10 kW @ 60 Hz:Yokogawa WT3000E*0,426.2,1/18/2018 12:52
Element 2: Ext. Sensor Power:100 V / 1 V Range: 10 kW @ 1 kHz:Yokogawa WT3000E*0,626.6,1/18/2018 12:52
Element 2: Ext. Sensor Power:100 V / 1 V Range: 10 kW @ 10 kHz:Yokogawa WT3000E*0,616.4,1/18/2018 12:52
Element 2: Ext. Sensor Power:100 V / 2 V Range: 20 kW @ 10 kHz:Yokogawa WT3000E*0,642.2,1/18/2018 12:53
Element 2: Ext. Sensor Power:100 V / 5 V Range: 50 kW @ 60 Hz:Yokogawa WT3000E*0,-221.6,1/18/2018 12:53
Element 2: Ext. Sensor Power:100 V / 5 V Range: 50 kW @ 10 kHz:Yokogawa WT3000E*0,-366.1,1/18/2018 12:53
Element 3: DC Volts:15 V Range: 14 V:Yokogawa WT3000E*0,14.0007,1/18/2018 12:54
Element 3: DC Volts:15 V Range: -14 V:Yokogawa WT3000E*0,-13.9994,1/18/2018 12:54
Element 3: DC Volts:100 V Range: 100 V:Yokogawa WT3000E*0,100.013,1/18/2018 12:54
Element 3: DC Volts:100 V Range: -100 V:Yokogawa WT3000E*0,-100,1/18/2018 12:54
Element 3: DC Volts:100 V Range: 50 V:Yokogawa WT3000E*0,50.008,1/18/2018 12:55
Element 3: DC Volts:100 V Range: -50 V:Yokogawa WT3000E*0,-49.996,1/18/2018 12:55
Element 3: DC Volts:100 V Range: 10 V:Yokogawa WT3000E*0,10.004,1/18/2018 12:55
Element 3: DC Volts:100 V Range: -10 V:Yokogawa WT3000E*0,-9.991,1/18/2018 12:55
Element 3: DC Volts:100 V Range: 1 V:Yokogawa WT3000E*0,1.002,1/18/2018 12:55
Element 3: DC Volts:100 V Range: -1 V:Yokogawa WT3000E*0,-0.989,1/18/2018 12:55
Element 3: DC Volts:150 V Range: 135 V:Yokogawa WT3000E*0,135.017,1/18/2018 12:55
Element 3: DC Volts:150 V Range: -135 V:Yokogawa WT3000E*0,-135.001,1/18/2018 12:55
Element 3: DC Volts:1000 V Range: 0.9 kV:Yokogawa WT3000E*0,0.90013,1/18/2018 12:55
Element 3: DC Volts:1000 V Range: -0.9 kV:Yokogawa WT3000E*0,-0.90001,1/18/2018 12:56
Element 3: AC Volts:15 V Range: 14 V @ 60 Hz:Yokogawa WT3000E*0,14.0009,1/18/2018 12:56
Element 3: AC Volts:15 V Range: 14 V @ 1 kHz:Yokogawa WT3000E*0,14.0006,1/18/2018 12:56
Element 3: AC Volts:15 V Range: 14 V @ 100 kHz:Yokogawa WT3000E*0,14.0134,1/18/2018 12:56
Element 3: AC Volts:15 V Range: 3 V @ 500 kHz:Yokogawa WT3000E*0,2.9807,1/18/2018 12:56
Element 3: AC Volts:30 V Range: 27 V @ 60 Hz:Yokogawa WT3000E*0,27.002,1/18/2018 12:56
Element 3: AC Volts:30 V Range: 27 V @ 1 kHz:Yokogawa WT3000E*0,27.0015,1/18/2018 12:56
Element 3: AC Volts:60 V Range: 54 V @ 60 Hz:Yokogawa WT3000E*0,54.006,1/18/2018 12:56
Element 3: AC Volts:60 V Range: 54 V @ 1 kHz:Yokogawa WT3000E*0,54.0048,1/18/2018 12:57
Element 3: AC Volts:100 V Range: 30 V @ 10 Hz:Yokogawa WT3000E*0,29.998,1/18/2018 12:57
Element 3: AC Volts:100 V Range: 100 V @ 60 Hz:Yokogawa WT3000E*0,100.009,1/18/2018 12:57
Element 3: AC Volts:100 V Range: 50 V @ 60 Hz:Yokogawa WT3000E*0,50.007,1/18/2018 12:57
Element 3: AC Volts:100 V Range: 10 V @ 60 Hz:Yokogawa WT3000E*0,10,1/18/2018 12:57
Element 3: AC Volts:100 V Range: 1 V @ 60 Hz:Yokogawa WT3000E*0,0.997,1/18/2018 12:57
Element 3: AC Volts:100 V Range: 90 V @ 1 kHz:Yokogawa WT3000E*0,90.005,1/18/2018 12:57
Element 3: AC Volts:100 V Range: 90 V @ 10 kHz:Yokogawa WT3000E*0,89.971,1/18/2018 12:58
Element 3: AC Volts:100 V Range: 90 V @ 50 kHz:Yokogawa WT3000E*0,89.977,1/18/2018 12:58
Element 3: AC Volts:100 V Range: 90 V @ 100 kHz:Yokogawa WT3000E*0,90.172,1/18/2018 12:58
Element 3: AC Volts:100 V Range: 3 V @ 500 kHz:Yokogawa WT3000E*0,2.985,1/18/2018 12:58
Element 3: AC Volts:150 V Range: 30 V @ 10 Hz:Yokogawa WT3000E*0,29.996,1/18/2018 12:58
Element 3: AC Volts:150 V Range: 135 V @ 60 Hz:Yokogawa WT3000E*0,135.011,1/18/2018 12:58
Element 3: AC Volts:150 V Range: 135 V @ 1 kHz:Yokogawa WT3000E*0,135.006,1/18/2018 12:58
Element 3: AC Volts:150 V Range: 135 V @ 10 kHz:Yokogawa WT3000E*0,135.021,1/18/2018 12:59
Element 3: AC Volts:150 V Range: 135 V @ 50 kHz:Yokogawa WT3000E*0,135.09,1/18/2018 12:59
Element 3: AC Volts:150 V Range: 135 V @ 100 kHz:Yokogawa WT3000E*0,135.32,1/18/2018 12:59
Element 3: AC Volts:150 V Range: 3 V @ 500 kHz:Yokogawa WT3000E*0,2.986,1/18/2018 12:59
Element 3: AC Volts:300 V Range: 270 V @ 60 Hz:Yokogawa WT3000E*0,270.017,1/18/2018 12:59
Element 3: AC Volts:300 V Range: 270 V @ 1 kHz:Yokogawa WT3000E*0,270.013,1/18/2018 12:59
Element 3: AC Volts:600 V Range: 540 V @ 60 Hz:Yokogawa WT3000E*0,540.053,1/18/2018 12:59
Element 3: AC Volts:600 V Range: 540 V @ 1 kHz:Yokogawa WT3000E*0,540.067,1/18/2018 13:00
Element 3: AC Volts:1000 V Range: 0.9 kV @ 60 Hz:Yokogawa WT3000E*0,0.90006,1/18/2018 13:00
Element 3: AC Volts:1000 V Range: 0.9 kV @ 1 kHz:Yokogawa WT3000E*0,0.90011,1/18/2018 13:00
Element 3: DC Current:5 A Range: 5 A:Yokogawa WT3000E*0,5.00074,1/18/2018 13:00
Element 3: DC Current:5 A Range: -5 A:Yokogawa WT3000E*0,-5.00082,1/18/2018 13:00
Element 3: DC Current:5 A Range: 2.5 A:Yokogawa WT3000E*0,2.50032,1/18/2018 13:04
Element 3: DC Current:5 A Range: -2.5 A:Yokogawa WT3000E*0,-2.50016,1/18/2018 13:04
Element 3: DC Current:5 A Range: 0.5 A:Yokogawa WT3000E*0,0.50005,1/18/2018 13:04
Element 3: DC Current:5 A Range: -0.5 A:Yokogawa WT3000E*0,-0.50014,1/18/2018 13:04
Element 3: DC Current:5 A Range: 0.05 A:Yokogawa WT3000E*0,0.04993,1/18/2018 13:04
Element 3: DC Current:5 A Range: -0.05 A:Yokogawa WT3000E*0,-0.05,1/18/2018 13:04
Element 3: DC Current:20 A Range: 18 A:Yokogawa WT3000E*0,17.9974,1/18/2018 14:19
Element 3: DC Current:20 A Range: -18 A:Yokogawa WT3000E*0,-17.9992,1/18/2018 14:19
Element 3: AC Current:500 mA Range: 450 mA @ 60 Hz:Yokogawa WT3000E*0,0.450031,1/18/2018 14:20
Element 3: AC Current:500 mA Range: 450 mA @ 1 kHz:Yokogawa WT3000E*0,0.450141,1/18/2018 14:20
Element 3: AC Current:500 mA Range: 450 mA @ 10 kHz:Yokogawa WT3000E*0,0.452264,1/18/2018 14:20
Element 3: AC Current:1 A Range: 0.9 A @ 60 Hz:Yokogawa WT3000E*0,0.90008,1/18/2018 14:20
Element 3: AC Current:1 A Range: 0.9 A @ 1 kHz:Yokogawa WT3000E*0,0.90026,1/18/2018 14:20
Element 3: AC Current:1 A Range: 0.9 A @ 10 kHz:Yokogawa WT3000E*0,0.90361,1/18/2018 14:20
Element 3: AC Current:2 A Range: 1.8 A @ 60 Hz:Yokogawa WT3000E*0,1.80013,1/18/2018 14:20
Element 3: AC Current:2 A Range: 1.8 A @ 1 kHz:Yokogawa WT3000E*0,1.80043,1/18/2018 14:21
Element 3: AC Current:2 A Range: 1 A @ 10 kHz:Yokogawa WT3000E*0,1.00377,1/18/2018 14:21
Element 3: AC Current:5 A Range: 2 A @ 10 Hz:Yokogawa WT3000E*0,1.99977,1/18/2018 14:21
Element 3: AC Current:5 A Range: 5 A @ 60 Hz:Yokogawa WT3000E*0,5.00036,1/18/2018 14:21
Element 3: AC Current:5 A Range: 2.5 A @ 60 Hz:Yokogawa WT3000E*0,2.50106,1/18/2018 14:22
Element 3: AC Current:5 A Range: 0.5 A @ 60 Hz:Yokogawa WT3000E*0,0.50005,1/18/2018 14:22
Element 3: AC Current:5 A Range: 0.05 A @ 60 Hz:Yokogawa WT3000E*0,0.04997,1/18/2018 14:23
Element 3: AC Current:5 A Range: 4.5 A @ 1 kHz:Yokogawa WT3000E*0,4.50058,1/18/2018 14:23
Element 3: AC Current:5 A Range: 2 A @ 10 kHz:Yokogawa WT3000E*0,2.00317,1/18/2018 14:23
Element 3: AC Current:5 A Range: 0.3 A @ 30 kHz:Yokogawa WT3000E*0,0.30002,1/18/2018 14:23
Element 3: AC Current:10 A Range: 2 A @ 10 Hz:Yokogawa WT3000E*0,1.9997,1/18/2018 14:23
Element 3: AC Current:10 A Range: 9 A @ 60 Hz:Yokogawa WT3000E*0,9.0004,1/18/2018 14:24
Element 3: AC Current:10 A Range: 9 A @ 1 kHz:Yokogawa WT3000E*0,9.0008,1/18/2018 14:24
Element 3: AC Current:10 A Range: 2 A @ 10 kHz:Yokogawa WT3000E*0,2.0032,1/18/2018 14:24
Element 3: AC Current:10 A Range: 0.3 A @ 30 kHz:Yokogawa WT3000E*0,0.3,1/18/2018 14:24
Element 3: AC Current:20 A Range: 18 A @ 60 Hz:Yokogawa WT3000E*0,17.9989,1/18/2018 14:24
Element 3: AC Current:20 A Range: 18 A @ 1 kHz:Yokogawa WT3000E*0,18.0006,1/18/2018 14:24
Element 3: AC Current:20 A Range: 2 A @ 10 kHz:Yokogawa WT3000E*0,2.0033,1/18/2018 14:25
Element 3: AC Current:20 A Range: 0.3 A @ 30 kHz:Yokogawa WT3000E*0,0.3004,1/18/2018 14:25
Element 3: AC Current:30 A Range: 20 A @ 60 Hz:Yokogawa WT3000E*0,19.9997,1/18/2018 14:25
Element 3: AC Current:30 A Range: 20 A @ 1 kHz:Yokogawa WT3000E*0,20.0021,1/18/2018 14:25
Element 3: Ext. Sensor Current:50 mV Range: 4.5 A @ 60 Hz:Yokogawa WT3000E*0,4.49995,1/18/2018 14:26
Element 3: Ext. Sensor Current:50 mV Range: 4.5 A @ 1 kHz:Yokogawa WT3000E*0,4.50043,1/18/2018 14:26
Element 3: Ext. Sensor Current:50 mV Range: 4.5 A @ 100 kHz:Yokogawa WT3000E*0,4.49349,1/18/2018 14:26
Element 3: Ext. Sensor Current:100 mV Range: 9 A @ 60 Hz:Yokogawa WT3000E*0,8.9993,1/18/2018 14:26
Element 3: Ext. Sensor Current:100 mV Range: 9 A @ 1 kHz:Yokogawa WT3000E*0,9.0016,1/18/2018 14:26
Element 3: Ext. Sensor Current:200 mV Range: 18 A @ 60 Hz:Yokogawa WT3000E*0,17.9988,1/18/2018 14:26
Element 3: Ext. Sensor Current:200 mV Range: 18 A @ 1 kHz:Yokogawa WT3000E*0,18.0033,1/18/2018 14:26
Element 3: Ext. Sensor Current:200 mV Range: 18 A @ 100 kHz:Yokogawa WT3000E*0,17.9826,1/18/2018 14:26
Element 3: Ext. Sensor Current:200 mV Range: 18 A @ 500 kHz:Yokogawa WT3000E*0,17.7133,1/18/2018 14:26
Element 3: Ext. Sensor Current:1 V Range: 90 A:Yokogawa WT3000E*0,89.996,1/18/2018 14:27
Element 3: Ext. Sensor Current:1 V Range: -90 A:Yokogawa WT3000E*0,-89.998,1/18/2018 14:27
Element 3: Ext. Sensor Current:1 V Range: 90 A @ 10 Hz:Yokogawa WT3000E*0,89.991,1/18/2018 14:27
Element 3: Ext. Sensor Current:1 V Range: 90 A @ 60 Hz:Yokogawa WT3000E*0,90.001,1/18/2018 14:27
Element 3: Ext. Sensor Current:1 V Range: 90 A @ 1 kHz:Yokogawa WT3000E*0,90.007,1/18/2018 14:27
Element 3: Ext. Sensor Current:1 V Range: 90 A @ 10 kHz:Yokogawa WT3000E*0,89.993,1/18/2018 14:27
Element 3: Ext. Sensor Current:1 V Range: 90 A @ 50 kHz:Yokogawa WT3000E*0,89.966,1/18/2018 14:27
Element 3: Ext. Sensor Current:1 V Range: 90 A @ 100 kHz:Yokogawa WT3000E*0,89.938,1/18/2018 14:27
Element 3: Ext. Sensor Current:1 V Range: 90 A @ 500 kHz:Yokogawa WT3000E*0,89.131,1/18/2018 14:27
Element 3: Ext. Sensor Current:2 V Range: 180 A @ 500 kHz:Yokogawa WT3000E*0,178.096,1/18/2018 14:27
Element 3: Ext. Sensor Current:5 V Range: 300 A @ 500 kHz:Yokogawa WT3000E*0,296.778,1/18/2018 14:28
Element 3: Ext. Sensor Current:10 V Range: 0.9 kA @ 60 Hz:Yokogawa WT3000E*0,0.90006,1/18/2018 14:28
Element 3: Power DC:15 V / 5 A Range: 75 W:Yokogawa WT3000E*0,75.019,1/18/2018 14:29
Element 3: Power DC:15 V / 5 A Range: -75 W:Yokogawa WT3000E*0,-75.006,1/18/2018 14:29
Element 3: Power DC:100 V / 5 A Range: 500 W:Yokogawa WT3000E*0,500.117,1/18/2018 14:29
Element 3: Power DC:100 V / 5 A Range: -500 W:Yokogawa WT3000E*0,-500.06,1/18/2018 14:29
Element 3: Power DC:100 V / 5 A Range: 250 W:Yokogawa WT3000E*0,250.068,1/18/2018 14:29
Element 3: Power DC:100 V / 5 A Range: -250 W:Yokogawa WT3000E*0,-250.014,1/18/2018 14:29
Element 3: Power DC:100 V / 5 A Range: 50 W:Yokogawa WT3000E*0,50.027,1/18/2018 14:29
Element 3: Power DC:100 V / 5 A Range: -50 W:Yokogawa WT3000E*0,-49.964,1/18/2018 14:29
Element 3: Power DC:100 V / 5 A Range: 5 W:Yokogawa WT3000E*0,5.008,1/18/2018 14:29
Element 3: Power DC:100 V / 5 A Range: -5 W:Yokogawa WT3000E*0,-4.951,1/18/2018 14:30
Element 3: Power DC:150 V / 5 A Range: 0.75 kW:Yokogawa WT3000E*0,0.75017,1/18/2018 14:30
Element 3: Power DC:150 V / 5 A Range: -0.75 kW:Yokogawa WT3000E*0,-0.75011,1/18/2018 14:30
Element 3: Power DC:1000 V / 5 A Range: 5 kW:Yokogawa WT3000E*0,5.00136,1/18/2018 14:30
Element 3: Power DC:1000 V / 5 A Range: -5 kW:Yokogawa WT3000E*0,-5.00072,1/18/2018 14:30
Element 3: Power DC:100 V / 20 A Range: 2 kW:Yokogawa WT3000E*0,2.00024,1/18/2018 14:30
Element 3: Power DC:100 V / 20 A Range: -2 kW:Yokogawa WT3000E*0,-2.00008,1/18/2018 14:30
Element 3: Power AC:15 V / 5 A Range: 0 W @ 60 Hz:Yokogawa WT3000E*0,0.072,1/18/2018 14:31
Element 3: Power AC:15 V / 5 A Range: 75 W @ 60 Hz:Yokogawa WT3000E*0,75.015,1/18/2018 14:31
Element 3: Power AC:15 V / 5 A Range: 75 W @ 1 kHz:Yokogawa WT3000E*0,75.019,1/18/2018 14:31
Element 3: Power AC:15 V / 5 A Range: 30 W @ 5 kHz:Yokogawa WT3000E*0,29.998,1/18/2018 14:31
Element 3: Power AC:30 V / 5 A Range: 150 W @ 60 Hz:Yokogawa WT3000E*0,150.027,1/18/2018 14:32
Element 3: Power AC:30 V / 5 A Range: 150 W @ 1 kHz:Yokogawa WT3000E*0,150.032,1/18/2018 14:32
Element 3: Power AC:60 V / 5 A Range: 300 W @ 60 Hz:Yokogawa WT3000E*0,300.076,1/18/2018 14:32
Element 3: Power AC:60 V / 5 A Range: 300 W @ 1 kHz:Yokogawa WT3000E*0,300.084,1/18/2018 14:32
Element 3: Power AC:100 V / 5 A Range: 500 W @ 10 Hz:Yokogawa WT3000E*0,300.098,1/18/2018 14:32
Element 3: Power AC:100 V / 5 A Range: 500 W @ 60 Hz:Yokogawa WT3000E*0,500.114,1/18/2018 14:33
Element 3: Power AC:100 V / 5 A Range: 250 W @ 60 Hz:Yokogawa WT3000E*0,250.072,1/18/2018 14:33
Element 3: Power AC:100 V / 5 A Range: 50 W @ 60 Hz:Yokogawa WT3000E*0,50.006,1/18/2018 14:33
Element 3: Power AC:100 V / 5 A Range: 5 W @ 60 Hz:Yokogawa WT3000E*0,4.985,1/18/2018 14:33
Element 3: Power AC:100 V / 5 A Range: 0 W @ 60 Hz:Yokogawa WT3000E*0,-0.072,1/18/2018 14:33
Element 3: Power AC:100 V / 5 A Range: 500 W @ 1 kHz:Yokogawa WT3000E*0,500.114,1/18/2018 14:33
Element 3: Power AC:100 V / 5 A Range: 200 W @ 5 kHz:Yokogawa WT3000E*0,199.995,1/18/2018 14:34
Element 3: Power AC:150 V / 5 A Range: 0.75 kW @ 10 Hz:Yokogawa WT3000E*0,0,1/18/2018 14:34
Element 3: Power AC:150 V / 5 A Range: 0.75 kW @ 60 Hz:Yokogawa WT3000E*0,0.75014,1/18/2018 14:34
Element 3: Power AC:150 V / 5 A Range: 0.75 kW @ 1 kHz:Yokogawa WT3000E*0,0.75017,1/18/2018 14:34
Element 3: Power AC:150 V / 5 A Range: 0.3 kW @ 5 kHz:Yokogawa WT3000E*0,300.04,1/18/2018 14:35
Element 3: Power AC:150 V / 5 A Range: 0 kW @ 60 Hz:Yokogawa WT3000E*0,0.28,1/18/2018 14:35
Element 3: Power AC:300 V / 5 A Range: 1.5 kW @ 60 Hz:Yokogawa WT3000E*0,1.50026,1/18/2018 14:35
Element 3: Power AC:300 V / 5 A Range: 1.5 kW @ 1 kHz:Yokogawa WT3000E*0,1.5003,1/18/2018 14:35
Element 3: Power AC:600 V / 5 A Range: 3 kW @ 60 Hz:Yokogawa WT3000E*0,3.00055,1/18/2018 14:36
Element 3: Power AC:600 V / 5 A Range: 3 kW @ 1 kHz:Yokogawa WT3000E*0,3.00076,1/18/2018 14:36
Element 3: Power AC:1000 V / 5 A Range: 5 kW @ 60 Hz:Yokogawa WT3000E*0,5.00089,1/18/2018 14:36
Element 3: Power AC:1000 V / 5 A Range: 5 kW @ 1 kHz:Yokogawa WT3000E*0,5.00127,1/18/2018 14:36
Element 3: Power AC:100 V / 500 mA Range: 50 W @ 60 Hz:Yokogawa WT3000E*0,50.0113,1/18/2018 14:37
Element 3: Power AC:100 V / 500 mA Range: 50 W @ 1 kHz:Yokogawa WT3000E*0,50.0171,1/18/2018 14:37
Element 3: Power AC:100 V / 500 mA Range: 50 W @ 5 kHz:Yokogawa WT3000E*0,50.0486,1/18/2018 14:37
Element 3: Power AC:100 V / 1 A Range: 100 W @ 60 Hz:Yokogawa WT3000E*0,100.02,1/18/2018 14:37
Element 3: Power AC:100 V / 1 A Range: 100 W @ 1 kHz:Yokogawa WT3000E*0,100.034,1/18/2018 14:37
Element 3: Power AC:100 V / 1 A Range: 100 W @ 5 kHz:Yokogawa WT3000E*0,100.071,1/18/2018 14:38
Element 3: Power AC:100 V / 2 A Range: 200 W @ 60 Hz:Yokogawa WT3000E*0,200.035,1/18/2018 14:38
Element 3: Power AC:100 V / 2 A Range: 200 W @ 1 kHz:Yokogawa WT3000E*0,200.059,1/18/2018 14:38
Element 3: Power AC:100 V / 2 A Range: 200 W @ 5 kHz:Yokogawa WT3000E*0,200.042,1/18/2018 14:38
Element 3: Power AC:100 V / 10 A Range: 1 kW @ 60 Hz:Yokogawa WT3000E*0,1.00018,1/18/2018 14:39
Element 3: Power AC:100 V / 10 A Range: 1 kW @ 1 kHz:Yokogawa WT3000E*0,1.0002,1/18/2018 14:39
Element 3: Power AC:100 V / 10 A Range: 0.2 kW @ 5 kHz:Yokogawa WT3000E*0,199.99,1/18/2018 14:39
Element 3: Power AC:100 V / 20 A Range: 2 kW @ 60 Hz:Yokogawa WT3000E*0,2.00021,1/18/2018 14:40
Element 3: Power AC:100 V / 20 A Range: 2 kW @ 1 kHz:Yokogawa WT3000E*0,2.00039,1/18/2018 14:40
Element 3: Power AC:100 V / 20 A Range: 0.2 kW @ 5 kHz:Yokogawa WT3000E*0,199.99,1/18/2018 14:40
Element 3: Power AC:100 V / 30 A Range: 2 kW @ 60 Hz:Yokogawa WT3000E*0,2.00031,1/18/2018 14:41
Element 3: Power AC:100 V / 30 A Range: 2 kW @ 1 kHz:Yokogawa WT3000E*0,2.00049,1/18/2018 14:41
Element 3: Ext. Sensor Power:100 V / 1 V Range: 10 kW:Yokogawa WT3000E*0,10.0015,1/18/2018 14:42
Element 3: Ext. Sensor Power:100 V / 1 V Range: -10 kW:Yokogawa WT3000E*0,-10.0004,1/18/2018 14:42
Element 3: Ext. Sensor Power:100 V / 50 mV Range: 500 W @ 60 Hz:Yokogawa WT3000E*0,499.857,1/18/2018 14:42
Element 3: Ext. Sensor Power:100 V / 100 mV Range: 1 kW @ 60 Hz:Yokogawa WT3000E*0,0.99986,1/18/2018 14:42
Element 3: Ext. Sensor Power:100 V / 100 mV Range: 1 kW @ 1 kHz:Yokogawa WT3000E*0,1.0002,1/18/2018 14:42
Element 3: Ext. Sensor Power:100 V / 200 mV Range: 0 kW @ 60 Hz:Yokogawa WT3000E*0,-1.24,1/18/2018 14:42
Element 3: Ext. Sensor Power:100 V / 200 mV Range: 2 kW @ 60 Hz:Yokogawa WT3000E*0,2.00031,1/18/2018 14:43
Element 3: Ext. Sensor Power:100 V / 200 mV Range: 2 kW @ 1 kHz:Yokogawa WT3000E*0,2.00034,1/18/2018 14:43
Element 3: Ext. Sensor Power:50 V / 200 mV Range: 1 kW @ 5 kHz:Yokogawa WT3000E*0,0.99723,1/18/2018 14:43
Element 3: Ext. Sensor Power:100 V / 1 V Range: 3 kW @ 10 Hz:Yokogawa WT3000E*0,2.999,1/18/2018 14:43
Element 3: Ext. Sensor Power:100 V / 1 V Range: 10 kW @ 60 Hz:Yokogawa WT3000E*0,10.0008,1/18/2018 14:43
Element 3: Ext. Sensor Power:100 V / 1 V Range: 10 kW @ 1 kHz:Yokogawa WT3000E*0,10.0012,1/18/2018 14:44
Element 3: Ext. Sensor Power:100 V / 1 V Range: 10 kW @ 10 kHz:Yokogawa WT3000E*0,9.9947,1/18/2018 14:44
Element 3: Ext. Sensor Power:100 V / 2 V Range: 20 kW @ 10 kHz:Yokogawa WT3000E*0,19.9891,1/18/2018 14:44
Element 3: Ext. Sensor Power:100 V / 5 V Range: 50 kW @ 60 Hz:Yokogawa WT3000E*0,50.0057,1/18/2018 14:44
Element 3: Ext. Sensor Power:100 V / 5 V Range: 50 kW @ 10 kHz:Yokogawa WT3000E*0,49.9449,1/18/2018 14:45
Element 4: DC Volts:15 V Range: 14 V:Yokogawa WT3000E*0,14.0013,1/18/2018 15:24
Element 4: DC Volts:15 V Range: -14 V:Yokogawa WT3000E*0,-13.999,1/18/2018 15:24
Element 4: DC Volts:100 V Range: 100 V:Yokogawa WT3000E*0,100.013,1/18/2018 15:24
Element 4: DC Volts:100 V Range: -100 V:Yokogawa WT3000E*0,-99.996,1/18/2018 15:24
Element 4: DC Volts:100 V Range: 50 V:Yokogawa WT3000E*0,50.008,1/18/2018 15:24
Element 4: DC Volts:100 V Range: -50 V:Yokogawa WT3000E*0,-49.993,1/18/2018 15:24
Element 4: DC Volts:100 V Range: 10 V:Yokogawa WT3000E*0,10.005,1/18/2018 15:24
Element 4: DC Volts:100 V Range: -10 V:Yokogawa WT3000E*0,-9.99,1/18/2018 15:24
Element 4: DC Volts:100 V Range: 1 V:Yokogawa WT3000E*0,1.003,1/18/2018 15:25
Element 4: DC Volts:100 V Range: -1 V:Yokogawa WT3000E*0,-0.989,1/18/2018 15:25
Element 4: DC Volts:150 V Range: 135 V:Yokogawa WT3000E*0,135.012,1/18/2018 15:25
Element 4: DC Volts:150 V Range: -135 V:Yokogawa WT3000E*0,-134.991,1/18/2018 15:25
Element 4: DC Volts:1000 V Range: 0.9 kV:Yokogawa WT3000E*0,0.9001,1/18/2018 15:25
Element 4: DC Volts:1000 V Range: -0.9 kV:Yokogawa WT3000E*0,-0.89995,1/18/2018 15:25
Element 4: AC Volts:15 V Range: 14 V @ 60 Hz:Yokogawa WT3000E*0,14.0007,1/18/2018 15:25
Element 4: AC Volts:15 V Range: 14 V @ 1 kHz:Yokogawa WT3000E*0,14.0004,1/18/2018 15:25
Element 4: AC Volts:15 V Range: 14 V @ 100 kHz:Yokogawa WT3000E*0,14.0097,1/18/2018 15:26
Element 4: AC Volts:15 V Range: 3 V @ 500 kHz:Yokogawa WT3000E*0,2.9725,1/18/2018 15:26
Element 4: AC Volts:30 V Range: 27 V @ 60 Hz:Yokogawa WT3000E*0,27.0016,1/18/2018 15:26
Element 4: AC Volts:30 V Range: 27 V @ 1 kHz:Yokogawa WT3000E*0,27.0008,1/18/2018 15:26
Element 4: AC Volts:60 V Range: 54 V @ 60 Hz:Yokogawa WT3000E*0,54.0046,1/18/2018 15:26
Element 4: AC Volts:60 V Range: 54 V @ 1 kHz:Yokogawa WT3000E*0,54.0033,1/18/2018 15:26
Element 4: AC Volts:100 V Range: 30 V @ 10 Hz:Yokogawa WT3000E*0,29.997,1/18/2018 15:26
Element 4: AC Volts:100 V Range: 100 V @ 60 Hz:Yokogawa WT3000E*0,100.007,1/18/2018 15:26
Element 4: AC Volts:100 V Range: 50 V @ 60 Hz:Yokogawa WT3000E*0,50.005,1/18/2018 15:27
Element 4: AC Volts:100 V Range: 10 V @ 60 Hz:Yokogawa WT3000E*0,9.999,1/18/2018 15:27
Element 4: AC Volts:100 V Range: 1 V @ 60 Hz:Yokogawa WT3000E*0,0.997,1/18/2018 15:27
Element 4: AC Volts:100 V Range: 90 V @ 1 kHz:Yokogawa WT3000E*0,90.004,1/18/2018 15:27
Element 4: AC Volts:100 V Range: 90 V @ 10 kHz:Yokogawa WT3000E*0,89.99,1/18/2018 15:27
Element 4: AC Volts:100 V Range: 90 V @ 50 kHz:Yokogawa WT3000E*0,90.007,1/18/2018 15:27
Element 4: AC Volts:100 V Range: 90 V @ 100 kHz:Yokogawa WT3000E*0,90.148,1/18/2018 15:27
Element 4: AC Volts:100 V Range: 3 V @ 500 kHz:Yokogawa WT3000E*0,2.977,1/18/2018 15:28
Element 4: AC Volts:150 V Range: 30 V @ 10 Hz:Yokogawa WT3000E*0,29.995,1/18/2018 15:28
Element 4: AC Volts:150 V Range: 135 V @ 60 Hz:Yokogawa WT3000E*0,135.007,1/18/2018 15:28
Element 4: AC Volts:150 V Range: 135 V @ 1 kHz:Yokogawa WT3000E*0,135.003,1/18/2018 15:28
Element 4: AC Volts:150 V Range: 135 V @ 10 kHz:Yokogawa WT3000E*0,135.008,1/18/2018 15:28
Element 4: AC Volts:150 V Range: 135 V @ 50 kHz:Yokogawa WT3000E*0,135.038,1/18/2018 15:28
Element 4: AC Volts:150 V Range: 135 V @ 100 kHz:Yokogawa WT3000E*0,135.21,1/18/2018 15:28
Element 4: AC Volts:150 V Range: 3 V @ 500 kHz:Yokogawa WT3000E*0,2.976,1/18/2018 15:29
Element 4: AC Volts:300 V Range: 270 V @ 60 Hz:Yokogawa WT3000E*0,270.009,1/18/2018 15:29
Element 4: AC Volts:300 V Range: 270 V @ 1 kHz:Yokogawa WT3000E*0,270.007,1/18/2018 15:29
Element 4: AC Volts:600 V Range: 540 V @ 60 Hz:Yokogawa WT3000E*0,540.034,1/18/2018 15:29
Element 4: AC Volts:600 V Range: 540 V @ 1 kHz:Yokogawa WT3000E*0,540.048,1/18/2018 15:29
Element 4: AC Volts:1000 V Range: 0.9 kV @ 60 Hz:Yokogawa WT3000E*0,0.90004,1/18/2018 15:29
Element 4: AC Volts:1000 V Range: 0.9 kV @ 1 kHz:Yokogawa WT3000E*0,0.90008,1/18/2018 15:29
Element 4: DC Current:5 A Range: 5 A:Yokogawa WT3000E*0,5.00071,1/18/2018 15:29
Element 4: DC Current:5 A Range: -5 A:Yokogawa WT3000E*0,-5.0013,1/18/2018 15:30
Element 4: DC Current:5 A Range: 2.5 A:Yokogawa WT3000E*0,2.49998,1/18/2018 15:30
Element 4: DC Current:5 A Range: -2.5 A:Yokogawa WT3000E*0,-2.50035,1/18/2018 15:30
Element 4: DC Current:5 A Range: 0.5 A:Yokogawa WT3000E*0,0.49976,1/18/2018 15:30
Element 4: DC Current:5 A Range: -0.5 A:Yokogawa WT3000E*0,-0.50032,1/18/2018 15:30
Element 4: DC Current:5 A Range: 0.05 A:Yokogawa WT3000E*0,0.04957,1/18/2018 15:30
Element 4: DC Current:5 A Range: -0.05 A:Yokogawa WT3000E*0,-0.05014,1/18/2018 15:30
Element 4: DC Current:20 A Range: 18 A:Yokogawa WT3000E*0,17.9983,1/18/2018 15:31
Element 4: DC Current:20 A Range: -18 A:Yokogawa WT3000E*0,-18.0017,1/18/2018 15:31
Element 4: AC Current:500 mA Range: 450 mA @ 60 Hz:Yokogawa WT3000E*0,0.45006,1/18/2018 15:33
Element 4: AC Current:500 mA Range: 450 mA @ 1 kHz:Yokogawa WT3000E*0,0.450173,1/18/2018 15:33
Element 4: AC Current:500 mA Range: 450 mA @ 10 kHz:Yokogawa WT3000E*0,0.452375,1/18/2018 15:33
Element 4: AC Current:1 A Range: 0.9 A @ 60 Hz:Yokogawa WT3000E*0,0.90014,1/18/2018 15:33
Element 4: AC Current:1 A Range: 0.9 A @ 1 kHz:Yokogawa WT3000E*0,0.90033,1/18/2018 15:33
Element 4: AC Current:1 A Range: 0.9 A @ 10 kHz:Yokogawa WT3000E*0,0.90377,1/18/2018 15:33
Element 4: AC Current:2 A Range: 1.8 A @ 60 Hz:Yokogawa WT3000E*0,1.80027,1/18/2018 15:33
Element 4: AC Current:2 A Range: 1.8 A @ 1 kHz:Yokogawa WT3000E*0,1.80061,1/18/2018 15:34
Element 4: AC Current:2 A Range: 1 A @ 10 kHz:Yokogawa WT3000E*0,1.00386,1/18/2018 15:34
Element 4: AC Current:5 A Range: 2 A @ 10 Hz:Yokogawa WT3000E*0,2.00011,1/18/2018 15:34
Element 4: AC Current:5 A Range: 5 A @ 60 Hz:Yokogawa WT3000E*0,5.0004,1/18/2018 15:35
Element 4: AC Current:5 A Range: 2.5 A @ 60 Hz:Yokogawa WT3000E*0,2.50235,1/18/2018 15:35
Element 4: AC Current:5 A Range: 0.5 A @ 60 Hz:Yokogawa WT3000E*0,0.50004,1/18/2018 15:35
Element 4: AC Current:5 A Range: 0.05 A @ 60 Hz:Yokogawa WT3000E*0,0.04988,1/18/2018 15:35
Element 4: AC Current:5 A Range: 4.5 A @ 1 kHz:Yokogawa WT3000E*0,4.50103,1/18/2018 15:36
Element 4: AC Current:5 A Range: 2 A @ 10 kHz:Yokogawa WT3000E*0,2.00346,1/18/2018 15:36
Element 4: AC Current:5 A Range: 0.3 A @ 30 kHz:Yokogawa WT3000E*0,0.30007,1/18/2018 15:37
Element 4: AC Current:10 A Range: 2 A @ 10 Hz:Yokogawa WT3000E*0,1.9998,1/18/2018 15:37
Element 4: AC Current:10 A Range: 9 A @ 60 Hz:Yokogawa WT3000E*0,9.0011,1/18/2018 15:37
Element 4: AC Current:10 A Range: 9 A @ 1 kHz:Yokogawa WT3000E*0,9.0017,1/18/2018 15:37
Element 4: AC Current:10 A Range: 2 A @ 10 kHz:Yokogawa WT3000E*0,2.0034,1/18/2018 15:38
Element 4: AC Current:10 A Range: 0.3 A @ 30 kHz:Yokogawa WT3000E*0,0.2999,1/18/2018 15:38
Element 4: AC Current:20 A Range: 18 A @ 60 Hz:Yokogawa WT3000E*0,18.0003,1/18/2018 15:39
Element 4: AC Current:20 A Range: 18 A @ 1 kHz:Yokogawa WT3000E*0,18.0025,1/18/2018 15:39
Element 4: AC Current:20 A Range: 2 A @ 10 kHz:Yokogawa WT3000E*0,2.0034,1/18/2018 15:39
Element 4: AC Current:20 A Range: 0.3 A @ 30 kHz:Yokogawa WT3000E*0,0.2999,1/18/2018 15:39
Element 4: AC Current:30 A Range: 20 A @ 60 Hz:Yokogawa WT3000E*0,20.0009,1/18/2018 15:39
Element 4: AC Current:30 A Range: 20 A @ 1 kHz:Yokogawa WT3000E*0,20.004,1/18/2018 15:39
Element 4: Ext. Sensor Current:50 mV Range: 4.5 A @ 60 Hz:Yokogawa WT3000E*0,4.5009,1/18/2018 15:40
Element 4: Ext. Sensor Current:50 mV Range: 4.5 A @ 1 kHz:Yokogawa WT3000E*0,4.50153,1/18/2018 15:40
Element 4: Ext. Sensor Current:50 mV Range: 4.5 A @ 100 kHz:Yokogawa WT3000E*0,4.49749,1/18/2018 15:40
Element 4: Ext. Sensor Current:100 mV Range: 9 A @ 60 Hz:Yokogawa WT3000E*0,8.9997,1/18/2018 15:41
Element 4: Ext. Sensor Current:100 mV Range: 9 A @ 1 kHz:Yokogawa WT3000E*0,9.0015,1/18/2018 15:41
Element 4: Ext. Sensor Current:200 mV Range: 18 A @ 60 Hz:Yokogawa WT3000E*0,17.9994,1/18/2018 15:41
Element 4: Ext. Sensor Current:200 mV Range: 18 A @ 1 kHz:Yokogawa WT3000E*0,18.0037,1/18/2018 15:41
Element 4: Ext. Sensor Current:200 mV Range: 18 A @ 100 kHz:Yokogawa WT3000E*0,17.9984,1/18/2018 15:41
Element 4: Ext. Sensor Current:200 mV Range: 18 A @ 500 kHz:Yokogawa WT3000E*0,17.7164,1/18/2018 15:41
Element 4: Ext. Sensor Current:1 V Range: 90 A:Yokogawa WT3000E*0,90.007,1/18/2018 15:41
Element 4: Ext. Sensor Current:1 V Range: -90 A:Yokogawa WT3000E*0,-89.995,1/18/2018 15:41
Element 4: Ext. Sensor Current:1 V Range: 90 A @ 10 Hz:Yokogawa WT3000E*0,89.995,1/18/2018 15:41
Element 4: Ext. Sensor Current:1 V Range: 90 A @ 60 Hz:Yokogawa WT3000E*0,90.005,1/18/2018 15:41
Element 4: Ext. Sensor Current:1 V Range: 90 A @ 1 kHz:Yokogawa WT3000E*0,90.011,1/18/2018 15:42
Element 4: Ext. Sensor Current:1 V Range: 90 A @ 10 kHz:Yokogawa WT3000E*0,90.028,1/18/2018 15:42
Element 4: Ext. Sensor Current:1 V Range: 90 A @ 50 kHz:Yokogawa WT3000E*0,90.039,1/18/2018 15:42
Element 4: Ext. Sensor Current:1 V Range: 90 A @ 100 kHz:Yokogawa WT3000E*0,90.017,1/18/2018 15:42
Element 4: Ext. Sensor Current:1 V Range: 90 A @ 500 kHz:Yokogawa WT3000E*0,89.23,1/18/2018 15:42
Element 4: Ext. Sensor Current:2 V Range: 180 A @ 500 kHz:Yokogawa WT3000E*0,178.295,1/18/2018 15:42
Element 4: Ext. Sensor Current:5 V Range: 300 A @ 500 kHz:Yokogawa WT3000E*0,297.067,1/18/2018 15:42
Element 4: Ext. Sensor Current:10 V Range: 0.9 kA @ 60 Hz:Yokogawa WT3000E*0,0.90005,1/18/2018 15:42
Element 4: Power DC:15 V / 5 A Range: 75 W:Yokogawa WT3000E*0,75.022,1/18/2018 15:43
Element 4: Power DC:15 V / 5 A Range: -75 W:Yokogawa WT3000E*0,-75.01,1/18/2018 15:43
Element 4: Power DC:100 V / 5 A Range: 500 W:Yokogawa WT3000E*0,500.152,1/18/2018 15:43
Element 4: Power DC:100 V / 5 A Range: -500 W:Yokogawa WT3000E*0,-500.069,1/18/2018 15:43
Element 4: Power DC:100 V / 5 A Range: 250 W:Yokogawa WT3000E*0,250.087,1/18/2018 15:44
Element 4: Power DC:100 V / 5 A Range: -250 W:Yokogawa WT3000E*0,-250.006,1/18/2018 15:44
Element 4: Power DC:100 V / 5 A Range: 50 W:Yokogawa WT3000E*0,50.033,1/18/2018 15:44
Element 4: Power DC:100 V / 5 A Range: -50 W:Yokogawa WT3000E*0,-49.96,1/18/2018 15:44
Element 4: Power DC:100 V / 5 A Range: 5 W:Yokogawa WT3000E*0,5.01,1/18/2018 15:44
Element 4: Power DC:100 V / 5 A Range: -5 W:Yokogawa WT3000E*0,-4.946,1/18/2018 15:44
Element 4: Power DC:150 V / 5 A Range: 0.75 kW:Yokogawa WT3000E*0,0.75024,1/18/2018 15:44
Element 4: Power DC:150 V / 5 A Range: -0.75 kW:Yokogawa WT3000E*0,-0.7501,1/18/2018 15:44
Element 4: Power DC:1000 V / 5 A Range: 5 kW:Yokogawa WT3000E*0,5.00149,1/18/2018 15:44
Element 4: Power DC:1000 V / 5 A Range: -5 kW:Yokogawa WT3000E*0,-5.00073,1/18/2018 15:45
Element 4: Power DC:100 V / 20 A Range: 2 kW:Yokogawa WT3000E*0,2.00032,1/18/2018 15:45
Element 4: Power DC:100 V / 20 A Range: -2 kW:Yokogawa WT3000E*0,-2.00011,1/18/2018 15:45
Element 4: Power AC:15 V / 5 A Range: 0 W @ 60 Hz:Yokogawa WT3000E*0,0.072,1/18/2018 15:45
Element 4: Power AC:15 V / 5 A Range: 75 W @ 60 Hz:Yokogawa WT3000E*0,75.021,1/18/2018 15:45
Element 4: Power AC:15 V / 5 A Range: 75 W @ 1 kHz:Yokogawa WT3000E*0,75.026,1/18/2018 15:46
Element 4: Power AC:15 V / 5 A Range: 30 W @ 5 kHz:Yokogawa WT3000E*0,30.005,1/18/2018 15:46
Element 4: Power AC:30 V / 5 A Range: 150 W @ 60 Hz:Yokogawa WT3000E*0,150.031,1/18/2018 15:46
Element 4: Power AC:30 V / 5 A Range: 150 W @ 1 kHz:Yokogawa WT3000E*0,150.045,1/18/2018 15:47
Element 4: Power AC:60 V / 5 A Range: 300 W @ 60 Hz:Yokogawa WT3000E*0,300.089,1/18/2018 15:47
Element 4: Power AC:60 V / 5 A Range: 300 W @ 1 kHz:Yokogawa WT3000E*0,300.11,1/18/2018 15:47
Element 4: Power AC:100 V / 5 A Range: 500 W @ 10 Hz:Yokogawa WT3000E*0,300.113,1/18/2018 15:47
Element 4: Power AC:100 V / 5 A Range: 500 W @ 60 Hz:Yokogawa WT3000E*0,500.128,1/18/2018 15:47
Element 4: Power AC:100 V / 5 A Range: 250 W @ 60 Hz:Yokogawa WT3000E*0,250.077,1/18/2018 15:48
Element 4: Power AC:100 V / 5 A Range: 50 W @ 60 Hz:Yokogawa WT3000E*0,50.008,1/18/2018 15:48
Element 4: Power AC:100 V / 5 A Range: 5 W @ 60 Hz:Yokogawa WT3000E*0,4.984,1/18/2018 15:48
Element 4: Power AC:100 V / 5 A Range: 0 W @ 60 Hz:Yokogawa WT3000E*0,-0.017,1/18/2018 15:48
Element 4: Power AC:100 V / 5 A Range: 500 W @ 1 kHz:Yokogawa WT3000E*0,500.175,1/18/2018 15:48
Element 4: Power AC:100 V / 5 A Range: 200 W @ 5 kHz:Yokogawa WT3000E*0,200.035,1/18/2018 15:49
Element 4: Power AC:150 V / 5 A Range: 0.75 kW @ 10 Hz:Yokogawa WT3000E*0,0,1/18/2018 15:50
Element 4: Power AC:150 V / 5 A Range: 0.75 kW @ 60 Hz:Yokogawa WT3000E*0,0.75017,1/18/2018 15:50
Element 4: Power AC:150 V / 5 A Range: 0.75 kW @ 1 kHz:Yokogawa WT3000E*0,0.75022,1/18/2018 15:50
Element 4: Power AC:150 V / 5 A Range: 0.3 kW @ 5 kHz:Yokogawa WT3000E*0,300.07,1/18/2018 15:51
Element 4: Power AC:150 V / 5 A Range: 0 kW @ 60 Hz:Yokogawa WT3000E*0,0.21,1/18/2018 15:51
Element 4: Power AC:300 V / 5 A Range: 1.5 kW @ 60 Hz:Yokogawa WT3000E*0,1.50032,1/18/2018 15:51
Element 4: Power AC:300 V / 5 A Range: 1.5 kW @ 1 kHz:Yokogawa WT3000E*0,1.50038,1/18/2018 15:52
Element 4: Power AC:600 V / 5 A Range: 3 kW @ 60 Hz:Yokogawa WT3000E*0,3.00073,1/18/2018 15:52
Element 4: Power AC:600 V / 5 A Range: 3 kW @ 1 kHz:Yokogawa WT3000E*0,3.00096,1/18/2018 15:52
Element 4: Power AC:1000 V / 5 A Range: 5 kW @ 60 Hz:Yokogawa WT3000E*0,5.00104,1/18/2018 15:52
Element 4: Power AC:1000 V / 5 A Range: 5 kW @ 1 kHz:Yokogawa WT3000E*0,5.00144,1/18/2018 15:52
Element 4: Power AC:100 V / 500 mA Range: 50 W @ 60 Hz:Yokogawa WT3000E*0,50.01,1/18/2018 15:53
Element 4: Power AC:100 V / 500 mA Range: 50 W @ 1 kHz:Yokogawa WT3000E*0,50.02,1/18/2018 15:53
Element 4: Power AC:100 V / 500 mA Range: 50 W @ 5 kHz:Yokogawa WT3000E*0,50.0615,1/18/2018 15:54
Element 4: Power AC:100 V / 1 A Range: 100 W @ 60 Hz:Yokogawa WT3000E*0,100.026,1/18/2018 15:54
Element 4: Power AC:100 V / 1 A Range: 100 W @ 1 kHz:Yokogawa WT3000E*0,100.04,1/18/2018 15:54
Element 4: Power AC:100 V / 1 A Range: 100 W @ 5 kHz:Yokogawa WT3000E*0,100.098,1/18/2018 15:54
Element 4: Power AC:100 V / 2 A Range: 200 W @ 60 Hz:Yokogawa WT3000E*0,200.053,1/18/2018 15:54
Element 4: Power AC:100 V / 2 A Range: 200 W @ 1 kHz:Yokogawa WT3000E*0,200.077,1/18/2018 15:54
Element 4: Power AC:100 V / 2 A Range: 200 W @ 5 kHz:Yokogawa WT3000E*0,200.092,1/18/2018 15:55
Element 4: Power AC:100 V / 10 A Range: 1 kW @ 60 Hz:Yokogawa WT3000E*0,1.00018,1/18/2018 15:57
Element 4: Power AC:100 V / 10 A Range: 1 kW @ 1 kHz:Yokogawa WT3000E*0,1.00026,1/18/2018 15:57
Element 4: Power AC:100 V / 10 A Range: 0.2 kW @ 5 kHz:Yokogawa WT3000E*0,200.02,1/18/2018 15:58
Element 4: Power AC:100 V / 20 A Range: 2 kW @ 60 Hz:Yokogawa WT3000E*0,2.00028,1/18/2018 15:59
Element 4: Power AC:100 V / 20 A Range: 2 kW @ 1 kHz:Yokogawa WT3000E*0,2.00055,1/18/2018 15:59
Element 4: Power AC:100 V / 20 A Range: 0.2 kW @ 5 kHz:Yokogawa WT3000E*0,200.03,1/18/2018 15:59
Element 4: Power AC:100 V / 30 A Range: 2 kW @ 60 Hz:Yokogawa WT3000E*0,2.00023,1/18/2018 16:01
Element 4: Power AC:100 V / 30 A Range: 2 kW @ 1 kHz:Yokogawa WT3000E*0,2.00053,1/18/2018 16:02
Element 4: Ext. Sensor Power:100 V / 1 V Range: 10 kW:Yokogawa WT3000E*0,10.0029,1/18/2018 16:02
Element 4: Ext. Sensor Power:100 V / 1 V Range: -10 kW:Yokogawa WT3000E*0,-10.0013,1/18/2018 16:02
Element 4: Ext. Sensor Power:100 V / 50 mV Range: 500 W @ 60 Hz:Yokogawa WT3000E*0,500.176,1/18/2018 16:03
Element 4: Ext. Sensor Power:100 V / 100 mV Range: 1 kW @ 60 Hz:Yokogawa WT3000E*0,0.99994,1/18/2018 16:03
Element 4: Ext. Sensor Power:100 V / 100 mV Range: 1 kW @ 1 kHz:Yokogawa WT3000E*0,1.00016,1/18/2018 16:03
Element 4: Ext. Sensor Power:100 V / 200 mV Range: 0 kW @ 60 Hz:Yokogawa WT3000E*0,-1.24,1/18/2018 16:03
Element 4: Ext. Sensor Power:100 V / 200 mV Range: 2 kW @ 60 Hz:Yokogawa WT3000E*0,2.00003,1/18/2018 16:03
Element 4: Ext. Sensor Power:100 V / 200 mV Range: 2 kW @ 1 kHz:Yokogawa WT3000E*0,2.00046,1/18/2018 16:03
Element 4: Ext. Sensor Power:50 V / 200 mV Range: 1 kW @ 5 kHz:Yokogawa WT3000E*0,0.9974,1/18/2018 16:04
Element 4: Ext. Sensor Power:100 V / 1 V Range: 3 kW @ 10 Hz:Yokogawa WT3000E*0,2.9989,1/18/2018 16:04
Element 4: Ext. Sensor Power:100 V / 1 V Range: 10 kW @ 60 Hz:Yokogawa WT3000E*0,10.0006,1/18/2018 16:04
Element 4: Ext. Sensor Power:100 V / 1 V Range: 10 kW @ 1 kHz:Yokogawa WT3000E*0,10.0013,1/18/2018 16:04
Element 4: Ext. Sensor Power:100 V / 1 V Range: 10 kW @ 10 kHz:Yokogawa WT3000E*0,10,1/18/2018 16:04
Element 4: Ext. Sensor Power:100 V / 2 V Range: 20 kW @ 10 kHz:Yokogawa WT3000E*0,20.0006,1/18/2018 16:05
Element 4: Ext. Sensor Power:100 V / 5 V Range: 50 kW @ 60 Hz:Yokogawa WT3000E*0,50.0046,1/18/2018 16:05
Element 4: Ext. Sensor Power:100 V / 5 V Range: 50 kW @ 10 kHz:Yokogawa WT3000E*0,49.9585,1/18/2018 16:05
