Element 1: DC Volts:15 V Range: 14 V:Yokogawa WT3000E*0,13.9999,12/15/2017 8:38:48 AM
Element 1: DC Volts:15 V Range: -14 V:Yokogawa WT3000E*0,-13.9977,12/15/2017 8:38:53 AM
Element 1: DC Volts:100 V Range: 100 V:Yokogawa WT3000E*0,100.002,12/15/2017 8:39:00 AM
Element 1: DC Volts:100 V Range: -100 V:Yokogawa WT3000E*0,-99.984,12/15/2017 8:39:07 AM
Element 1: DC Volts:100 V Range: 50 V:Yokogawa WT3000E*0,50,12/15/2017 8:39:13 AM
Element 1: DC Volts:100 V Range: -50 V:Yokogawa WT3000E*0,-49.985,12/15/2017 8:39:20 AM
Element 1: DC Volts:100 V Range: 10 V:Yokogawa WT3000E*0,10.003,12/15/2017 8:39:26 AM
Element 1: DC Volts:100 V Range: -10 V:Yokogawa WT3000E*0,-9.986,12/15/2017 8:39:31 AM
Element 1: DC Volts:100 V Range: 1 V:Yokogawa WT3000E*0,1,12/15/2017 8:39:37 AM
Element 1: DC Volts:100 V Range: -1 V:Yokogawa WT3000E*0,-0.984,12/15/2017 8:39:42 AM
Element 1: DC Volts:150 V Range: 135 V:Yokogawa WT3000E*0,135.004,12/15/2017 8:39:49 AM
Element 1: DC Volts:150 V Range: -135 V:Yokogawa WT3000E*0,-134.983,12/15/2017 8:39:55 AM
Element 1: DC Volts:1000 V Range: 0.9 kV:Yokogawa WT3000E*0,899.99,12/15/2017 8:40:02 AM
Element 1: DC Volts:1000 V Range: -0.9 kV:Yokogawa WT3000E*0,-899.83,12/15/2017 8:40:12 AM
Element 1: AC Volts:15 V Range: 14 V @ 60 Hz:Yokogawa WT3000E*0,13.9994,12/15/2017 8:40:24 AM
Element 1: AC Volts:15 V Range: 14 V @ 1 kHz:Yokogawa WT3000E*0,13.9992,12/15/2017 8:40:30 AM
Element 1: AC Volts:15 V Range: 14 V @ 100 kHz:Yokogawa WT3000E*0,14.0539,12/15/2017 8:40:37 AM
Element 1: AC Volts:15 V Range: 3 V @ 500 kHz:Yokogawa WT3000E*0,2.993,12/15/2017 8:40:44 AM
Element 1: AC Volts:30 V Range: 27 V @ 60 Hz:Yokogawa WT3000E*0,26.9987,12/15/2017 8:40:52 AM
Element 1: AC Volts:30 V Range: 27 V @ 1 kHz:Yokogawa WT3000E*0,26.9982,12/15/2017 8:40:58 AM
Element 1: AC Volts:60 V Range: 54 V @ 60 Hz:Yokogawa WT3000E*0,53.997,12/15/2017 8:41:07 AM
Element 1: AC Volts:60 V Range: 54 V @ 1 kHz:Yokogawa WT3000E*0,53.9955,12/15/2017 8:41:13 AM
Element 1: AC Volts:100 V Range: 30 V @ 10 Hz:Yokogawa WT3000E*0,29.993,12/15/2017 8:41:25 AM
Element 1: AC Volts:100 V Range: 100 V @ 60 Hz:Yokogawa WT3000E*0,99.995,12/15/2017 8:41:35 AM
Element 1: AC Volts:100 V Range: 50 V @ 60 Hz:Yokogawa WT3000E*0,49.997,12/15/2017 8:41:40 AM
Element 1: AC Volts:100 V Range: 10 V @ 60 Hz:Yokogawa WT3000E*0,9.995,12/15/2017 8:41:49 AM
Element 1: AC Volts:100 V Range: 1 V @ 60 Hz:Yokogawa WT3000E*0,0.993,12/15/2017 8:41:56 AM
Element 1: AC Volts:100 V Range: 90 V @ 1 kHz:Yokogawa WT3000E*0,89.993,12/15/2017 8:42:06 AM
Element 1: AC Volts:100 V Range: 90 V @ 10 kHz:Yokogawa WT3000E*0,90.046,12/15/2017 8:42:16 AM
Element 1: AC Volts:100 V Range: 90 V @ 50 kHz:Yokogawa WT3000E*0,90.269,12/15/2017 8:42:26 AM
Element 1: AC Volts:100 V Range: 90 V @ 100 kHz:Yokogawa WT3000E*0,90.427,12/15/2017 8:42:32 AM
Element 1: AC Volts:100 V Range: 3 V @ 500 kHz:Yokogawa WT3000E*0,2.981,12/15/2017 8:42:40 AM
Element 1: AC Volts:150 V Range: 30 V @ 10 Hz:Yokogawa WT3000E*0,29.99,12/15/2017 8:42:48 AM
Element 1: AC Volts:150 V Range: 135 V @ 60 Hz:Yokogawa WT3000E*0,134.993,12/15/2017 8:42:58 AM
Element 1: AC Volts:150 V Range: 135 V @ 1 kHz:Yokogawa WT3000E*0,134.99,12/15/2017 8:43:04 AM
Element 1: AC Volts:150 V Range: 135 V @ 10 kHz:Yokogawa WT3000E*0,135.038,12/15/2017 8:43:13 AM
Element 1: AC Volts:150 V Range: 135 V @ 50 kHz:Yokogawa WT3000E*0,135.056,12/15/2017 8:43:23 AM
Element 1: AC Volts:150 V Range: 135 V @ 100 kHz:Yokogawa WT3000E*0,135.114,12/15/2017 8:43:29 AM
Element 1: AC Volts:150 V Range: 3 V @ 500 kHz:Yokogawa WT3000E*0,2.987,12/15/2017 8:43:37 AM
Element 1: AC Volts:300 V Range: 270 V @ 60 Hz:Yokogawa WT3000E*0,269.975,12/15/2017 8:43:48 AM
Element 1: AC Volts:300 V Range: 270 V @ 1 kHz:Yokogawa WT3000E*0,269.973,12/15/2017 8:43:54 AM
Element 1: AC Volts:600 V Range: 540 V @ 60 Hz:Yokogawa WT3000E*0,539.944,12/15/2017 8:44:05 AM
Element 1: AC Volts:600 V Range: 540 V @ 1 kHz:Yokogawa WT3000E*0,539.967,12/15/2017 8:44:11 AM
Element 1: AC Volts:1000 V Range: 0.9 kV @ 60 Hz:Yokogawa WT3000E*0,899.88,12/15/2017 8:44:18 AM
Element 1: AC Volts:1000 V Range: 0.9 kV @ 1 kHz:Yokogawa WT3000E*0,899.94,12/15/2017 8:44:24 AM
Element 1: DC Current:5 A Range: 5 A:Yokogawa WT3000E*0,4.99954,12/15/2017 8:44:54 AM
Element 1: DC Current:5 A Range: -5 A:Yokogawa WT3000E*0,-4.99946,12/15/2017 8:44:59 AM
Element 1: DC Current:5 A Range: 2.5 A:Yokogawa WT3000E*0,2.49979,12/15/2017 8:45:11 AM
Element 1: DC Current:5 A Range: -2.5 A:Yokogawa WT3000E*0,-2.49991,12/15/2017 8:45:16 AM
Element 1: DC Current:5 A Range: 0.5 A:Yokogawa WT3000E*0,0.49993,12/15/2017 8:45:22 AM
Element 1: DC Current:5 A Range: -0.5 A:Yokogawa WT3000E*0,-0.50014,12/15/2017 8:45:27 AM
Element 1: DC Current:5 A Range: 0.05 A:Yokogawa WT3000E*0,0.04979,12/15/2017 8:45:33 AM
Element 1: DC Current:5 A Range: -0.05 A:Yokogawa WT3000E*0,-0.0498,12/15/2017 8:45:38 AM
Element 1: DC Current:20 A Range: 18 A:Yokogawa WT3000E*0,17.9983,12/15/2017 8:46:19 AM
Element 1: DC Current:20 A Range: -18 A:Yokogawa WT3000E*0,-17.9993,12/15/2017 8:46:24 AM
Element 1: AC Current:500 mA Range: 450 mA @ 60 Hz:Yokogawa WT3000E*0,0.449884,12/15/2017 8:46:42 AM
Element 1: AC Current:500 mA Range: 450 mA @ 1 kHz:Yokogawa WT3000E*0,0.449929,12/15/2017 8:46:50 AM
Element 1: AC Current:500 mA Range: 450 mA @ 10 kHz:Yokogawa WT3000E*0,0.45207,12/15/2017 8:46:58 AM
Element 1: AC Current:1 A Range: 0.9 A @ 60 Hz:Yokogawa WT3000E*0,0.89991,12/15/2017 8:47:06 AM
Element 1: AC Current:1 A Range: 0.9 A @ 1 kHz:Yokogawa WT3000E*0,0.89999,12/15/2017 8:47:14 AM
Element 1: AC Current:1 A Range: 0.9 A @ 10 kHz:Yokogawa WT3000E*0,0.90342,12/15/2017 8:47:21 AM
Element 1: AC Current:2 A Range: 1.8 A @ 60 Hz:Yokogawa WT3000E*0,1.79996,12/15/2017 8:47:30 AM
Element 1: AC Current:2 A Range: 1.8 A @ 1 kHz:Yokogawa WT3000E*0,1.80004,12/15/2017 8:47:38 AM
Element 1: AC Current:2 A Range: 1 A @ 10 kHz:Yokogawa WT3000E*0,1.00373,12/15/2017 8:47:46 AM
Element 1: AC Current:5 A Range: 2 A @ 10 Hz:Yokogawa WT3000E*0,1.99945,12/15/2017 8:47:53 AM
Element 1: AC Current:5 A Range: 5 A @ 60 Hz:Yokogawa WT3000E*0,4.99929,12/15/2017 9:18:37 AM
Element 1: AC Current:5 A Range: 2.5 A @ 60 Hz:Yokogawa WT3000E*0,2.49989,12/15/2017 9:18:51 AM
Element 1: AC Current:5 A Range: 0.5 A @ 60 Hz:Yokogawa WT3000E*0,0.49997,12/15/2017 9:18:59 AM
Element 1: AC Current:5 A Range: 0.05 A @ 60 Hz:Yokogawa WT3000E*0,0.04987,12/15/2017 9:19:09 AM
Element 1: AC Current:5 A Range: 4.5 A @ 1 kHz:Yokogawa WT3000E*0,4.49941,12/15/2017 9:19:33 AM
Element 1: AC Current:5 A Range: 2 A @ 10 kHz:Yokogawa WT3000E*0,2.00329,12/15/2017 9:19:45 AM
Element 1: AC Current:5 A Range: 0.3 A @ 30 kHz:Yokogawa WT3000E*0,0.30009,12/15/2017 9:19:53 AM
Element 1: AC Current:10 A Range: 2 A @ 10 Hz:Yokogawa WT3000E*0,1.9997,12/15/2017 9:20:02 AM
Element 1: AC Current:10 A Range: 9 A @ 60 Hz:Yokogawa WT3000E*0,8.9997,12/15/2017 9:20:16 AM
Element 1: AC Current:10 A Range: 9 A @ 1 kHz:Yokogawa WT3000E*0,8.9995,12/15/2017 9:20:24 AM
Element 1: AC Current:10 A Range: 2 A @ 10 kHz:Yokogawa WT3000E*0,2.0035,12/15/2017 9:20:36 AM
Element 1: AC Current:10 A Range: 0.3 A @ 30 kHz:Yokogawa WT3000E*0,0.3001,12/15/2017 9:20:45 AM
Element 1: AC Current:20 A Range: 18 A @ 60 Hz:Yokogawa WT3000E*0,17.9974,12/15/2017 9:21:14 AM
Element 1: AC Current:20 A Range: 18 A @ 1 kHz:Yokogawa WT3000E*0,17.9978,12/15/2017 9:21:22 AM
Element 1: AC Current:20 A Range: 2 A @ 10 kHz:Yokogawa WT3000E*0,2.0035,12/15/2017 9:21:48 AM
Element 1: AC Current:20 A Range: 0.3 A @ 30 kHz:Yokogawa WT3000E*0,0.3001,12/15/2017 9:21:56 AM
Element 1: AC Current:30 A Range: 20 A @ 60 Hz:Yokogawa WT3000E*0,19.9984,12/15/2017 9:22:14 AM
Element 1: AC Current:30 A Range: 20 A @ 1 kHz:Yokogawa WT3000E*0,19.9992,12/15/2017 9:22:21 AM
Element 1: Ext. Sensor Current:50 mV Range: 4.5 A @ 60 Hz:Yokogawa WT3000E*0,4.41824,12/15/2017 9:22:44 AM
Element 1: Ext. Sensor Current:50 mV Range: 4.5 A @ 1 kHz:Yokogawa WT3000E*0,4.419,12/15/2017 9:22:50 AM
Element 1: Ext. Sensor Current:50 mV Range: 4.5 A @ 100 kHz:Yokogawa WT3000E*0,4.42126,12/15/2017 9:22:57 AM
Element 1: Ext. Sensor Current:100 mV Range: 9 A @ 60 Hz:Yokogawa WT3000E*0,8.9631,12/15/2017 9:23:03 AM
Element 1: Ext. Sensor Current:100 mV Range: 9 A @ 1 kHz:Yokogawa WT3000E*0,8.9626,12/15/2017 9:23:09 AM
Element 1: Ext. Sensor Current:200 mV Range: 18 A @ 60 Hz:Yokogawa WT3000E*0,17.9908,12/15/2017 9:23:15 AM
Element 1: Ext. Sensor Current:200 mV Range: 18 A @ 1 kHz:Yokogawa WT3000E*0,17.9936,12/15/2017 9:23:21 AM
Element 1: Ext. Sensor Current:200 mV Range: 18 A @ 100 kHz:Yokogawa WT3000E*0,18.0141,12/15/2017 9:23:28 AM
Element 1: Ext. Sensor Current:200 mV Range: 18 A @ 500 kHz:Yokogawa WT3000E*0,17.7593,12/15/2017 9:23:34 AM
Element 1: Ext. Sensor Current:1 V Range: 90 A:Yokogawa WT3000E*0,89.989,12/15/2017 9:23:40 AM
Element 1: Ext. Sensor Current:1 V Range: -90 A:Yokogawa WT3000E*0,-89.993,12/15/2017 9:23:45 AM
Element 1: Ext. Sensor Current:1 V Range: 90 A @ 10 Hz:Yokogawa WT3000E*0,89.984,12/15/2017 9:23:52 AM
Element 1: Ext. Sensor Current:1 V Range: 90 A @ 60 Hz:Yokogawa WT3000E*0,89.993,12/15/2017 9:23:58 AM
Element 1: Ext. Sensor Current:1 V Range: 90 A @ 1 kHz:Yokogawa WT3000E*0,89.995,12/15/2017 9:24:04 AM
Element 1: Ext. Sensor Current:1 V Range: 90 A @ 10 kHz:Yokogawa WT3000E*0,90.061,12/15/2017 9:24:10 AM
Element 1: Ext. Sensor Current:1 V Range: 90 A @ 50 kHz:Yokogawa WT3000E*0,90.152,12/15/2017 9:24:16 AM
Element 1: Ext. Sensor Current:1 V Range: 90 A @ 100 kHz:Yokogawa WT3000E*0,90.145,12/15/2017 9:24:22 AM
Element 1: Ext. Sensor Current:1 V Range: 90 A @ 500 kHz:Yokogawa WT3000E*0,89.647,12/15/2017 9:24:28 AM
Element 1: Ext. Sensor Current:2 V Range: 180 A @ 500 kHz:Yokogawa WT3000E*0,179.285,12/15/2017 9:24:34 AM
Element 1: Ext. Sensor Current:5 V Range: 300 A @ 500 kHz:Yokogawa WT3000E*0,297.351,12/15/2017 9:24:41 AM
Element 1: Ext. Sensor Current:10 V Range: 0.9 kA @ 60 Hz:Yokogawa WT3000E*0,899.98,12/15/2017 9:24:48 AM
Element 1: Power DC:15 V / 5 A Range: 75 W:Yokogawa WT3000E*0,74.997,12/15/2017 9:25:19 AM
Element 1: Power DC:15 V / 5 A Range: -75 W:Yokogawa WT3000E*0,-74.985,12/15/2017 9:25:25 AM
Element 1: Power DC:100 V / 5 A Range: 500 W:Yokogawa WT3000E*0,499.97,12/15/2017 9:25:34 AM
Element 1: Power DC:100 V / 5 A Range: -500 W:Yokogawa WT3000E*0,-499.888,12/15/2017 9:25:41 AM
Element 1: Power DC:100 V / 5 A Range: 250 W:Yokogawa WT3000E*0,249.985,12/15/2017 9:25:48 AM
Element 1: Power DC:100 V / 5 A Range: -250 W:Yokogawa WT3000E*0,-249.908,12/15/2017 9:25:55 AM
Element 1: Power DC:100 V / 5 A Range: 50 W:Yokogawa WT3000E*0,50.013,12/15/2017 9:26:02 AM
Element 1: Power DC:100 V / 5 A Range: -50 W:Yokogawa WT3000E*0,-49.927,12/15/2017 9:26:08 AM
Element 1: Power DC:100 V / 5 A Range: 5 W:Yokogawa WT3000E*0,5.002,12/15/2017 9:26:15 AM
Element 1: Power DC:100 V / 5 A Range: -5 W:Yokogawa WT3000E*0,-4.918,12/15/2017 9:26:21 AM
Element 1: Power DC:150 V / 5 A Range: 0.75 kW:Yokogawa WT3000E*0,749.95,12/15/2017 9:26:30 AM
Element 1: Power DC:150 V / 5 A Range: -0.75 kW:Yokogawa WT3000E*0,-749.83,12/15/2017 9:26:37 AM
Element 1: Power DC:1000 V / 5 A Range: 5 kW:Yokogawa WT3000E*0,4999.45,12/15/2017 9:26:45 AM
Element 1: Power DC:1000 V / 5 A Range: -5 kW:Yokogawa WT3000E*0,-4998.58,12/15/2017 9:26:56 AM
Element 1: Power DC:100 V / 20 A Range: 2 kW:Yokogawa WT3000E*0,1999.8,12/15/2017 9:27:10 AM
Element 1: Power DC:100 V / 20 A Range: -2 kW:Yokogawa WT3000E*0,-1999.61,12/15/2017 9:27:16 AM
Element 1: Power AC:15 V / 5 A Range: 0 W @ 60 Hz:Yokogawa WT3000E*0,0,12/15/2017 9:27:31 AM
Element 1: Power AC:15 V / 5 A Range: 75 W @ 60 Hz:Yokogawa WT3000E*0,74.995,12/15/2017 9:27:40 AM
Element 1: Power AC:15 V / 5 A Range: 75 W @ 1 kHz:Yokogawa WT3000E*0,74.992,12/15/2017 9:27:49 AM
Element 1: Power AC:15 V / 5 A Range: 30 W @ 5 kHz:Yokogawa WT3000E*0,29.999,12/15/2017 9:28:03 AM
Element 1: Power AC:30 V / 5 A Range: 150 W @ 60 Hz:Yokogawa WT3000E*0,149.983,12/15/2017 9:28:19 AM
Element 1: Power AC:30 V / 5 A Range: 150 W @ 1 kHz:Yokogawa WT3000E*0,149.977,12/15/2017 9:28:27 AM
Element 1: Power AC:60 V / 5 A Range: 300 W @ 60 Hz:Yokogawa WT3000E*0,299.97,12/15/2017 9:28:41 AM
Element 1: Power AC:60 V / 5 A Range: 300 W @ 1 kHz:Yokogawa WT3000E*0,299.96,12/15/2017 9:28:50 AM
Element 1: Power AC:100 V / 5 A Range: 500 W @ 10 Hz:Yokogawa WT3000E*0,299.957,12/15/2017 9:29:05 AM
Element 1: Power AC:100 V / 5 A Range: 500 W @ 60 Hz:Yokogawa WT3000E*0,499.938,12/15/2017 9:29:14 AM
Element 1: Power AC:100 V / 5 A Range: 250 W @ 60 Hz:Yokogawa WT3000E*0,249.97,12/15/2017 9:29:23 AM
Element 1: Power AC:100 V / 5 A Range: 50 W @ 60 Hz:Yokogawa WT3000E*0,49.973,12/15/2017 9:29:35 AM
Element 1: Power AC:100 V / 5 A Range: 5 W @ 60 Hz:Yokogawa WT3000E*0,4.966,12/15/2017 9:29:45 AM
Element 1: Power AC:100 V / 5 A Range: 0 W @ 60 Hz:Yokogawa WT3000E*0,0,12/15/2017 9:29:50 AM
Element 1: Power AC:100 V / 5 A Range: 500 W @ 1 kHz:Yokogawa WT3000E*0,499.926,12/15/2017 9:30:02 AM
Element 1: Power AC:100 V / 5 A Range: 200 W @ 5 kHz:Yokogawa WT3000E*0,199.995,12/15/2017 9:31:06 AM
Element 1: Power AC:150 V / 5 A Range: 0.75 kW @ 10 Hz:Yokogawa WT3000E*0,0,12/15/2017 9:31:24 AM
Element 1: Power AC:150 V / 5 A Range: 0.75 kW @ 60 Hz:Yokogawa WT3000E*0,749.88,12/15/2017 9:31:37 AM
Element 1: Power AC:150 V / 5 A Range: 0.75 kW @ 1 kHz:Yokogawa WT3000E*0,749.85,12/15/2017 9:31:46 AM
Element 1: Power AC:150 V / 5 A Range: 0.3 kW @ 5 kHz:Yokogawa WT3000E*0,299.98,12/15/2017 9:32:06 AM
Element 1: Power AC:150 V / 5 A Range: 0 kW @ 60 Hz:Yokogawa WT3000E*0,0,12/15/2017 9:32:21 AM
Element 1: Power AC:300 V / 5 A Range: 1.5 kW @ 60 Hz:Yokogawa WT3000E*0,1499.72,12/15/2017 9:32:34 AM
Element 1: Power AC:300 V / 5 A Range: 1.5 kW @ 1 kHz:Yokogawa WT3000E*0,1499.65,12/15/2017 9:32:43 AM
Element 1: Power AC:600 V / 5 A Range: 3 kW @ 60 Hz:Yokogawa WT3000E*0,2999.46,12/15/2017 9:32:58 AM
Element 1: Power AC:600 V / 5 A Range: 3 kW @ 1 kHz:Yokogawa WT3000E*0,2999.41,12/15/2017 9:33:06 AM
Element 1: Power AC:1000 V / 5 A Range: 5 kW @ 60 Hz:Yokogawa WT3000E*0,4998.98,12/15/2017 9:33:17 AM
Element 1: Power AC:1000 V / 5 A Range: 5 kW @ 1 kHz:Yokogawa WT3000E*0,4998.9,12/15/2017 9:33:25 AM
Element 1: Power AC:100 V / 500 mA Range: 50 W @ 60 Hz:Yokogawa WT3000E*0,49.985,12/15/2017 9:34:35 AM
Element 1: Power AC:100 V / 500 mA Range: 50 W @ 1 kHz:Yokogawa WT3000E*0,49.9909,12/15/2017 9:34:44 AM
Element 1: Power AC:100 V / 500 mA Range: 50 W @ 5 kHz:Yokogawa WT3000E*0,50.043,12/15/2017 9:34:56 AM
Element 1: Power AC:100 V / 1 A Range: 100 W @ 60 Hz:Yokogawa WT3000E*0,99.99,12/15/2017 9:35:09 AM
Element 1: Power AC:100 V / 1 A Range: 100 W @ 1 kHz:Yokogawa WT3000E*0,99.992,12/15/2017 9:35:18 AM
Element 1: Power AC:100 V / 1 A Range: 100 W @ 5 kHz:Yokogawa WT3000E*0,100.062,12/15/2017 9:35:30 AM
Element 1: Power AC:100 V / 2 A Range: 200 W @ 60 Hz:Yokogawa WT3000E*0,199.989,12/15/2017 9:35:43 AM
Element 1: Power AC:100 V / 2 A Range: 200 W @ 1 kHz:Yokogawa WT3000E*0,199.992,12/15/2017 9:35:52 AM
Element 1: Power AC:100 V / 2 A Range: 200 W @ 5 kHz:Yokogawa WT3000E*0,200.032,12/15/2017 9:36:04 AM
Element 1: Power AC:100 V / 10 A Range: 1 kW @ 60 Hz:Yokogawa WT3000E*0,999.95,12/15/2017 9:36:23 AM
Element 1: Power AC:100 V / 10 A Range: 1 kW @ 1 kHz:Yokogawa WT3000E*0,999.89,12/15/2017 9:36:32 AM
Element 1: Power AC:100 V / 10 A Range: 0.2 kW @ 5 kHz:Yokogawa WT3000E*0,200.02,12/15/2017 9:36:59 AM
Element 1: Power AC:100 V / 20 A Range: 2 kW @ 60 Hz:Yokogawa WT3000E*0,1999.76,12/15/2017 9:37:40 AM
Element 1: Power AC:100 V / 20 A Range: 2 kW @ 1 kHz:Yokogawa WT3000E*0,1999.83,12/15/2017 9:37:48 AM
Element 1: Power AC:100 V / 20 A Range: 0.2 kW @ 5 kHz:Yokogawa WT3000E*0,200.02,12/15/2017 9:38:06 AM
Element 1: Power AC:100 V / 30 A Range: 2 kW @ 60 Hz:Yokogawa WT3000E*0,1999.97,12/15/2017 9:38:30 AM
Element 1: Power AC:100 V / 30 A Range: 2 kW @ 1 kHz:Yokogawa WT3000E*0,2000.03,12/15/2017 9:38:39 AM
Element 1: Ext. Sensor Power:100 V / 1 V Range: 10 kW:Yokogawa WT3000E*0,9999.5,12/15/2017 9:39:09 AM
Element 1: Ext. Sensor Power:100 V / 1 V Range: -10 kW:Yokogawa WT3000E*0,-9997.6,12/15/2017 9:39:15 AM
Element 1: Ext. Sensor Power:100 V / 50 mV Range: 500 W @ 60 Hz:Yokogawa WT3000E*0,499.945,12/15/2017 9:39:30 AM
Element 1: Ext. Sensor Power:100 V / 100 mV Range: 1 kW @ 60 Hz:Yokogawa WT3000E*0,999.81,12/15/2017 9:39:39 AM
Element 1: Ext. Sensor Power:100 V / 100 mV Range: 1 kW @ 1 kHz:Yokogawa WT3000E*0,999.94,12/15/2017 9:39:49 AM
Element 1: Ext. Sensor Power:100 V / 200 mV Range: 0 kW @ 60 Hz:Yokogawa WT3000E*0,2000.1,12/15/2017 9:39:59 AM
Element 1: Ext. Sensor Power:100 V / 200 mV Range: 2 kW @ 60 Hz:Yokogawa WT3000E*0,2000.09,12/15/2017 9:40:03 AM
Element 1: Ext. Sensor Power:100 V / 200 mV Range: 2 kW @ 1 kHz:Yokogawa WT3000E*0,2000.05,12/15/2017 9:40:13 AM
Element 1: Ext. Sensor Power:50 V / 200 mV Range: 1 kW @ 5 kHz:Yokogawa WT3000E*0,996.96,12/15/2017 9:40:25 AM
Element 1: Ext. Sensor Power:100 V / 1 V Range: 3 kW @ 10 Hz:Yokogawa WT3000E*0,2998.3,12/15/2017 9:40:37 AM
Element 1: Ext. Sensor Power:100 V / 1 V Range: 10 kW @ 60 Hz:Yokogawa WT3000E*0,9999.4,12/15/2017 9:40:51 AM
Element 1: Ext. Sensor Power:100 V / 1 V Range: 10 kW @ 1 kHz:Yokogawa WT3000E*0,9999,12/15/2017 9:41:01 AM
Element 1: Ext. Sensor Power:100 V / 1 V Range: 10 kW @ 10 kHz:Yokogawa WT3000E*0,10011.7,12/15/2017 9:41:14 AM
Element 1: Ext. Sensor Power:100 V / 2 V Range: 20 kW @ 10 kHz:Yokogawa WT3000E*0,20022.7,12/15/2017 9:41:25 AM
Element 1: Ext. Sensor Power:100 V / 5 V Range: 50 kW @ 60 Hz:Yokogawa WT3000E*0,49994.3,12/15/2017 9:41:41 AM
Element 1: Ext. Sensor Power:100 V / 5 V Range: 50 kW @ 10 kHz:Yokogawa WT3000E*0,50026.7,12/15/2017 9:41:55 AM
Element 2: DC Volts:15 V Range: 14 V:Yokogawa WT3000E*0,14.0001,12/15/2017 9:46:11 AM
Element 2: DC Volts:15 V Range: -14 V:Yokogawa WT3000E*0,-13.9995,12/15/2017 9:46:16 AM
Element 2: DC Volts:100 V Range: 100 V:Yokogawa WT3000E*0,99.995,12/15/2017 9:46:23 AM
Element 2: DC Volts:100 V Range: -100 V:Yokogawa WT3000E*0,-99.986,12/15/2017 9:46:30 AM
Element 2: DC Volts:100 V Range: 50 V:Yokogawa WT3000E*0,50.002,12/15/2017 9:46:36 AM
Element 2: DC Volts:100 V Range: -50 V:Yokogawa WT3000E*0,-49.992,12/15/2017 9:46:42 AM
Element 2: DC Volts:100 V Range: 10 V:Yokogawa WT3000E*0,10.001,12/15/2017 9:46:48 AM
Element 2: DC Volts:100 V Range: -10 V:Yokogawa WT3000E*0,-9.989,12/15/2017 9:46:53 AM
Element 2: DC Volts:100 V Range: 1 V:Yokogawa WT3000E*0,1,12/15/2017 9:46:59 AM
Element 2: DC Volts:100 V Range: -1 V:Yokogawa WT3000E*0,-0.989,12/15/2017 9:47:04 AM
Element 2: DC Volts:150 V Range: 135 V:Yokogawa WT3000E*0,135.014,12/15/2017 9:47:11 AM
Element 2: DC Volts:150 V Range: -135 V:Yokogawa WT3000E*0,-135.007,12/15/2017 9:47:18 AM
Element 2: DC Volts:1000 V Range: 0.9 kV:Yokogawa WT3000E*0,900.02,12/15/2017 9:47:25 AM
Element 2: DC Volts:1000 V Range: -0.9 kV:Yokogawa WT3000E*0,-899.95,12/15/2017 9:47:34 AM
Element 2: AC Volts:15 V Range: 14 V @ 60 Hz:Yokogawa WT3000E*0,14.0004,12/15/2017 9:47:46 AM
Element 2: AC Volts:15 V Range: 14 V @ 1 kHz:Yokogawa WT3000E*0,14.0001,12/15/2017 9:47:52 AM
Element 2: AC Volts:15 V Range: 14 V @ 100 kHz:Yokogawa WT3000E*0,13.9823,12/15/2017 9:47:59 AM
Element 2: AC Volts:15 V Range: 3 V @ 500 kHz:Yokogawa WT3000E*0,2.9714,12/15/2017 9:48:06 AM
Element 2: AC Volts:30 V Range: 27 V @ 60 Hz:Yokogawa WT3000E*0,27.0006,12/15/2017 9:48:14 AM
Element 2: AC Volts:30 V Range: 27 V @ 1 kHz:Yokogawa WT3000E*0,26.9999,12/15/2017 9:48:20 AM
Element 2: AC Volts:60 V Range: 54 V @ 60 Hz:Yokogawa WT3000E*0,54.0031,12/15/2017 9:48:30 AM
Element 2: AC Volts:60 V Range: 54 V @ 1 kHz:Yokogawa WT3000E*0,54.0008,12/15/2017 9:48:36 AM
Element 2: AC Volts:100 V Range: 30 V @ 10 Hz:Yokogawa WT3000E*0,29.994,12/15/2017 9:48:44 AM
Element 2: AC Volts:100 V Range: 100 V @ 60 Hz:Yokogawa WT3000E*0,99.998,12/15/2017 9:48:54 AM
Element 2: AC Volts:100 V Range: 50 V @ 60 Hz:Yokogawa WT3000E*0,50.001,12/15/2017 9:49:00 AM
Element 2: AC Volts:100 V Range: 10 V @ 60 Hz:Yokogawa WT3000E*0,9.997,12/15/2017 9:49:08 AM
Element 2: AC Volts:100 V Range: 1 V @ 60 Hz:Yokogawa WT3000E*0,0.996,12/15/2017 9:49:16 AM
Element 2: AC Volts:100 V Range: 90 V @ 1 kHz:Yokogawa WT3000E*0,89.993,12/15/2017 9:49:26 AM
Element 2: AC Volts:100 V Range: 90 V @ 10 kHz:Yokogawa WT3000E*0,89.937,12/15/2017 9:49:35 AM
Element 2: AC Volts:100 V Range: 90 V @ 50 kHz:Yokogawa WT3000E*0,89.898,12/15/2017 9:49:45 AM
Element 2: AC Volts:100 V Range: 90 V @ 100 kHz:Yokogawa WT3000E*0,89.965,12/15/2017 9:49:51 AM
Element 2: AC Volts:100 V Range: 3 V @ 500 kHz:Yokogawa WT3000E*0,2.96,12/15/2017 9:50:00 AM
Element 2: AC Volts:150 V Range: 30 V @ 10 Hz:Yokogawa WT3000E*0,29.995,12/15/2017 9:50:07 AM
Element 2: AC Volts:150 V Range: 135 V @ 60 Hz:Yokogawa WT3000E*0,135.009,12/15/2017 9:50:17 AM
Element 2: AC Volts:150 V Range: 135 V @ 1 kHz:Yokogawa WT3000E*0,135.003,12/15/2017 9:50:23 AM
Element 2: AC Volts:150 V Range: 135 V @ 10 kHz:Yokogawa WT3000E*0,134.97,12/15/2017 9:50:33 AM
Element 2: AC Volts:150 V Range: 135 V @ 50 kHz:Yokogawa WT3000E*0,134.785,12/15/2017 9:50:42 AM
Element 2: AC Volts:150 V Range: 135 V @ 100 kHz:Yokogawa WT3000E*0,134.703,12/15/2017 9:50:48 AM
Element 2: AC Volts:150 V Range: 3 V @ 500 kHz:Yokogawa WT3000E*0,2.97,12/15/2017 9:50:57 AM
Element 2: AC Volts:300 V Range: 270 V @ 60 Hz:Yokogawa WT3000E*0,270.008,12/15/2017 9:51:07 AM
Element 2: AC Volts:300 V Range: 270 V @ 1 kHz:Yokogawa WT3000E*0,270.002,12/15/2017 9:51:13 AM
Element 2: AC Volts:600 V Range: 540 V @ 60 Hz:Yokogawa WT3000E*0,540.033,12/15/2017 9:51:25 AM
Element 2: AC Volts:600 V Range: 540 V @ 1 kHz:Yokogawa WT3000E*0,540.044,12/15/2017 9:51:31 AM
Element 2: AC Volts:1000 V Range: 0.9 kV @ 60 Hz:Yokogawa WT3000E*0,899.96,12/15/2017 9:51:38 AM
Element 2: AC Volts:1000 V Range: 0.9 kV @ 1 kHz:Yokogawa WT3000E*0,899.98,12/15/2017 9:51:44 AM
Element 2: DC Current:5 A Range: 5 A:Yokogawa WT3000E*0,4.99986,12/15/2017 9:52:36 AM
Element 2: DC Current:5 A Range: -5 A:Yokogawa WT3000E*0,-5.00015,12/15/2017 9:52:41 AM
Element 2: DC Current:5 A Range: 2.5 A:Yokogawa WT3000E*0,2.49975,12/15/2017 9:53:02 AM
Element 2: DC Current:5 A Range: -2.5 A:Yokogawa WT3000E*0,-2.49994,12/15/2017 9:53:07 AM
Element 2: DC Current:5 A Range: 0.5 A:Yokogawa WT3000E*0,0.49958,12/15/2017 9:53:12 AM
Element 2: DC Current:5 A Range: -0.5 A:Yokogawa WT3000E*0,-0.5,12/15/2017 9:53:18 AM
Element 2: DC Current:5 A Range: 0.05 A:Yokogawa WT3000E*0,0.04955,12/15/2017 9:53:23 AM
Element 2: DC Current:5 A Range: -0.05 A:Yokogawa WT3000E*0,-0.04976,12/15/2017 9:53:28 AM
Element 2: DC Current:20 A Range: 18 A:Yokogawa WT3000E*0,17.9985,12/15/2017 9:54:19 AM
Element 2: DC Current:20 A Range: -18 A:Yokogawa WT3000E*0,-18.0024,12/15/2017 9:54:24 AM
Element 2: AC Current:500 mA Range: 450 mA @ 60 Hz:Yokogawa WT3000E*0,0.44999,12/15/2017 9:54:50 AM
Element 2: AC Current:500 mA Range: 450 mA @ 1 kHz:Yokogawa WT3000E*0,0.449932,12/15/2017 9:54:58 AM
Element 2: AC Current:500 mA Range: 450 mA @ 10 kHz:Yokogawa WT3000E*0,0.451856,12/15/2017 9:55:06 AM
Element 2: AC Current:1 A Range: 0.9 A @ 60 Hz:Yokogawa WT3000E*0,0.90012,12/15/2017 9:55:14 AM
Element 2: AC Current:1 A Range: 0.9 A @ 1 kHz:Yokogawa WT3000E*0,0.89997,12/15/2017 9:55:22 AM
Element 2: AC Current:1 A Range: 0.9 A @ 10 kHz:Yokogawa WT3000E*0,0.9031,12/15/2017 9:55:30 AM
Element 2: AC Current:2 A Range: 1.8 A @ 60 Hz:Yokogawa WT3000E*0,1.80025,12/15/2017 9:55:38 AM
Element 2: AC Current:2 A Range: 1.8 A @ 1 kHz:Yokogawa WT3000E*0,1.79991,12/15/2017 9:55:46 AM
Element 2: AC Current:2 A Range: 1 A @ 10 kHz:Yokogawa WT3000E*0,1.0032,12/15/2017 9:55:54 AM
Element 2: AC Current:5 A Range: 2 A @ 10 Hz:Yokogawa WT3000E*0,1.99946,12/15/2017 9:56:01 AM
Element 2: AC Current:5 A Range: 5 A @ 60 Hz:Yokogawa WT3000E*0,4.99996,12/15/2017 9:56:39 AM
Element 2: AC Current:5 A Range: 2.5 A @ 60 Hz:Yokogawa WT3000E*0,2.49994,12/15/2017 9:57:21 AM
Element 2: AC Current:5 A Range: 0.5 A @ 60 Hz:Yokogawa WT3000E*0,0.49982,12/15/2017 9:57:30 AM
Element 2: AC Current:5 A Range: 0.05 A @ 60 Hz:Yokogawa WT3000E*0,0.04976,12/15/2017 9:57:39 AM
Element 2: AC Current:5 A Range: 4.5 A @ 1 kHz:Yokogawa WT3000E*0,4.49889,12/15/2017 9:58:14 AM
Element 2: AC Current:5 A Range: 2 A @ 10 kHz:Yokogawa WT3000E*0,2.00211,12/15/2017 9:58:29 AM
Element 2: AC Current:5 A Range: 0.3 A @ 30 kHz:Yokogawa WT3000E*0,0.29961,12/15/2017 9:58:37 AM
Element 2: AC Current:10 A Range: 2 A @ 10 Hz:Yokogawa WT3000E*0,1.9996,12/15/2017 9:58:46 AM
Element 2: AC Current:10 A Range: 9 A @ 60 Hz:Yokogawa WT3000E*0,9.0008,12/15/2017 9:59:07 AM
Element 2: AC Current:10 A Range: 9 A @ 1 kHz:Yokogawa WT3000E*0,8.9988,12/15/2017 9:59:15 AM
Element 2: AC Current:10 A Range: 2 A @ 10 kHz:Yokogawa WT3000E*0,2.0023,12/15/2017 9:59:38 AM
Element 2: AC Current:10 A Range: 0.3 A @ 30 kHz:Yokogawa WT3000E*0,0.2995,12/15/2017 9:59:47 AM
Element 2: AC Current:20 A Range: 18 A @ 60 Hz:Yokogawa WT3000E*0,18.0001,12/15/2017 10:00:00 AM
Element 2: AC Current:20 A Range: 18 A @ 1 kHz:Yokogawa WT3000E*0,17.9967,12/15/2017 10:00:08 AM
Element 2: AC Current:20 A Range: 2 A @ 10 kHz:Yokogawa WT3000E*0,2.0018,12/15/2017 10:01:18 AM
Element 2: AC Current:20 A Range: 0.3 A @ 30 kHz:Yokogawa WT3000E*0,0.299,12/15/2017 10:01:27 AM
Element 2: AC Current:30 A Range: 20 A @ 60 Hz:Yokogawa WT3000E*0,19.9983,12/15/2017 10:01:55 AM
Element 2: AC Current:30 A Range: 20 A @ 1 kHz:Yokogawa WT3000E*0,19.9951,12/15/2017 10:02:03 AM
Element 2: Ext. Sensor Current:50 mV Range: 4.5 A @ 60 Hz:Yokogawa WT3000E*0,4.50047,12/15/2017 10:02:45 AM
Element 2: Ext. Sensor Current:50 mV Range: 4.5 A @ 1 kHz:Yokogawa WT3000E*0,4.49919,12/15/2017 10:02:51 AM
Element 2: Ext. Sensor Current:50 mV Range: 4.5 A @ 100 kHz:Yokogawa WT3000E*0,4.50609,12/15/2017 10:02:58 AM
Element 2: Ext. Sensor Current:100 mV Range: 9 A @ 60 Hz:Yokogawa WT3000E*0,8.9999,12/15/2017 10:03:04 AM
Element 2: Ext. Sensor Current:100 mV Range: 9 A @ 1 kHz:Yokogawa WT3000E*0,8.9987,12/15/2017 10:03:10 AM
Element 2: Ext. Sensor Current:200 mV Range: 18 A @ 60 Hz:Yokogawa WT3000E*0,17.9905,12/15/2017 10:03:16 AM
Element 2: Ext. Sensor Current:200 mV Range: 18 A @ 1 kHz:Yokogawa WT3000E*0,17.9896,12/15/2017 10:03:22 AM
Element 2: Ext. Sensor Current:200 mV Range: 18 A @ 100 kHz:Yokogawa WT3000E*0,18.023,12/15/2017 10:03:28 AM
Element 2: Ext. Sensor Current:200 mV Range: 18 A @ 500 kHz:Yokogawa WT3000E*0,17.7869,12/15/2017 10:03:34 AM
Element 2: Ext. Sensor Current:1 V Range: 90 A:Yokogawa WT3000E*0,90.008,12/15/2017 10:03:41 AM
Element 2: Ext. Sensor Current:1 V Range: -90 A:Yokogawa WT3000E*0,-89.994,12/15/2017 10:03:46 AM
Element 2: Ext. Sensor Current:1 V Range: 90 A @ 10 Hz:Yokogawa WT3000E*0,89.997,12/15/2017 10:03:53 AM
Element 2: Ext. Sensor Current:1 V Range: 90 A @ 60 Hz:Yokogawa WT3000E*0,90.007,12/15/2017 10:03:59 AM
Element 2: Ext. Sensor Current:1 V Range: 90 A @ 1 kHz:Yokogawa WT3000E*0,89.991,12/15/2017 10:04:05 AM
Element 2: Ext. Sensor Current:1 V Range: 90 A @ 10 kHz:Yokogawa WT3000E*0,90.084,12/15/2017 10:04:11 AM
Element 2: Ext. Sensor Current:1 V Range: 90 A @ 50 kHz:Yokogawa WT3000E*0,90.213,12/15/2017 10:04:17 AM
Element 2: Ext. Sensor Current:1 V Range: 90 A @ 100 kHz:Yokogawa WT3000E*0,90.21,12/15/2017 10:04:23 AM
Element 2: Ext. Sensor Current:1 V Range: 90 A @ 500 kHz:Yokogawa WT3000E*0,89.787,12/15/2017 10:04:29 AM
Element 2: Ext. Sensor Current:2 V Range: 180 A @ 500 kHz:Yokogawa WT3000E*0,179.55,12/15/2017 10:04:35 AM
Element 2: Ext. Sensor Current:5 V Range: 300 A @ 500 kHz:Yokogawa WT3000E*0,297.679,12/15/2017 10:04:42 AM
Element 2: Ext. Sensor Current:10 V Range: 0.9 kA @ 60 Hz:Yokogawa WT3000E*0,900.04,12/15/2017 10:04:49 AM
Element 2: Power DC:15 V / 5 A Range: 75 W:Yokogawa WT3000E*0,75.004,12/15/2017 10:06:35 AM
Element 2: Power DC:15 V / 5 A Range: -75 W:Yokogawa WT3000E*0,-74.997,12/15/2017 10:06:41 AM
Element 2: Power DC:100 V / 5 A Range: 500 W:Yokogawa WT3000E*0,499.971,12/15/2017 10:06:50 AM
Element 2: Power DC:100 V / 5 A Range: -500 W:Yokogawa WT3000E*0,-499.932,12/15/2017 10:06:57 AM
Element 2: Power DC:100 V / 5 A Range: 250 W:Yokogawa WT3000E*0,250.016,12/15/2017 10:07:04 AM
Element 2: Power DC:100 V / 5 A Range: -250 W:Yokogawa WT3000E*0,-249.959,12/15/2017 10:07:11 AM
Element 2: Power DC:100 V / 5 A Range: 50 W:Yokogawa WT3000E*0,50.003,12/15/2017 10:07:18 AM
Element 2: Power DC:100 V / 5 A Range: -50 W:Yokogawa WT3000E*0,-49.948,12/15/2017 10:07:24 AM
Element 2: Power DC:100 V / 5 A Range: 5 W:Yokogawa WT3000E*0,5.001,12/15/2017 10:07:31 AM
Element 2: Power DC:100 V / 5 A Range: -5 W:Yokogawa WT3000E*0,-4.946,12/15/2017 10:07:37 AM
Element 2: Power DC:150 V / 5 A Range: 0.75 kW:Yokogawa WT3000E*0,750.03,12/15/2017 10:07:45 AM
Element 2: Power DC:150 V / 5 A Range: -0.75 kW:Yokogawa WT3000E*0,-750,12/15/2017 10:07:53 AM
Element 2: Power DC:1000 V / 5 A Range: 5 kW:Yokogawa WT3000E*0,4999.72,12/15/2017 10:08:01 AM
Element 2: Power DC:1000 V / 5 A Range: -5 kW:Yokogawa WT3000E*0,-4999.41,12/15/2017 10:08:11 AM
Element 2: Power DC:100 V / 20 A Range: 2 kW:Yokogawa WT3000E*0,1999.84,12/15/2017 10:08:25 AM
Element 2: Power DC:100 V / 20 A Range: -2 kW:Yokogawa WT3000E*0,-1999.79,12/15/2017 10:08:32 AM
Element 2: Power AC:15 V / 5 A Range: 0 W @ 60 Hz:Yokogawa WT3000E*0,0,12/15/2017 10:09:10 AM
Element 2: Power AC:15 V / 5 A Range: 75 W @ 60 Hz:Yokogawa WT3000E*0,75.007,12/15/2017 10:09:19 AM
Element 2: Power AC:15 V / 5 A Range: 75 W @ 1 kHz:Yokogawa WT3000E*0,74.986,12/15/2017 10:09:28 AM
Element 2: Power AC:15 V / 5 A Range: 30 W @ 5 kHz:Yokogawa WT3000E*0,29.976,12/15/2017 10:10:56 AM
Element 2: Power AC:30 V / 5 A Range: 150 W @ 60 Hz:Yokogawa WT3000E*0,150.004,12/15/2017 10:11:15 AM
Element 2: Power AC:30 V / 5 A Range: 150 W @ 1 kHz:Yokogawa WT3000E*0,149.963,12/15/2017 10:11:23 AM
Element 2: Power AC:60 V / 5 A Range: 300 W @ 60 Hz:Yokogawa WT3000E*0,300.025,12/15/2017 10:11:37 AM
Element 2: Power AC:60 V / 5 A Range: 300 W @ 1 kHz:Yokogawa WT3000E*0,299.942,12/15/2017 10:11:46 AM
Element 2: Power AC:100 V / 5 A Range: 500 W @ 10 Hz:Yokogawa WT3000E*0,299.931,12/15/2017 10:12:01 AM
Element 2: Power AC:100 V / 5 A Range: 500 W @ 60 Hz:Yokogawa WT3000E*0,499.981,12/15/2017 10:12:10 AM
Element 2: Power AC:100 V / 5 A Range: 250 W @ 60 Hz:Yokogawa WT3000E*0,250.003,12/15/2017 10:12:19 AM
Element 2: Power AC:100 V / 5 A Range: 50 W @ 60 Hz:Yokogawa WT3000E*0,49.986,12/15/2017 10:12:31 AM
Element 2: Power AC:100 V / 5 A Range: 5 W @ 60 Hz:Yokogawa WT3000E*0,4.978,12/15/2017 10:12:41 AM
Element 2: Power AC:100 V / 5 A Range: 0 W @ 60 Hz:Yokogawa WT3000E*0,0,12/15/2017 10:12:46 AM
Element 2: Power AC:100 V / 5 A Range: 500 W @ 1 kHz:Yokogawa WT3000E*0,499.852,12/15/2017 10:12:58 AM
Element 2: Power AC:100 V / 5 A Range: 200 W @ 5 kHz:Yokogawa WT3000E*0,199.842,12/15/2017 10:13:23 AM
Element 2: Power AC:150 V / 5 A Range: 0.75 kW @ 10 Hz:Yokogawa WT3000E*0,0,12/15/2017 10:13:42 AM
Element 2: Power AC:150 V / 5 A Range: 0.75 kW @ 60 Hz:Yokogawa WT3000E*0,750.05,12/15/2017 10:13:55 AM
Element 2: Power AC:150 V / 5 A Range: 0.75 kW @ 1 kHz:Yokogawa WT3000E*0,749.82,12/15/2017 10:14:04 AM
Element 2: Power AC:150 V / 5 A Range: 0.3 kW @ 5 kHz:Yokogawa WT3000E*0,299.83,12/15/2017 10:14:29 AM
Element 2: Power AC:150 V / 5 A Range: 0 kW @ 60 Hz:Yokogawa WT3000E*0,0,12/15/2017 10:14:51 AM
Element 2: Power AC:300 V / 5 A Range: 1.5 kW @ 60 Hz:Yokogawa WT3000E*0,1499.96,12/15/2017 10:15:04 AM
Element 2: Power AC:300 V / 5 A Range: 1.5 kW @ 1 kHz:Yokogawa WT3000E*0,1499.55,12/15/2017 10:15:12 AM
Element 2: Power AC:600 V / 5 A Range: 3 kW @ 60 Hz:Yokogawa WT3000E*0,3000.09,12/15/2017 10:15:27 AM
Element 2: Power AC:600 V / 5 A Range: 3 kW @ 1 kHz:Yokogawa WT3000E*0,2999.48,12/15/2017 10:15:36 AM
Element 2: Power AC:1000 V / 5 A Range: 5 kW @ 60 Hz:Yokogawa WT3000E*0,4999.65,12/15/2017 10:15:46 AM
Element 2: Power AC:1000 V / 5 A Range: 5 kW @ 1 kHz:Yokogawa WT3000E*0,4998.51,12/15/2017 10:15:55 AM
Element 2: Power AC:100 V / 500 mA Range: 50 W @ 60 Hz:Yokogawa WT3000E*0,49.9988,12/15/2017 10:16:13 AM
Element 2: Power AC:100 V / 500 mA Range: 50 W @ 1 kHz:Yokogawa WT3000E*0,49.9879,12/15/2017 10:16:22 AM
Element 2: Power AC:100 V / 500 mA Range: 50 W @ 5 kHz:Yokogawa WT3000E*0,50.0168,12/15/2017 10:16:34 AM
Element 2: Power AC:100 V / 1 A Range: 100 W @ 60 Hz:Yokogawa WT3000E*0,100.01,12/15/2017 10:16:47 AM
Element 2: Power AC:100 V / 1 A Range: 100 W @ 1 kHz:Yokogawa WT3000E*0,99.988,12/15/2017 10:16:56 AM
Element 2: Power AC:100 V / 1 A Range: 100 W @ 5 kHz:Yokogawa WT3000E*0,100.005,12/15/2017 10:17:08 AM
Element 2: Power AC:100 V / 2 A Range: 200 W @ 60 Hz:Yokogawa WT3000E*0,200.02,12/15/2017 10:17:21 AM
Element 2: Power AC:100 V / 2 A Range: 200 W @ 1 kHz:Yokogawa WT3000E*0,199.969,12/15/2017 10:17:30 AM
Element 2: Power AC:100 V / 2 A Range: 200 W @ 5 kHz:Yokogawa WT3000E*0,199.904,12/15/2017 10:17:42 AM
Element 2: Power AC:100 V / 10 A Range: 1 kW @ 60 Hz:Yokogawa WT3000E*0,1000.06,12/15/2017 10:18:13 AM
Element 2: Power AC:100 V / 10 A Range: 1 kW @ 1 kHz:Yokogawa WT3000E*0,999.78,12/15/2017 10:18:21 AM
Element 2: Power AC:100 V / 10 A Range: 0.2 kW @ 5 kHz:Yokogawa WT3000E*0,199.85,12/15/2017 10:18:40 AM
Element 2: Power AC:100 V / 20 A Range: 2 kW @ 60 Hz:Yokogawa WT3000E*0,1999.96,12/15/2017 10:19:16 AM
Element 2: Power AC:100 V / 20 A Range: 2 kW @ 1 kHz:Yokogawa WT3000E*0,1999.61,12/15/2017 10:19:24 AM
Element 2: Power AC:100 V / 20 A Range: 0.2 kW @ 5 kHz:Yokogawa WT3000E*0,199.81,12/15/2017 10:19:49 AM
Element 2: Power AC:100 V / 30 A Range: 2 kW @ 60 Hz:Yokogawa WT3000E*0,1999.9,12/15/2017 10:20:25 AM
Element 2: Power AC:100 V / 30 A Range: 2 kW @ 1 kHz:Yokogawa WT3000E*0,1999.52,12/15/2017 10:20:33 AM
Element 2: Ext. Sensor Power:100 V / 1 V Range: 10 kW:Yokogawa WT3000E*0,10000.7,12/15/2017 10:21:00 AM
Element 2: Ext. Sensor Power:100 V / 1 V Range: -10 kW:Yokogawa WT3000E*0,-10000,12/15/2017 10:21:06 AM
Element 2: Ext. Sensor Power:100 V / 50 mV Range: 500 W @ 60 Hz:Yokogawa WT3000E*0,499.948,12/15/2017 10:21:21 AM
Element 2: Ext. Sensor Power:100 V / 100 mV Range: 1 kW @ 60 Hz:Yokogawa WT3000E*0,1000.08,12/15/2017 10:21:31 AM
Element 2: Ext. Sensor Power:100 V / 100 mV Range: 1 kW @ 1 kHz:Yokogawa WT3000E*0,999.72,12/15/2017 10:21:41 AM
Element 2: Ext. Sensor Power:100 V / 200 mV Range: 0 kW @ 60 Hz:Yokogawa WT3000E*0,1999.74,12/15/2017 10:21:51 AM
Element 2: Ext. Sensor Power:100 V / 200 mV Range: 2 kW @ 60 Hz:Yokogawa WT3000E*0,1999.67,12/15/2017 10:21:55 AM
Element 2: Ext. Sensor Power:100 V / 200 mV Range: 2 kW @ 1 kHz:Yokogawa WT3000E*0,1999.51,12/15/2017 10:22:04 AM
Element 2: Ext. Sensor Power:50 V / 200 mV Range: 1 kW @ 5 kHz:Yokogawa WT3000E*0,996.87,12/15/2017 10:22:16 AM
Element 2: Ext. Sensor Power:100 V / 1 V Range: 3 kW @ 10 Hz:Yokogawa WT3000E*0,2998.8,12/15/2017 10:22:28 AM
Element 2: Ext. Sensor Power:100 V / 1 V Range: 10 kW @ 60 Hz:Yokogawa WT3000E*0,10000.2,12/15/2017 10:22:43 AM
Element 2: Ext. Sensor Power:100 V / 1 V Range: 10 kW @ 1 kHz:Yokogawa WT3000E*0,9997.8,12/15/2017 10:22:52 AM
Element 2: Ext. Sensor Power:100 V / 1 V Range: 10 kW @ 10 kHz:Yokogawa WT3000E*0,10001.2,12/15/2017 10:23:05 AM
Element 2: Ext. Sensor Power:100 V / 2 V Range: 20 kW @ 10 kHz:Yokogawa WT3000E*0,20001.3,12/15/2017 10:23:16 AM
Element 2: Ext. Sensor Power:100 V / 5 V Range: 50 kW @ 60 Hz:Yokogawa WT3000E*0,50001.9,12/15/2017 10:23:32 AM
Element 2: Ext. Sensor Power:100 V / 5 V Range: 50 kW @ 10 kHz:Yokogawa WT3000E*0,49967.2,12/15/2017 10:23:46 AM
Element 3: DC Volts:15 V Range: 14 V:Yokogawa WT3000E*0,14.0009,12/15/2017 10:25:08 AM
Element 3: DC Volts:15 V Range: -14 V:Yokogawa WT3000E*0,-14,12/15/2017 10:25:14 AM
Element 3: DC Volts:100 V Range: 100 V:Yokogawa WT3000E*0,100,12/15/2017 10:25:21 AM
Element 3: DC Volts:100 V Range: -100 V:Yokogawa WT3000E*0,-99.993,12/15/2017 10:25:27 AM
Element 3: DC Volts:100 V Range: 50 V:Yokogawa WT3000E*0,49.999,12/15/2017 10:25:34 AM
Element 3: DC Volts:100 V Range: -50 V:Yokogawa WT3000E*0,-49.992,12/15/2017 10:25:40 AM
Element 3: DC Volts:100 V Range: 10 V:Yokogawa WT3000E*0,10.005,12/15/2017 10:25:46 AM
Element 3: DC Volts:100 V Range: -10 V:Yokogawa WT3000E*0,-9.999,12/15/2017 10:25:51 AM
Element 3: DC Volts:100 V Range: 1 V:Yokogawa WT3000E*0,1.002,12/15/2017 10:25:57 AM
Element 3: DC Volts:100 V Range: -1 V:Yokogawa WT3000E*0,-0.996,12/15/2017 10:26:02 AM
Element 3: DC Volts:150 V Range: 135 V:Yokogawa WT3000E*0,135.017,12/15/2017 10:26:09 AM
Element 3: DC Volts:150 V Range: -135 V:Yokogawa WT3000E*0,-135.012,12/15/2017 10:26:16 AM
Element 3: DC Volts:1000 V Range: 0.9 kV:Yokogawa WT3000E*0,900,12/15/2017 10:26:23 AM
Element 3: DC Volts:1000 V Range: -0.9 kV:Yokogawa WT3000E*0,-899.94,12/15/2017 10:26:33 AM
Element 3: AC Volts:15 V Range: 14 V @ 60 Hz:Yokogawa WT3000E*0,14.001,12/15/2017 10:26:45 AM
Element 3: AC Volts:15 V Range: 14 V @ 1 kHz:Yokogawa WT3000E*0,14.0005,12/15/2017 10:26:51 AM
Element 3: AC Volts:15 V Range: 14 V @ 100 kHz:Yokogawa WT3000E*0,14.0111,12/15/2017 10:26:57 AM
Element 3: AC Volts:15 V Range: 3 V @ 500 kHz:Yokogawa WT3000E*0,2.9856,12/15/2017 10:27:05 AM
Element 3: AC Volts:30 V Range: 27 V @ 60 Hz:Yokogawa WT3000E*0,27.0017,12/15/2017 10:27:12 AM
Element 3: AC Volts:30 V Range: 27 V @ 1 kHz:Yokogawa WT3000E*0,27.0011,12/15/2017 10:27:18 AM
Element 3: AC Volts:60 V Range: 54 V @ 60 Hz:Yokogawa WT3000E*0,54.0061,12/15/2017 10:27:28 AM
Element 3: AC Volts:60 V Range: 54 V @ 1 kHz:Yokogawa WT3000E*0,54.0041,12/15/2017 10:27:34 AM
Element 3: AC Volts:100 V Range: 30 V @ 10 Hz:Yokogawa WT3000E*0,29.996,12/15/2017 10:27:43 AM
Element 3: AC Volts:100 V Range: 100 V @ 60 Hz:Yokogawa WT3000E*0,99.997,12/15/2017 10:27:53 AM
Element 3: AC Volts:100 V Range: 50 V @ 60 Hz:Yokogawa WT3000E*0,50,12/15/2017 10:27:59 AM
Element 3: AC Volts:100 V Range: 10 V @ 60 Hz:Yokogawa WT3000E*0,10.002,12/15/2017 10:28:07 AM
Element 3: AC Volts:100 V Range: 1 V @ 60 Hz:Yokogawa WT3000E*0,0.999,12/15/2017 10:28:15 AM
Element 3: AC Volts:100 V Range: 90 V @ 1 kHz:Yokogawa WT3000E*0,89.994,12/15/2017 10:28:24 AM
Element 3: AC Volts:100 V Range: 90 V @ 10 kHz:Yokogawa WT3000E*0,89.955,12/15/2017 10:28:34 AM
Element 3: AC Volts:100 V Range: 90 V @ 50 kHz:Yokogawa WT3000E*0,89.996,12/15/2017 10:28:44 AM
Element 3: AC Volts:100 V Range: 90 V @ 100 kHz:Yokogawa WT3000E*0,90.146,12/15/2017 10:28:50 AM
Element 3: AC Volts:100 V Range: 3 V @ 500 kHz:Yokogawa WT3000E*0,2.979,12/15/2017 10:28:58 AM
Element 3: AC Volts:150 V Range: 30 V @ 10 Hz:Yokogawa WT3000E*0,30.001,12/15/2017 10:29:06 AM
Element 3: AC Volts:150 V Range: 135 V @ 60 Hz:Yokogawa WT3000E*0,135.017,12/15/2017 10:29:16 AM
Element 3: AC Volts:150 V Range: 135 V @ 1 kHz:Yokogawa WT3000E*0,135.013,12/15/2017 10:29:22 AM
Element 3: AC Volts:150 V Range: 135 V @ 10 kHz:Yokogawa WT3000E*0,134.983,12/15/2017 10:29:31 AM
Element 3: AC Volts:150 V Range: 135 V @ 50 kHz:Yokogawa WT3000E*0,134.872,12/15/2017 10:29:41 AM
Element 3: AC Volts:150 V Range: 135 V @ 100 kHz:Yokogawa WT3000E*0,134.931,12/15/2017 10:29:47 AM
Element 3: AC Volts:150 V Range: 3 V @ 500 kHz:Yokogawa WT3000E*0,2.991,12/15/2017 10:29:55 AM
Element 3: AC Volts:300 V Range: 270 V @ 60 Hz:Yokogawa WT3000E*0,270.026,12/15/2017 10:30:06 AM
Element 3: AC Volts:300 V Range: 270 V @ 1 kHz:Yokogawa WT3000E*0,270.02,12/15/2017 10:30:12 AM
Element 3: AC Volts:600 V Range: 540 V @ 60 Hz:Yokogawa WT3000E*0,540.064,12/15/2017 10:30:22 AM
Element 3: AC Volts:600 V Range: 540 V @ 1 kHz:Yokogawa WT3000E*0,540.082,12/15/2017 10:30:28 AM
Element 3: AC Volts:1000 V Range: 0.9 kV @ 60 Hz:Yokogawa WT3000E*0,899.96,12/15/2017 10:30:35 AM
Element 3: AC Volts:1000 V Range: 0.9 kV @ 1 kHz:Yokogawa WT3000E*0,900.01,12/15/2017 10:30:41 AM
Element 3: DC Current:5 A Range: 5 A:Yokogawa WT3000E*0,4.99964,12/15/2017 10:31:18 AM
Element 3: DC Current:5 A Range: -5 A:Yokogawa WT3000E*0,-5.00023,12/15/2017 10:31:23 AM
Element 3: DC Current:5 A Range: 2.5 A:Yokogawa WT3000E*0,2.49933,12/15/2017 10:31:47 AM
Element 3: DC Current:5 A Range: -2.5 A:Yokogawa WT3000E*0,-2.49959,12/15/2017 10:31:52 AM
Element 3: DC Current:5 A Range: 0.5 A:Yokogawa WT3000E*0,0.49953,12/15/2017 10:31:57 AM
Element 3: DC Current:5 A Range: -0.5 A:Yokogawa WT3000E*0,-0.49984,12/15/2017 10:32:02 AM
Element 3: DC Current:5 A Range: 0.05 A:Yokogawa WT3000E*0,0.04958,12/15/2017 10:32:08 AM
Element 3: DC Current:5 A Range: -0.05 A:Yokogawa WT3000E*0,-0.0497,12/15/2017 10:32:13 AM
Element 3: DC Current:20 A Range: 18 A:Yokogawa WT3000E*0,17.9948,12/15/2017 10:32:29 AM
Element 3: DC Current:20 A Range: -18 A:Yokogawa WT3000E*0,-17.9993,12/15/2017 10:32:34 AM
Element 3: AC Current:500 mA Range: 450 mA @ 60 Hz:Yokogawa WT3000E*0,0.449967,12/15/2017 10:32:53 AM
Element 3: AC Current:500 mA Range: 450 mA @ 1 kHz:Yokogawa WT3000E*0,0.450034,12/15/2017 10:33:01 AM
Element 3: AC Current:500 mA Range: 450 mA @ 10 kHz:Yokogawa WT3000E*0,0.451983,12/15/2017 10:33:09 AM
Element 3: AC Current:1 A Range: 0.9 A @ 60 Hz:Yokogawa WT3000E*0,0.90001,12/15/2017 10:33:17 AM
Element 3: AC Current:1 A Range: 0.9 A @ 1 kHz:Yokogawa WT3000E*0,0.90007,12/15/2017 10:33:25 AM
Element 3: AC Current:1 A Range: 0.9 A @ 10 kHz:Yokogawa WT3000E*0,0.90329,12/15/2017 10:33:33 AM
Element 3: AC Current:2 A Range: 1.8 A @ 60 Hz:Yokogawa WT3000E*0,1.79999,12/15/2017 10:33:41 AM
Element 3: AC Current:2 A Range: 1.8 A @ 1 kHz:Yokogawa WT3000E*0,1.80007,12/15/2017 10:33:49 AM
Element 3: AC Current:2 A Range: 1 A @ 10 kHz:Yokogawa WT3000E*0,1.00333,12/15/2017 10:33:57 AM
Element 3: AC Current:5 A Range: 2 A @ 10 Hz:Yokogawa WT3000E*0,1.99928,12/15/2017 10:34:05 AM
Element 3: AC Current:5 A Range: 5 A @ 60 Hz:Yokogawa WT3000E*0,4.9997,12/15/2017 10:34:19 AM
Element 3: AC Current:5 A Range: 2.5 A @ 60 Hz:Yokogawa WT3000E*0,2.49971,12/15/2017 10:34:55 AM
Element 3: AC Current:5 A Range: 0.5 A @ 60 Hz:Yokogawa WT3000E*0,0.49981,12/15/2017 10:35:04 AM
Element 3: AC Current:5 A Range: 0.05 A @ 60 Hz:Yokogawa WT3000E*0,0.04968,12/15/2017 10:35:13 AM
Element 3: AC Current:5 A Range: 4.5 A @ 1 kHz:Yokogawa WT3000E*0,4.49963,12/15/2017 10:35:40 AM
Element 3: AC Current:5 A Range: 2 A @ 10 kHz:Yokogawa WT3000E*0,2.00232,12/15/2017 10:36:37 AM
Element 3: AC Current:5 A Range: 0.3 A @ 30 kHz:Yokogawa WT3000E*0,0.29971,12/15/2017 10:36:46 AM
Element 3: AC Current:10 A Range: 2 A @ 10 Hz:Yokogawa WT3000E*0,1.9992,12/15/2017 10:36:55 AM
Element 3: AC Current:10 A Range: 9 A @ 60 Hz:Yokogawa WT3000E*0,8.9996,12/15/2017 10:37:09 AM
Element 3: AC Current:10 A Range: 9 A @ 1 kHz:Yokogawa WT3000E*0,8.9993,12/15/2017 10:37:17 AM
Element 3: AC Current:10 A Range: 2 A @ 10 kHz:Yokogawa WT3000E*0,2.0023,12/15/2017 10:37:46 AM
Element 3: AC Current:10 A Range: 0.3 A @ 30 kHz:Yokogawa WT3000E*0,0.2994,12/15/2017 10:37:55 AM
Element 3: AC Current:20 A Range: 18 A @ 60 Hz:Yokogawa WT3000E*0,17.9976,12/15/2017 10:38:16 AM
Element 3: AC Current:20 A Range: 18 A @ 1 kHz:Yokogawa WT3000E*0,17.9976,12/15/2017 10:38:24 AM
Element 3: AC Current:20 A Range: 2 A @ 10 kHz:Yokogawa WT3000E*0,2.002,12/15/2017 10:40:53 AM
Element 3: AC Current:20 A Range: 0.3 A @ 30 kHz:Yokogawa WT3000E*0,0.2992,12/15/2017 10:41:02 AM
Element 3: AC Current:30 A Range: 20 A @ 60 Hz:Yokogawa WT3000E*0,19.9965,12/15/2017 10:41:29 AM
Element 3: AC Current:30 A Range: 20 A @ 1 kHz:Yokogawa WT3000E*0,19.9968,12/15/2017 10:41:37 AM
Element 3: Ext. Sensor Current:50 mV Range: 4.5 A @ 60 Hz:Yokogawa WT3000E*0,4.50076,12/15/2017 10:42:21 AM
Element 3: Ext. Sensor Current:50 mV Range: 4.5 A @ 1 kHz:Yokogawa WT3000E*0,4.50089,12/15/2017 10:42:27 AM
Element 3: Ext. Sensor Current:50 mV Range: 4.5 A @ 100 kHz:Yokogawa WT3000E*0,4.50459,12/15/2017 10:42:34 AM
Element 3: Ext. Sensor Current:100 mV Range: 9 A @ 60 Hz:Yokogawa WT3000E*0,9.0005,12/15/2017 10:42:40 AM
Element 3: Ext. Sensor Current:100 mV Range: 9 A @ 1 kHz:Yokogawa WT3000E*0,9.0005,12/15/2017 10:42:46 AM
Element 3: Ext. Sensor Current:200 mV Range: 18 A @ 60 Hz:Yokogawa WT3000E*0,17.993,12/15/2017 10:42:52 AM
Element 3: Ext. Sensor Current:200 mV Range: 18 A @ 1 kHz:Yokogawa WT3000E*0,17.9967,12/15/2017 10:42:58 AM
Element 3: Ext. Sensor Current:200 mV Range: 18 A @ 100 kHz:Yokogawa WT3000E*0,18.0184,12/15/2017 10:43:04 AM
Element 3: Ext. Sensor Current:200 mV Range: 18 A @ 500 kHz:Yokogawa WT3000E*0,17.7835,12/15/2017 10:43:10 AM
Element 3: Ext. Sensor Current:1 V Range: 90 A:Yokogawa WT3000E*0,90.005,12/15/2017 10:43:17 AM
Element 3: Ext. Sensor Current:1 V Range: -90 A:Yokogawa WT3000E*0,-89.988,12/15/2017 10:43:22 AM
Element 3: Ext. Sensor Current:1 V Range: 90 A @ 10 Hz:Yokogawa WT3000E*0,89.991,12/15/2017 10:43:29 AM
Element 3: Ext. Sensor Current:1 V Range: 90 A @ 60 Hz:Yokogawa WT3000E*0,90.002,12/15/2017 10:43:35 AM
Element 3: Ext. Sensor Current:1 V Range: 90 A @ 1 kHz:Yokogawa WT3000E*0,90.005,12/15/2017 10:43:41 AM
Element 3: Ext. Sensor Current:1 V Range: 90 A @ 10 kHz:Yokogawa WT3000E*0,90.071,12/15/2017 10:43:47 AM
Element 3: Ext. Sensor Current:1 V Range: 90 A @ 50 kHz:Yokogawa WT3000E*0,90.167,12/15/2017 10:43:53 AM
Element 3: Ext. Sensor Current:1 V Range: 90 A @ 100 kHz:Yokogawa WT3000E*0,90.163,12/15/2017 10:43:59 AM
Element 3: Ext. Sensor Current:1 V Range: 90 A @ 500 kHz:Yokogawa WT3000E*0,89.724,12/15/2017 10:44:05 AM
Element 3: Ext. Sensor Current:2 V Range: 180 A @ 500 kHz:Yokogawa WT3000E*0,179.431,12/15/2017 10:44:11 AM
Element 3: Ext. Sensor Current:5 V Range: 300 A @ 500 kHz:Yokogawa WT3000E*0,297.444,12/15/2017 10:44:18 AM
Element 3: Ext. Sensor Current:10 V Range: 0.9 kA @ 60 Hz:Yokogawa WT3000E*0,899.99,12/15/2017 10:44:25 AM
Element 3: Power DC:15 V / 5 A Range: 75 W:Yokogawa WT3000E*0,75.005,12/15/2017 10:44:57 AM
Element 3: Power DC:15 V / 5 A Range: -75 W:Yokogawa WT3000E*0,-75.001,12/15/2017 10:45:03 AM
Element 3: Power DC:100 V / 5 A Range: 500 W:Yokogawa WT3000E*0,499.966,12/15/2017 10:45:11 AM
Element 3: Power DC:100 V / 5 A Range: -500 W:Yokogawa WT3000E*0,-499.937,12/15/2017 10:45:18 AM
Element 3: Power DC:100 V / 5 A Range: 250 W:Yokogawa WT3000E*0,249.978,12/15/2017 10:45:25 AM
Element 3: Power DC:100 V / 5 A Range: -250 W:Yokogawa WT3000E*0,-249.946,12/15/2017 10:45:32 AM
Element 3: Power DC:100 V / 5 A Range: 50 W:Yokogawa WT3000E*0,50.023,12/15/2017 10:45:39 AM
Element 3: Power DC:100 V / 5 A Range: -50 W:Yokogawa WT3000E*0,-49.995,12/15/2017 10:45:45 AM
Element 3: Power DC:100 V / 5 A Range: 5 W:Yokogawa WT3000E*0,5.006,12/15/2017 10:45:52 AM
Element 3: Power DC:100 V / 5 A Range: -5 W:Yokogawa WT3000E*0,-4.981,12/15/2017 10:45:59 AM
Element 3: Power DC:150 V / 5 A Range: 0.75 kW:Yokogawa WT3000E*0,750.09,12/15/2017 10:46:08 AM
Element 3: Power DC:150 V / 5 A Range: -0.75 kW:Yokogawa WT3000E*0,-750.04,12/15/2017 10:46:15 AM
Element 3: Power DC:1000 V / 5 A Range: 5 kW:Yokogawa WT3000E*0,4999.84,12/15/2017 10:46:23 AM
Element 3: Power DC:1000 V / 5 A Range: -5 kW:Yokogawa WT3000E*0,-4999.6,12/15/2017 10:46:33 AM
Element 3: Power DC:100 V / 20 A Range: 2 kW:Yokogawa WT3000E*0,1999.64,12/15/2017 10:46:47 AM
Element 3: Power DC:100 V / 20 A Range: -2 kW:Yokogawa WT3000E*0,-1999.68,12/15/2017 10:46:54 AM
Element 3: Power AC:15 V / 5 A Range: 0 W @ 60 Hz:Yokogawa WT3000E*0,0,12/15/2017 10:47:19 AM
Element 3: Power AC:15 V / 5 A Range: 75 W @ 60 Hz:Yokogawa WT3000E*0,75.004,12/15/2017 10:47:28 AM
Element 3: Power AC:15 V / 5 A Range: 75 W @ 1 kHz:Yokogawa WT3000E*0,74.998,12/15/2017 10:47:37 AM
Element 3: Power AC:15 V / 5 A Range: 30 W @ 5 kHz:Yokogawa WT3000E*0,29.983,12/15/2017 10:48:32 AM
Element 3: Power AC:30 V / 5 A Range: 150 W @ 60 Hz:Yokogawa WT3000E*0,149.994,12/15/2017 10:48:59 AM
Element 3: Power AC:30 V / 5 A Range: 150 W @ 1 kHz:Yokogawa WT3000E*0,149.984,12/15/2017 10:49:08 AM
Element 3: Power AC:60 V / 5 A Range: 300 W @ 60 Hz:Yokogawa WT3000E*0,300.005,12/15/2017 10:49:22 AM
Element 3: Power AC:60 V / 5 A Range: 300 W @ 1 kHz:Yokogawa WT3000E*0,299.981,12/15/2017 10:49:31 AM
Element 3: Power AC:100 V / 5 A Range: 500 W @ 10 Hz:Yokogawa WT3000E*0,299.949,12/15/2017 10:49:46 AM
Element 3: Power AC:100 V / 5 A Range: 500 W @ 60 Hz:Yokogawa WT3000E*0,499.945,12/15/2017 10:49:55 AM
Element 3: Power AC:100 V / 5 A Range: 250 W @ 60 Hz:Yokogawa WT3000E*0,249.978,12/15/2017 10:50:04 AM
Element 3: Power AC:100 V / 5 A Range: 50 W @ 60 Hz:Yokogawa WT3000E*0,50.003,12/15/2017 10:50:16 AM
Element 3: Power AC:100 V / 5 A Range: 5 W @ 60 Hz:Yokogawa WT3000E*0,4.995,12/15/2017 10:50:26 AM
Element 3: Power AC:100 V / 5 A Range: 0 W @ 60 Hz:Yokogawa WT3000E*0,0,12/15/2017 10:50:31 AM
Element 3: Power AC:100 V / 5 A Range: 500 W @ 1 kHz:Yokogawa WT3000E*0,499.905,12/15/2017 10:50:43 AM
Element 3: Power AC:100 V / 5 A Range: 200 W @ 5 kHz:Yokogawa WT3000E*0,199.877,12/15/2017 10:51:07 AM
Element 3: Power AC:150 V / 5 A Range: 0.75 kW @ 10 Hz:Yokogawa WT3000E*0,0,12/15/2017 10:51:43 AM
Element 3: Power AC:150 V / 5 A Range: 0.75 kW @ 60 Hz:Yokogawa WT3000E*0,750.04,12/15/2017 10:51:56 AM
Element 3: Power AC:150 V / 5 A Range: 0.75 kW @ 1 kHz:Yokogawa WT3000E*0,749.98,12/15/2017 10:52:05 AM
Element 3: Power AC:150 V / 5 A Range: 0.3 kW @ 5 kHz:Yokogawa WT3000E*0,299.89,12/15/2017 10:52:24 AM
Element 3: Power AC:150 V / 5 A Range: 0 kW @ 60 Hz:Yokogawa WT3000E*0,0,12/15/2017 10:52:47 AM
Element 3: Power AC:300 V / 5 A Range: 1.5 kW @ 60 Hz:Yokogawa WT3000E*0,1499.99,12/15/2017 10:52:59 AM
Element 3: Power AC:300 V / 5 A Range: 1.5 kW @ 1 kHz:Yokogawa WT3000E*0,1499.88,12/15/2017 10:53:08 AM
Element 3: Power AC:600 V / 5 A Range: 3 kW @ 60 Hz:Yokogawa WT3000E*0,3000.12,12/15/2017 10:53:23 AM
Element 3: Power AC:600 V / 5 A Range: 3 kW @ 1 kHz:Yokogawa WT3000E*0,3000.01,12/15/2017 10:53:31 AM
Element 3: Power AC:1000 V / 5 A Range: 5 kW @ 60 Hz:Yokogawa WT3000E*0,4999.35,12/15/2017 10:53:41 AM
Element 3: Power AC:1000 V / 5 A Range: 5 kW @ 1 kHz:Yokogawa WT3000E*0,4999.18,12/15/2017 10:53:50 AM
Element 3: Power AC:100 V / 500 mA Range: 50 W @ 60 Hz:Yokogawa WT3000E*0,49.995,12/15/2017 10:54:13 AM
Element 3: Power AC:100 V / 500 mA Range: 50 W @ 1 kHz:Yokogawa WT3000E*0,49.9963,12/15/2017 10:54:22 AM
Element 3: Power AC:100 V / 500 mA Range: 50 W @ 5 kHz:Yokogawa WT3000E*0,50.0302,12/15/2017 10:54:34 AM
Element 3: Power AC:100 V / 1 A Range: 100 W @ 60 Hz:Yokogawa WT3000E*0,100,12/15/2017 10:54:47 AM
Element 3: Power AC:100 V / 1 A Range: 100 W @ 1 kHz:Yokogawa WT3000E*0,99.999,12/15/2017 10:54:56 AM
Element 3: Power AC:100 V / 1 A Range: 100 W @ 5 kHz:Yokogawa WT3000E*0,100.031,12/15/2017 10:55:08 AM
Element 3: Power AC:100 V / 2 A Range: 200 W @ 60 Hz:Yokogawa WT3000E*0,199.994,12/15/2017 10:55:21 AM
Element 3: Power AC:100 V / 2 A Range: 200 W @ 1 kHz:Yokogawa WT3000E*0,199.991,12/15/2017 10:55:30 AM
Element 3: Power AC:100 V / 2 A Range: 200 W @ 5 kHz:Yokogawa WT3000E*0,199.951,12/15/2017 10:55:42 AM
Element 3: Power AC:100 V / 10 A Range: 1 kW @ 60 Hz:Yokogawa WT3000E*0,999.92,12/15/2017 10:56:11 AM
Element 3: Power AC:100 V / 10 A Range: 1 kW @ 1 kHz:Yokogawa WT3000E*0,999.84,12/15/2017 10:56:20 AM
Element 3: Power AC:100 V / 10 A Range: 0.2 kW @ 5 kHz:Yokogawa WT3000E*0,199.87,12/15/2017 10:56:41 AM
Element 3: Power AC:100 V / 20 A Range: 2 kW @ 60 Hz:Yokogawa WT3000E*0,1999.76,12/15/2017 10:57:07 AM
Element 3: Power AC:100 V / 20 A Range: 2 kW @ 1 kHz:Yokogawa WT3000E*0,1999.75,12/15/2017 10:57:16 AM
Element 3: Power AC:100 V / 20 A Range: 0.2 kW @ 5 kHz:Yokogawa WT3000E*0,199.85,12/15/2017 10:57:34 AM
Element 3: Power AC:100 V / 30 A Range: 2 kW @ 60 Hz:Yokogawa WT3000E*0,1999.77,12/15/2017 10:57:57 AM
Element 3: Power AC:100 V / 30 A Range: 2 kW @ 1 kHz:Yokogawa WT3000E*0,1999.77,12/15/2017 10:58:06 AM
Element 3: Ext. Sensor Power:100 V / 1 V Range: 10 kW:Yokogawa WT3000E*0,10000.9,12/15/2017 10:58:31 AM
Element 3: Ext. Sensor Power:100 V / 1 V Range: -10 kW:Yokogawa WT3000E*0,-10000.1,12/15/2017 10:58:37 AM
Element 3: Ext. Sensor Power:100 V / 50 mV Range: 500 W @ 60 Hz:Yokogawa WT3000E*0,500.14,12/15/2017 10:58:51 AM
Element 3: Ext. Sensor Power:100 V / 100 mV Range: 1 kW @ 60 Hz:Yokogawa WT3000E*0,1000.09,12/15/2017 10:59:01 AM
Element 3: Ext. Sensor Power:100 V / 100 mV Range: 1 kW @ 1 kHz:Yokogawa WT3000E*0,999.95,12/15/2017 10:59:11 AM
Element 3: Ext. Sensor Power:100 V / 200 mV Range: 0 kW @ 60 Hz:Yokogawa WT3000E*0,1999.87,12/15/2017 10:59:21 AM
Element 3: Ext. Sensor Power:100 V / 200 mV Range: 2 kW @ 60 Hz:Yokogawa WT3000E*0,2000,12/15/2017 10:59:25 AM
Element 3: Ext. Sensor Power:100 V / 200 mV Range: 2 kW @ 1 kHz:Yokogawa WT3000E*0,2000.03,12/15/2017 10:59:35 AM
Element 3: Ext. Sensor Power:50 V / 200 mV Range: 1 kW @ 5 kHz:Yokogawa WT3000E*0,997.23,12/15/2017 10:59:47 AM
Element 3: Ext. Sensor Power:100 V / 1 V Range: 3 kW @ 10 Hz:Yokogawa WT3000E*0,2998.8,12/15/2017 10:59:59 AM
Element 3: Ext. Sensor Power:100 V / 1 V Range: 10 kW @ 60 Hz:Yokogawa WT3000E*0,9999.4,12/15/2017 11:00:13 AM
Element 3: Ext. Sensor Power:100 V / 1 V Range: 10 kW @ 1 kHz:Yokogawa WT3000E*0,9999.2,12/15/2017 11:00:23 AM
Element 3: Ext. Sensor Power:100 V / 1 V Range: 10 kW @ 10 kHz:Yokogawa WT3000E*0,10001.9,12/15/2017 11:00:36 AM
Element 3: Ext. Sensor Power:100 V / 2 V Range: 20 kW @ 10 kHz:Yokogawa WT3000E*0,20003.1,12/15/2017 11:00:47 AM
Element 3: Ext. Sensor Power:100 V / 5 V Range: 50 kW @ 60 Hz:Yokogawa WT3000E*0,49995,12/15/2017 11:01:03 AM
Element 3: Ext. Sensor Power:100 V / 5 V Range: 50 kW @ 10 kHz:Yokogawa WT3000E*0,49971.4,12/15/2017 11:01:17 AM
Element 4: DC Volts:15 V Range: 14 V:Yokogawa WT3000E*0,13.9995,12/15/2017 11:02:22 AM
Element 4: DC Volts:15 V Range: -14 V:Yokogawa WT3000E*0,-14.0006,12/15/2017 11:02:28 AM
Element 4: DC Volts:100 V Range: 100 V:Yokogawa WT3000E*0,99.996,12/15/2017 11:02:35 AM
Element 4: DC Volts:100 V Range: -100 V:Yokogawa WT3000E*0,-99.99,12/15/2017 11:02:41 AM
Element 4: DC Volts:100 V Range: 50 V:Yokogawa WT3000E*0,50,12/15/2017 11:02:48 AM
Element 4: DC Volts:100 V Range: -50 V:Yokogawa WT3000E*0,-49.992,12/15/2017 11:02:54 AM
Element 4: DC Volts:100 V Range: 10 V:Yokogawa WT3000E*0,10.004,12/15/2017 11:03:00 AM
Element 4: DC Volts:100 V Range: -10 V:Yokogawa WT3000E*0,-9.994,12/15/2017 11:03:05 AM
Element 4: DC Volts:100 V Range: 1 V:Yokogawa WT3000E*0,1.001,12/15/2017 11:03:11 AM
Element 4: DC Volts:100 V Range: -1 V:Yokogawa WT3000E*0,-0.992,12/15/2017 11:03:16 AM
Element 4: DC Volts:150 V Range: 135 V:Yokogawa WT3000E*0,135.005,12/15/2017 11:03:23 AM
Element 4: DC Volts:150 V Range: -135 V:Yokogawa WT3000E*0,-135.016,12/15/2017 11:03:29 AM
Element 4: DC Volts:1000 V Range: 0.9 kV:Yokogawa WT3000E*0,900,12/15/2017 11:03:37 AM
Element 4: DC Volts:1000 V Range: -0.9 kV:Yokogawa WT3000E*0,-899.95,12/15/2017 11:03:46 AM
Element 4: AC Volts:15 V Range: 14 V @ 60 Hz:Yokogawa WT3000E*0,14.0008,12/15/2017 11:03:58 AM
Element 4: AC Volts:15 V Range: 14 V @ 1 kHz:Yokogawa WT3000E*0,14.0005,12/15/2017 11:04:04 AM
Element 4: AC Volts:15 V Range: 14 V @ 100 kHz:Yokogawa WT3000E*0,14.0631,12/15/2017 11:04:11 AM
Element 4: AC Volts:15 V Range: 3 V @ 500 kHz:Yokogawa WT3000E*0,3.0034,12/15/2017 11:04:18 AM
Element 4: AC Volts:30 V Range: 27 V @ 60 Hz:Yokogawa WT3000E*0,27.0012,12/15/2017 11:04:26 AM
Element 4: AC Volts:30 V Range: 27 V @ 1 kHz:Yokogawa WT3000E*0,27.0008,12/15/2017 11:04:32 AM
Element 4: AC Volts:60 V Range: 54 V @ 60 Hz:Yokogawa WT3000E*0,54.0049,12/15/2017 11:04:41 AM
Element 4: AC Volts:60 V Range: 54 V @ 1 kHz:Yokogawa WT3000E*0,54.0039,12/15/2017 11:04:47 AM
Element 4: AC Volts:100 V Range: 30 V @ 10 Hz:Yokogawa WT3000E*0,29.996,12/15/2017 11:04:57 AM
Element 4: AC Volts:100 V Range: 100 V @ 60 Hz:Yokogawa WT3000E*0,99.997,12/15/2017 11:05:06 AM
Element 4: AC Volts:100 V Range: 50 V @ 60 Hz:Yokogawa WT3000E*0,50,12/15/2017 11:05:12 AM
Element 4: AC Volts:100 V Range: 10 V @ 60 Hz:Yokogawa WT3000E*0,9.999,12/15/2017 11:05:21 AM
Element 4: AC Volts:100 V Range: 1 V @ 60 Hz:Yokogawa WT3000E*0,0.997,12/15/2017 11:05:28 AM
Element 4: AC Volts:100 V Range: 90 V @ 1 kHz:Yokogawa WT3000E*0,89.995,12/15/2017 11:05:38 AM
Element 4: AC Volts:100 V Range: 90 V @ 10 kHz:Yokogawa WT3000E*0,90.031,12/15/2017 11:05:48 AM
Element 4: AC Volts:100 V Range: 90 V @ 50 kHz:Yokogawa WT3000E*0,90.248,12/15/2017 11:05:57 AM
Element 4: AC Volts:100 V Range: 90 V @ 100 kHz:Yokogawa WT3000E*0,90.48,12/15/2017 11:06:03 AM
Element 4: AC Volts:100 V Range: 3 V @ 500 kHz:Yokogawa WT3000E*0,2.995,12/15/2017 11:06:12 AM
Element 4: AC Volts:150 V Range: 30 V @ 10 Hz:Yokogawa WT3000E*0,29.998,12/15/2017 11:06:19 AM
Element 4: AC Volts:150 V Range: 135 V @ 60 Hz:Yokogawa WT3000E*0,135.011,12/15/2017 11:06:29 AM
Element 4: AC Volts:150 V Range: 135 V @ 1 kHz:Yokogawa WT3000E*0,135.008,12/15/2017 11:06:35 AM
Element 4: AC Volts:150 V Range: 135 V @ 10 kHz:Yokogawa WT3000E*0,135.091,12/15/2017 11:06:45 AM
Element 4: AC Volts:150 V Range: 135 V @ 50 kHz:Yokogawa WT3000E*0,135.227,12/15/2017 11:06:55 AM
Element 4: AC Volts:150 V Range: 135 V @ 100 kHz:Yokogawa WT3000E*0,135.401,12/15/2017 11:07:01 AM
Element 4: AC Volts:150 V Range: 3 V @ 500 kHz:Yokogawa WT3000E*0,3.006,12/15/2017 11:07:09 AM
Element 4: AC Volts:300 V Range: 270 V @ 60 Hz:Yokogawa WT3000E*0,270.014,12/15/2017 11:07:19 AM
Element 4: AC Volts:300 V Range: 270 V @ 1 kHz:Yokogawa WT3000E*0,270.015,12/15/2017 11:07:25 AM
Element 4: AC Volts:600 V Range: 540 V @ 60 Hz:Yokogawa WT3000E*0,540.051,12/15/2017 11:07:36 AM
Element 4: AC Volts:600 V Range: 540 V @ 1 kHz:Yokogawa WT3000E*0,540.069,12/15/2017 11:07:42 AM
Element 4: AC Volts:1000 V Range: 0.9 kV @ 60 Hz:Yokogawa WT3000E*0,899.97,12/15/2017 11:07:49 AM
Element 4: AC Volts:1000 V Range: 0.9 kV @ 1 kHz:Yokogawa WT3000E*0,900.01,12/15/2017 11:07:55 AM
Element 4: DC Current:5 A Range: 5 A:Yokogawa WT3000E*0,4.99986,12/15/2017 11:08:19 AM
Element 4: DC Current:5 A Range: -5 A:Yokogawa WT3000E*0,-4.9998,12/15/2017 11:08:24 AM
Element 4: DC Current:5 A Range: 2.5 A:Yokogawa WT3000E*0,2.50024,12/15/2017 11:08:47 AM
Element 4: DC Current:5 A Range: -2.5 A:Yokogawa WT3000E*0,-2.49999,12/15/2017 11:08:52 AM
Element 4: DC Current:5 A Range: 0.5 A:Yokogawa WT3000E*0,0.49992,12/15/2017 11:08:57 AM
Element 4: DC Current:5 A Range: -0.5 A:Yokogawa WT3000E*0,-0.49983,12/15/2017 11:09:02 AM
Element 4: DC Current:5 A Range: 0.05 A:Yokogawa WT3000E*0,0.0498,12/15/2017 11:09:08 AM
Element 4: DC Current:5 A Range: -0.05 A:Yokogawa WT3000E*0,-0.04964,12/15/2017 11:09:13 AM
Element 4: DC Current:20 A Range: 18 A:Yokogawa WT3000E*0,18.0035,12/15/2017 11:09:30 AM
Element 4: DC Current:20 A Range: -18 A:Yokogawa WT3000E*0,-18.001,12/15/2017 11:09:35 AM
Element 4: AC Current:500 mA Range: 450 mA @ 60 Hz:Yokogawa WT3000E*0,0.450003,12/15/2017 11:09:53 AM
Element 4: AC Current:500 mA Range: 450 mA @ 1 kHz:Yokogawa WT3000E*0,0.450024,12/15/2017 11:10:01 AM
Element 4: AC Current:500 mA Range: 450 mA @ 10 kHz:Yokogawa WT3000E*0,0.451867,12/15/2017 11:10:08 AM
Element 4: AC Current:1 A Range: 0.9 A @ 60 Hz:Yokogawa WT3000E*0,0.90019,12/15/2017 11:10:17 AM
Element 4: AC Current:1 A Range: 0.9 A @ 1 kHz:Yokogawa WT3000E*0,0.90019,12/15/2017 11:10:25 AM
Element 4: AC Current:1 A Range: 0.9 A @ 10 kHz:Yokogawa WT3000E*0,0.90318,12/15/2017 11:10:32 AM
Element 4: AC Current:2 A Range: 1.8 A @ 60 Hz:Yokogawa WT3000E*0,1.80031,12/15/2017 11:10:41 AM
Element 4: AC Current:2 A Range: 1.8 A @ 1 kHz:Yokogawa WT3000E*0,1.80029,12/15/2017 11:10:48 AM
Element 4: AC Current:2 A Range: 1 A @ 10 kHz:Yokogawa WT3000E*0,1.00331,12/15/2017 11:10:56 AM
Element 4: AC Current:5 A Range: 2 A @ 10 Hz:Yokogawa WT3000E*0,1.99962,12/15/2017 11:11:04 AM
Element 4: AC Current:5 A Range: 5 A @ 60 Hz:Yokogawa WT3000E*0,5.00011,12/15/2017 11:11:20 AM
Element 4: AC Current:5 A Range: 2.5 A @ 60 Hz:Yokogawa WT3000E*0,2.50015,12/15/2017 11:11:33 AM
Element 4: AC Current:5 A Range: 0.5 A @ 60 Hz:Yokogawa WT3000E*0,0.49993,12/15/2017 11:11:41 AM
Element 4: AC Current:5 A Range: 0.05 A @ 60 Hz:Yokogawa WT3000E*0,0.04977,12/15/2017 11:11:51 AM
Element 4: AC Current:5 A Range: 4.5 A @ 1 kHz:Yokogawa WT3000E*0,4.49986,12/15/2017 11:12:06 AM
Element 4: AC Current:5 A Range: 2 A @ 10 kHz:Yokogawa WT3000E*0,2.00232,12/15/2017 11:12:21 AM
Element 4: AC Current:5 A Range: 0.3 A @ 30 kHz:Yokogawa WT3000E*0,0.29967,12/15/2017 11:12:30 AM
Element 4: AC Current:10 A Range: 2 A @ 10 Hz:Yokogawa WT3000E*0,1.9998,12/15/2017 11:12:39 AM
Element 4: AC Current:10 A Range: 9 A @ 60 Hz:Yokogawa WT3000E*0,9.0011,12/15/2017 11:12:59 AM
Element 4: AC Current:10 A Range: 9 A @ 1 kHz:Yokogawa WT3000E*0,9.0007,12/15/2017 11:13:07 AM
Element 4: AC Current:10 A Range: 2 A @ 10 kHz:Yokogawa WT3000E*0,2.0025,12/15/2017 11:13:26 AM
Element 4: AC Current:10 A Range: 0.3 A @ 30 kHz:Yokogawa WT3000E*0,0.2996,12/15/2017 11:13:35 AM
Element 4: AC Current:20 A Range: 18 A @ 60 Hz:Yokogawa WT3000E*0,18.0007,12/15/2017 11:13:50 AM
Element 4: AC Current:20 A Range: 18 A @ 1 kHz:Yokogawa WT3000E*0,18.0006,12/15/2017 11:13:58 AM
Element 4: AC Current:20 A Range: 2 A @ 10 kHz:Yokogawa WT3000E*0,2.0022,12/15/2017 11:14:10 AM
Element 4: AC Current:20 A Range: 0.3 A @ 30 kHz:Yokogawa WT3000E*0,0.2992,12/15/2017 11:14:19 AM
Element 4: AC Current:30 A Range: 20 A @ 60 Hz:Yokogawa WT3000E*0,20.0009,12/15/2017 11:14:33 AM
Element 4: AC Current:30 A Range: 20 A @ 1 kHz:Yokogawa WT3000E*0,20.0012,12/15/2017 11:14:41 AM
Element 4: Ext. Sensor Current:50 mV Range: 4.5 A @ 60 Hz:Yokogawa WT3000E*0,4.50009,12/15/2017 11:15:00 AM
Element 4: Ext. Sensor Current:50 mV Range: 4.5 A @ 1 kHz:Yokogawa WT3000E*0,4.49939,12/15/2017 11:15:06 AM
Element 4: Ext. Sensor Current:50 mV Range: 4.5 A @ 100 kHz:Yokogawa WT3000E*0,4.50492,12/15/2017 11:15:13 AM
Element 4: Ext. Sensor Current:100 mV Range: 9 A @ 60 Hz:Yokogawa WT3000E*0,8.9997,12/15/2017 11:15:19 AM
Element 4: Ext. Sensor Current:100 mV Range: 9 A @ 1 kHz:Yokogawa WT3000E*0,9.0013,12/15/2017 11:15:25 AM
Element 4: Ext. Sensor Current:200 mV Range: 18 A @ 60 Hz:Yokogawa WT3000E*0,17.9954,12/15/2017 11:15:32 AM
Element 4: Ext. Sensor Current:200 mV Range: 18 A @ 1 kHz:Yokogawa WT3000E*0,17.9971,12/15/2017 11:15:38 AM
Element 4: Ext. Sensor Current:200 mV Range: 18 A @ 100 kHz:Yokogawa WT3000E*0,18.0267,12/15/2017 11:15:44 AM
Element 4: Ext. Sensor Current:200 mV Range: 18 A @ 500 kHz:Yokogawa WT3000E*0,17.7752,12/15/2017 11:15:50 AM
Element 4: Ext. Sensor Current:1 V Range: 90 A:Yokogawa WT3000E*0,89.996,12/15/2017 11:15:57 AM
Element 4: Ext. Sensor Current:1 V Range: -90 A:Yokogawa WT3000E*0,-90.004,12/15/2017 11:16:02 AM
Element 4: Ext. Sensor Current:1 V Range: 90 A @ 10 Hz:Yokogawa WT3000E*0,89.997,12/15/2017 11:16:09 AM
Element 4: Ext. Sensor Current:1 V Range: 90 A @ 60 Hz:Yokogawa WT3000E*0,90.007,12/15/2017 11:16:15 AM
Element 4: Ext. Sensor Current:1 V Range: 90 A @ 1 kHz:Yokogawa WT3000E*0,90.007,12/15/2017 11:16:21 AM
Element 4: Ext. Sensor Current:1 V Range: 90 A @ 10 kHz:Yokogawa WT3000E*0,90.093,12/15/2017 11:16:27 AM
Element 4: Ext. Sensor Current:1 V Range: 90 A @ 50 kHz:Yokogawa WT3000E*0,90.214,12/15/2017 11:16:33 AM
Element 4: Ext. Sensor Current:1 V Range: 90 A @ 100 kHz:Yokogawa WT3000E*0,90.205,12/15/2017 11:16:39 AM
Element 4: Ext. Sensor Current:1 V Range: 90 A @ 500 kHz:Yokogawa WT3000E*0,89.69,12/15/2017 11:16:45 AM
Element 4: Ext. Sensor Current:2 V Range: 180 A @ 500 kHz:Yokogawa WT3000E*0,179.353,12/15/2017 11:16:51 AM
Element 4: Ext. Sensor Current:5 V Range: 300 A @ 500 kHz:Yokogawa WT3000E*0,297.357,12/15/2017 11:16:58 AM
Element 4: Ext. Sensor Current:10 V Range: 0.9 kA @ 60 Hz:Yokogawa WT3000E*0,900.04,12/15/2017 11:17:05 AM
Element 4: Power DC:15 V / 5 A Range: 75 W:Yokogawa WT3000E*0,75,12/15/2017 11:17:29 AM
Element 4: Power DC:15 V / 5 A Range: -75 W:Yokogawa WT3000E*0,-75.006,12/15/2017 11:17:35 AM
Element 4: Power DC:100 V / 5 A Range: 500 W:Yokogawa WT3000E*0,499.985,12/15/2017 11:17:42 AM
Element 4: Power DC:100 V / 5 A Range: -500 W:Yokogawa WT3000E*0,-499.96,12/15/2017 11:17:49 AM
Element 4: Power DC:100 V / 5 A Range: 250 W:Yokogawa WT3000E*0,250,12/15/2017 11:17:57 AM
Element 4: Power DC:100 V / 5 A Range: -250 W:Yokogawa WT3000E*0,-249.959,12/15/2017 11:18:04 AM
Element 4: Power DC:100 V / 5 A Range: 50 W:Yokogawa WT3000E*0,50.02,12/15/2017 11:18:11 AM
Element 4: Power DC:100 V / 5 A Range: -50 W:Yokogawa WT3000E*0,-49.971,12/15/2017 11:18:17 AM
Element 4: Power DC:100 V / 5 A Range: 5 W:Yokogawa WT3000E*0,5.007,12/15/2017 11:18:24 AM
Element 4: Power DC:100 V / 5 A Range: -5 W:Yokogawa WT3000E*0,-4.958,12/15/2017 11:18:30 AM
Element 4: Power DC:150 V / 5 A Range: 0.75 kW:Yokogawa WT3000E*0,750.03,12/15/2017 11:18:38 AM
Element 4: Power DC:150 V / 5 A Range: -0.75 kW:Yokogawa WT3000E*0,-750.11,12/15/2017 11:18:45 AM
Element 4: Power DC:1000 V / 5 A Range: 5 kW:Yokogawa WT3000E*0,5000.07,12/15/2017 11:18:54 AM
Element 4: Power DC:1000 V / 5 A Range: -5 kW:Yokogawa WT3000E*0,-4999.74,12/15/2017 11:19:04 AM
Element 4: Power DC:100 V / 20 A Range: 2 kW:Yokogawa WT3000E*0,2000.15,12/15/2017 11:19:17 AM
Element 4: Power DC:100 V / 20 A Range: -2 kW:Yokogawa WT3000E*0,-2000.19,12/15/2017 11:19:24 AM
Element 4: Power AC:15 V / 5 A Range: 0 W @ 60 Hz:Yokogawa WT3000E*0,0,12/15/2017 11:19:37 AM
Element 4: Power AC:15 V / 5 A Range: 75 W @ 60 Hz:Yokogawa WT3000E*0,75.007,12/15/2017 11:19:47 AM
Element 4: Power AC:15 V / 5 A Range: 75 W @ 1 kHz:Yokogawa WT3000E*0,75.001,12/15/2017 11:19:55 AM
Element 4: Power AC:15 V / 5 A Range: 30 W @ 5 kHz:Yokogawa WT3000E*0,29.993,12/15/2017 11:20:10 AM
Element 4: Power AC:30 V / 5 A Range: 150 W @ 60 Hz:Yokogawa WT3000E*0,150.005,12/15/2017 11:20:26 AM
Element 4: Power AC:30 V / 5 A Range: 150 W @ 1 kHz:Yokogawa WT3000E*0,149.998,12/15/2017 11:20:34 AM
Element 4: Power AC:60 V / 5 A Range: 300 W @ 60 Hz:Yokogawa WT3000E*0,300.037,12/15/2017 11:20:48 AM
Element 4: Power AC:60 V / 5 A Range: 300 W @ 1 kHz:Yokogawa WT3000E*0,300.008,12/15/2017 11:20:57 AM
Element 4: Power AC:100 V / 5 A Range: 500 W @ 10 Hz:Yokogawa WT3000E*0,299.974,12/15/2017 11:21:12 AM
Element 4: Power AC:100 V / 5 A Range: 500 W @ 60 Hz:Yokogawa WT3000E*0,499.974,12/15/2017 11:21:21 AM
Element 4: Power AC:100 V / 5 A Range: 250 W @ 60 Hz:Yokogawa WT3000E*0,250.002,12/15/2017 11:21:30 AM
Element 4: Power AC:100 V / 5 A Range: 50 W @ 60 Hz:Yokogawa WT3000E*0,49.994,12/15/2017 11:21:42 AM
Element 4: Power AC:100 V / 5 A Range: 5 W @ 60 Hz:Yokogawa WT3000E*0,4.986,12/15/2017 11:21:52 AM
Element 4: Power AC:100 V / 5 A Range: 0 W @ 60 Hz:Yokogawa WT3000E*0,0,12/15/2017 11:21:57 AM
Element 4: Power AC:100 V / 5 A Range: 500 W @ 1 kHz:Yokogawa WT3000E*0,499.948,12/15/2017 11:22:09 AM
Element 4: Power AC:100 V / 5 A Range: 200 W @ 5 kHz:Yokogawa WT3000E*0,199.938,12/15/2017 12:24:57 PM
Element 4: Power AC:150 V / 5 A Range: 0.75 kW @ 10 Hz:Yokogawa WT3000E*0,0,12/15/2017 12:25:15 PM
Element 4: Power AC:150 V / 5 A Range: 0.75 kW @ 60 Hz:Yokogawa WT3000E*0,750.04,12/15/2017 12:25:28 PM
Element 4: Power AC:150 V / 5 A Range: 0.75 kW @ 1 kHz:Yokogawa WT3000E*0,749.97,12/15/2017 12:25:36 PM
Element 4: Power AC:150 V / 5 A Range: 0.3 kW @ 5 kHz:Yokogawa WT3000E*0,299.98,12/15/2017 12:26:13 PM
Element 4: Power AC:150 V / 5 A Range: 0 kW @ 60 Hz:Yokogawa WT3000E*0,0,12/15/2017 12:26:23 PM
Element 4: Power AC:300 V / 5 A Range: 1.5 kW @ 60 Hz:Yokogawa WT3000E*0,1499.96,12/15/2017 12:26:35 PM
Element 4: Power AC:300 V / 5 A Range: 1.5 kW @ 1 kHz:Yokogawa WT3000E*0,1499.82,12/15/2017 12:26:44 PM
Element 4: Power AC:600 V / 5 A Range: 3 kW @ 60 Hz:Yokogawa WT3000E*0,3000.04,12/15/2017 12:26:59 PM
Element 4: Power AC:600 V / 5 A Range: 3 kW @ 1 kHz:Yokogawa WT3000E*0,2999.93,12/15/2017 12:27:07 PM
Element 4: Power AC:1000 V / 5 A Range: 5 kW @ 60 Hz:Yokogawa WT3000E*0,4999.4,12/15/2017 12:27:18 PM
Element 4: Power AC:1000 V / 5 A Range: 5 kW @ 1 kHz:Yokogawa WT3000E*0,4999.27,12/15/2017 12:27:26 PM
Element 4: Power AC:100 V / 500 mA Range: 50 W @ 60 Hz:Yokogawa WT3000E*0,49.9966,12/15/2017 12:27:44 PM
Element 4: Power AC:100 V / 500 mA Range: 50 W @ 1 kHz:Yokogawa WT3000E*0,49.9955,12/15/2017 12:27:53 PM
Element 4: Power AC:100 V / 500 mA Range: 50 W @ 5 kHz:Yokogawa WT3000E*0,50.0368,12/15/2017 12:28:05 PM
Element 4: Power AC:100 V / 1 A Range: 100 W @ 60 Hz:Yokogawa WT3000E*0,100.015,12/15/2017 12:28:18 PM
Element 4: Power AC:100 V / 1 A Range: 100 W @ 1 kHz:Yokogawa WT3000E*0,100.012,12/15/2017 12:28:27 PM
Element 4: Power AC:100 V / 1 A Range: 100 W @ 5 kHz:Yokogawa WT3000E*0,100.057,12/15/2017 12:28:39 PM
Element 4: Power AC:100 V / 2 A Range: 200 W @ 60 Hz:Yokogawa WT3000E*0,200.028,12/15/2017 12:28:52 PM
Element 4: Power AC:100 V / 2 A Range: 200 W @ 1 kHz:Yokogawa WT3000E*0,200.014,12/15/2017 12:29:01 PM
Element 4: Power AC:100 V / 2 A Range: 200 W @ 5 kHz:Yokogawa WT3000E*0,199.999,12/15/2017 12:29:13 PM
Element 4: Power AC:100 V / 10 A Range: 1 kW @ 60 Hz:Yokogawa WT3000E*0,1000.07,12/15/2017 12:29:32 PM
Element 4: Power AC:100 V / 10 A Range: 1 kW @ 1 kHz:Yokogawa WT3000E*0,999.99,12/15/2017 12:29:41 PM
Element 4: Power AC:100 V / 10 A Range: 0.2 kW @ 5 kHz:Yokogawa WT3000E*0,199.97,12/15/2017 12:30:00 PM
Element 4: Power AC:100 V / 20 A Range: 2 kW @ 60 Hz:Yokogawa WT3000E*0,1999.99,12/15/2017 12:30:26 PM
Element 4: Power AC:100 V / 20 A Range: 2 kW @ 1 kHz:Yokogawa WT3000E*0,1999.99,12/15/2017 12:30:35 PM
Element 4: Power AC:100 V / 20 A Range: 0.2 kW @ 5 kHz:Yokogawa WT3000E*0,199.93,12/15/2017 12:30:54 PM
Element 4: Power AC:100 V / 30 A Range: 2 kW @ 60 Hz:Yokogawa WT3000E*0,2000.04,12/15/2017 12:31:14 PM
Element 4: Power AC:100 V / 30 A Range: 2 kW @ 1 kHz:Yokogawa WT3000E*0,2000.04,12/15/2017 12:31:22 PM
Element 4: Ext. Sensor Power:100 V / 1 V Range: 10 kW:Yokogawa WT3000E*0,9999.2,12/15/2017 12:31:41 PM
Element 4: Ext. Sensor Power:100 V / 1 V Range: -10 kW:Yokogawa WT3000E*0,-9998.6,12/15/2017 12:31:47 PM
Element 4: Ext. Sensor Power:100 V / 50 mV Range: 500 W @ 60 Hz:Yokogawa WT3000E*0,499.645,12/15/2017 12:32:02 PM
Element 4: Ext. Sensor Power:100 V / 100 mV Range: 1 kW @ 60 Hz:Yokogawa WT3000E*0,999.91,12/15/2017 12:32:11 PM
Element 4: Ext. Sensor Power:100 V / 100 mV Range: 1 kW @ 1 kHz:Yokogawa WT3000E*0,999.93,12/15/2017 12:32:21 PM
Element 4: Ext. Sensor Power:100 V / 200 mV Range: 0 kW @ 60 Hz:Yokogawa WT3000E*0,2000.08,12/15/2017 12:32:31 PM
Element 4: Ext. Sensor Power:100 V / 200 mV Range: 2 kW @ 60 Hz:Yokogawa WT3000E*0,2000.07,12/15/2017 12:32:35 PM
Element 4: Ext. Sensor Power:100 V / 200 mV Range: 2 kW @ 1 kHz:Yokogawa WT3000E*0,1999.9,12/15/2017 12:32:44 PM
Element 4: Ext. Sensor Power:50 V / 200 mV Range: 1 kW @ 5 kHz:Yokogawa WT3000E*0,997.52,12/15/2017 12:32:57 PM
Element 4: Ext. Sensor Power:100 V / 1 V Range: 3 kW @ 10 Hz:Yokogawa WT3000E*0,2998.8,12/15/2017 12:33:09 PM
Element 4: Ext. Sensor Power:100 V / 1 V Range: 10 kW @ 60 Hz:Yokogawa WT3000E*0,9999.7,12/15/2017 12:33:24 PM
Element 4: Ext. Sensor Power:100 V / 1 V Range: 10 kW @ 1 kHz:Yokogawa WT3000E*0,9999.8,12/15/2017 12:33:33 PM
Element 4: Ext. Sensor Power:100 V / 1 V Range: 10 kW @ 10 kHz:Yokogawa WT3000E*0,10012.6,12/15/2017 12:33:47 PM
Element 4: Ext. Sensor Power:100 V / 2 V Range: 20 kW @ 10 kHz:Yokogawa WT3000E*0,20023.7,12/15/2017 12:33:57 PM
Element 4: Ext. Sensor Power:100 V / 5 V Range: 50 kW @ 60 Hz:Yokogawa WT3000E*0,50001.7,12/15/2017 12:34:13 PM
Element 4: Ext. Sensor Power:100 V / 5 V Range: 50 kW @ 10 kHz:Yokogawa WT3000E*0,50024.7,12/15/2017 12:34:27 PM
