Monitor:Monitor 10 V:Fluke 8508*0,10.0000951,9/1/2017 9:15:40 AM
Monitor:Monitor 10 V:Fluke 8508*0,10.0000987,9/1/2017 9:16:11 AM
Monitor:Monitor 10 V:Fluke 8508*0,10.0000995,9/1/2017 9:16:43 AM
Monitor:Monitor 10 V:Fluke 8508*0,10.0001007,9/1/2017 9:17:14 AM
Monitor:Monitor 10 V:Fluke 8508*0,10.0001005,9/1/2017 9:17:46 AM
Monitor:Monitor 10 V:Fluke 8508*0,10.0001003,9/1/2017 9:18:17 AM
Monitor:Monitor 10 V:Fluke 8508*0,10.0001001,9/1/2017 9:18:49 AM
Monitor:Monitor 10 V:Fluke 8508*0,10.0001005,9/1/2017 9:19:20 AM
Monitor:Monitor 10 V:Fluke 8508*0,10.0001007,9/1/2017 9:19:52 AM
Monitor:Monitor 10 V:Fluke 8508*0,10.0001011,9/1/2017 9:20:23 AM
Monitor:Monitor 10 V:Fluke 8508*0,10.0001009,9/1/2017 9:20:55 AM
Monitor:Monitor 10 V:Fluke 8508*0,10.0001011,9/1/2017 9:21:26 AM
Monitor:Monitor 10 V:Fluke 8508*0,10.000101,9/1/2017 9:21:58 AM
Monitor:Monitor 10 V:Fluke 8508*0,10.000101,9/1/2017 9:22:29 AM
Monitor:Monitor 10 V:Fluke 8508*0,10.0001011,9/1/2017 9:23:01 AM
Monitor:Monitor 10 V:Fluke 8508*0,10.0001018,9/1/2017 9:23:32 AM
Monitor:Monitor 10 V:Fluke 8508*0,10.0001014,9/1/2017 9:24:03 AM
Monitor:Monitor 10 V:Fluke 8508*0,10.0001013,9/1/2017 9:24:35 AM
Monitor:Monitor 10 V:Fluke 8508*0,10.0001013,9/1/2017 9:25:06 AM
Monitor:Monitor 10 V:Fluke 8508*0,10.0001011,9/1/2017 9:25:38 AM
Monitor:Monitor 10 V:Fluke 8508*0,10.0001007,9/1/2017 9:26:09 AM
Monitor:Monitor 10 V:Fluke 8508*0,10.0001016,9/1/2017 9:26:41 AM
Monitor:Monitor 10 V:Fluke 8508*0,10.000101,9/1/2017 9:27:12 AM
Monitor:Monitor 10 V:Fluke 8508*0,10.000101,9/1/2017 9:27:44 AM
Monitor:Monitor 10 V:Fluke 8508*0,10.0001007,9/1/2017 9:28:15 AM
Monitor:Monitor 10 V:Fluke 8508*0,10.0001006,9/1/2017 9:28:47 AM
Monitor:Monitor 10 V:Fluke 8508*0,10.0001008,9/1/2017 9:29:18 AM
Monitor:Monitor 10 V:Fluke 8508*0,10.0001012,9/1/2017 9:29:50 AM
Monitor:Monitor 10 V:Fluke 8508*0,10.0001009,9/1/2017 9:30:21 AM
Monitor:Monitor 10 V:Fluke 8508*0,10.0001011,9/1/2017 9:30:53 AM
Monitor:Monitor 10 V:Fluke 8508*0,10.0001007,9/1/2017 9:31:24 AM
Monitor:Monitor 10 V:Fluke 8508*0,10.0001012,9/1/2017 9:31:56 AM
Monitor:Monitor 10 V:Fluke 8508*0,10.0001009,9/1/2017 9:32:27 AM
Monitor:Monitor 10 V:Fluke 8508*0,10.0001014,9/1/2017 9:32:59 AM
Monitor:Monitor 10 V:Fluke 8508*0,10.0001011,9/1/2017 9:33:30 AM
Monitor:Monitor 10 V:Fluke 8508*0,10.0001014,9/1/2017 9:34:02 AM
Monitor:Monitor 10 V:Fluke 8508*0,10.0001016,9/1/2017 9:34:33 AM
Monitor:Monitor 10 V:Fluke 8508*0,10.000101,9/1/2017 9:35:05 AM
Monitor:Monitor 10 V:Fluke 8508*0,10.0001017,9/1/2017 9:35:36 AM
Monitor:Monitor 10 V:Fluke 8508*0,10.0001016,9/1/2017 9:36:08 AM
Monitor:Monitor 10 V:Fluke 8508*0,10.0001019,9/1/2017 9:36:39 AM
Monitor:Monitor 10 V:Fluke 8508*0,10.0001018,9/1/2017 9:37:11 AM
Monitor:Monitor 10 V:Fluke 8508*0,10.0001018,9/1/2017 9:37:42 AM
Monitor:Monitor 10 V:Fluke 8508*0,10.0001013,9/1/2017 9:38:14 AM
Monitor:Monitor 10 V:Fluke 8508*0,10.0001012,9/1/2017 9:38:45 AM
Monitor:Monitor 10 V:Fluke 8508*0,10.000101,9/1/2017 9:39:17 AM
Monitor:Monitor 10 V:Fluke 8508*0,10.0001014,9/1/2017 9:39:48 AM
Monitor:Monitor 10 V:Fluke 8508*0,10.0001013,9/1/2017 9:40:20 AM
Monitor:Monitor 10 V:Fluke 8508*0,10.0001009,9/1/2017 9:40:51 AM
Monitor:Monitor 10 V:Fluke 8508*0,10.0001015,9/1/2017 9:41:23 AM
Monitor:Monitor 10 V:Fluke 8508*0,10.0001017,9/1/2017 9:41:54 AM
Monitor:Monitor 10 V:Fluke 8508*0,10.0001013,9/1/2017 9:42:26 AM
Monitor:Monitor 10 V:Fluke 8508*0,10.0001018,9/1/2017 9:42:57 AM
Monitor:Monitor 10 V:Fluke 8508*0,10.0001013,9/1/2017 9:43:29 AM
Monitor:Monitor 10 V:Fluke 8508*0,10.0001011,9/1/2017 9:44:00 AM
Monitor:Monitor 10 V:Fluke 8508*0,10.0001018,9/1/2017 9:44:32 AM
Monitor:Monitor 10 V:Fluke 8508*0,10.0001017,9/1/2017 9:45:03 AM
Monitor:Monitor 10 V:Fluke 8508*0,10.0001017,9/1/2017 9:45:34 AM
Monitor:Monitor 10 V:Fluke 8508*0,10.0001018,9/1/2017 9:46:06 AM
Monitor:Monitor 10 V:Fluke 8508*0,10.0001016,9/1/2017 9:46:37 AM
Monitor:Monitor 10 V:Fluke 8508*0,10.0001017,9/1/2017 9:47:09 AM
Monitor:Monitor 10 V:Fluke 8508*0,10.0001012,9/1/2017 9:47:40 AM
Monitor:Monitor 10 V:Fluke 8508*0,10.0001014,9/1/2017 9:48:12 AM
Monitor:Monitor 10 V:Fluke 8508*0,10.0001015,9/1/2017 9:48:43 AM
Monitor:Monitor 10 V:Fluke 8508*0,10.0001017,9/1/2017 9:49:15 AM
Monitor:Monitor 10 V:Fluke 8508*0,10.0001013,9/1/2017 9:49:46 AM
Monitor:Monitor 10 V:Fluke 8508*0,10.0001013,9/1/2017 9:50:18 AM
Monitor:Monitor 10 V:Fluke 8508*0,10.0001011,9/1/2017 9:50:49 AM
Monitor:Monitor 10 V:Fluke 8508*0,10.0001017,9/1/2017 9:51:21 AM
Monitor:Monitor 10 V:Fluke 8508*0,10.0001017,9/1/2017 9:51:52 AM
Monitor:Monitor 10 V:Fluke 8508*0,10.0001011,9/1/2017 9:52:24 AM
Monitor:Monitor 10 V:Fluke 8508*0,10.0001009,9/1/2017 9:52:55 AM
Monitor:Monitor 10 V:Fluke 8508*0,10.0001014,9/1/2017 9:53:27 AM
Monitor:Monitor 10 V:Fluke 8508*0,10.0001011,9/1/2017 9:53:58 AM
Monitor:Monitor 10 V:Fluke 8508*0,10.0001012,9/1/2017 9:54:30 AM
Monitor:Monitor 10 V:Fluke 8508*0,10.0001009,9/1/2017 9:55:01 AM
Monitor:Monitor 10 V:Fluke 8508*0,10.0001008,9/1/2017 9:55:33 AM
Monitor:Monitor 10 V:Fluke 8508*0,10.0001007,9/1/2017 9:56:04 AM
Monitor:Monitor 10 V:Fluke 8508*0,10.000101,9/1/2017 9:56:36 AM
Monitor:Monitor 10 V:Fluke 8508*0,10.0001003,9/1/2017 9:57:07 AM
Monitor:Monitor 10 V:Fluke 8508*0,10.0001005,9/1/2017 9:57:39 AM
Monitor:Monitor 10 V:Fluke 8508*0,10.0001005,9/1/2017 9:58:10 AM
Monitor:Monitor 10 V:Fluke 8508*0,10.0001006,9/1/2017 9:58:42 AM
Monitor:Monitor 10 V:Fluke 8508*0,10.0001006,9/1/2017 9:59:13 AM
Monitor:Monitor 10 V:Fluke 8508*0,10.0001001,9/1/2017 9:59:45 AM
Monitor:Monitor 10 V:Fluke 8508*0,10.0001008,9/1/2017 10:00:16 AM
Monitor:Monitor 10 V:Fluke 8508*0,10.0001007,9/1/2017 10:00:48 AM
Monitor:Monitor 10 V:Fluke 8508*0,10.000101,9/1/2017 10:01:19 AM
Monitor:Monitor 10 V:Fluke 8508*0,10.0001012,9/1/2017 10:01:51 AM
Monitor:Monitor 10 V:Fluke 8508*0,10.0001009,9/1/2017 10:02:22 AM
Monitor:Monitor 10 V:Fluke 8508*0,10.0001013,9/1/2017 10:02:54 AM
Monitor:Monitor 10 V:Fluke 8508*0,10.0001011,9/1/2017 10:03:25 AM
Monitor:Monitor 10 V:Fluke 8508*0,10.0001008,9/1/2017 10:03:57 AM
Monitor:Monitor 10 V:Fluke 8508*0,10.0001011,9/1/2017 10:04:28 AM
Monitor:Monitor 10 V:Fluke 8508*0,10.0001011,9/1/2017 10:05:00 AM
Monitor:Monitor 10 V:Fluke 8508*0,10.000101,9/1/2017 10:05:31 AM
Monitor:Monitor 10 V:Fluke 8508*0,10.0001013,9/1/2017 10:06:03 AM
Monitor:Monitor 10 V:Fluke 8508*0,10.000101,9/1/2017 10:06:34 AM
Monitor:Monitor 10 V:Fluke 8508*0,10.0001015,9/1/2017 10:07:06 AM
Monitor:Monitor 10 V:Fluke 8508*0,10.0001014,9/1/2017 10:07:37 AM
Monitor:Monitor 10 V:Fluke 8508*0,10.0001014,9/1/2017 10:08:09 AM
Monitor:Monitor 10 V:Fluke 8508*0,10.0001014,9/1/2017 10:08:40 AM
Monitor:Monitor 10 V:Fluke 8508*0,10.0001018,9/1/2017 10:09:12 AM
Monitor:Monitor 10 V:Fluke 8508*0,10.0001018,9/1/2017 10:09:43 AM
Monitor:Monitor 10 V:Fluke 8508*0,10.0001014,9/1/2017 10:10:15 AM
Monitor:Monitor 10 V:Fluke 8508*0,10.0001019,9/1/2017 10:10:46 AM
Monitor:Monitor 10 V:Fluke 8508*0,10.0001011,9/1/2017 10:11:17 AM
Monitor:Monitor 10 V:Fluke 8508*0,10.0001014,9/1/2017 10:11:49 AM
Monitor:Monitor 10 V:Fluke 8508*0,10.0001014,9/1/2017 10:12:20 AM
Monitor:Monitor 10 V:Fluke 8508*0,10.0001008,9/1/2017 10:12:52 AM
Monitor:Monitor 10 V:Fluke 8508*0,10.0001012,9/1/2017 10:13:23 AM
Monitor:Monitor 10 V:Fluke 8508*0,10.0001011,9/1/2017 10:13:55 AM
Monitor:Monitor 10 V:Fluke 8508*0,10.0001017,9/1/2017 10:14:26 AM
Monitor:Monitor 10 V:Fluke 8508*0,10.0001013,9/1/2017 10:14:58 AM
Monitor:Monitor 10 V:Fluke 8508*0,10.0001009,9/1/2017 10:15:29 AM
Monitor:Monitor 10 V:Fluke 8508*0,10.0001008,9/1/2017 10:16:01 AM
Monitor:Monitor 10 V:Fluke 8508*0,10.0001011,9/1/2017 10:16:32 AM
Monitor:Monitor 10 V:Fluke 8508*0,10.000101,9/1/2017 10:17:04 AM
Monitor:Monitor 10 V:Fluke 8508*0,10.0001015,9/1/2017 10:17:35 AM
Monitor:Monitor 10 V:Fluke 8508*0,10.0001012,9/1/2017 10:18:07 AM
Monitor:Monitor 10 V:Fluke 8508*0,10.0001011,9/1/2017 10:18:38 AM
Monitor:Monitor 10 V:Fluke 8508*0,10.0001013,9/1/2017 10:19:10 AM
Monitor:Monitor 10 V:Fluke 8508*0,10.0001011,9/1/2017 10:19:41 AM
Monitor:Monitor 10 V:Fluke 8508*0,10.0001008,9/1/2017 10:20:13 AM
Monitor:Monitor 10 V:Fluke 8508*0,10.000101,9/1/2017 10:20:44 AM
Monitor:Monitor 10 V:Fluke 8508*0,10.0001009,9/1/2017 10:21:16 AM
Monitor:Monitor 10 V:Fluke 8508*0,10.0001015,9/1/2017 10:21:47 AM
Monitor:Monitor 10 V:Fluke 8508*0,10.000101,9/1/2017 10:22:19 AM
Monitor:Monitor 10 V:Fluke 8508*0,10.0001009,9/1/2017 10:22:50 AM
Monitor:Monitor 10 V:Fluke 8508*0,10.0001013,9/1/2017 10:23:22 AM
Monitor:Monitor 10 V:Fluke 8508*0,10.0001011,9/1/2017 10:23:53 AM
Monitor:Monitor 10 V:Fluke 8508*0,10.0001013,9/1/2017 10:24:25 AM
Monitor:Monitor 10 V:Fluke 8508*0,10.0001016,9/1/2017 10:24:56 AM
Monitor:Monitor 10 V:Fluke 8508*0,10.0001009,9/1/2017 10:25:28 AM
Monitor:Monitor 10 V:Fluke 8508*0,10.0001016,9/1/2017 10:25:59 AM
Monitor:Monitor 10 V:Fluke 8508*0,10.000101,9/1/2017 10:26:31 AM
Monitor:Monitor 10 V:Fluke 8508*0,10.0001014,9/1/2017 10:27:02 AM
Monitor:Monitor 10 V:Fluke 8508*0,10.0001017,9/1/2017 10:27:34 AM
Monitor:Monitor 10 V:Fluke 8508*0,10.0001016,9/1/2017 10:28:05 AM
Monitor:Monitor 10 V:Fluke 8508*0,10.0001017,9/1/2017 10:28:37 AM
Monitor:Monitor 10 V:Fluke 8508*0,10.0001015,9/1/2017 10:29:08 AM
Monitor:Monitor 10 V:Fluke 8508*0,10.0001018,9/1/2017 10:29:40 AM
Monitor:Monitor 10 V:Fluke 8508*0,10.000101,9/1/2017 10:30:11 AM
Monitor:Monitor 10 V:Fluke 8508*0,10.0001012,9/1/2017 10:30:43 AM
Monitor:Monitor 10 V:Fluke 8508*0,10.0001017,9/1/2017 10:31:14 AM
Monitor:Monitor 10 V:Fluke 8508*0,10.0001015,9/1/2017 10:31:46 AM
Monitor:Monitor 10 V:Fluke 8508*0,10.0001013,9/1/2017 10:32:17 AM
Monitor:Monitor 10 V:Fluke 8508*0,10.0001016,9/1/2017 10:32:49 AM
Monitor:Monitor 10 V:Fluke 8508*0,10.0001018,9/1/2017 10:33:20 AM
Monitor:Monitor 10 V:Fluke 8508*0,10.0001016,9/1/2017 10:33:52 AM
Monitor:Monitor 10 V:Fluke 8508*0,10.0001017,9/1/2017 10:34:23 AM
Monitor:Monitor 10 V:Fluke 8508*0,10.0001013,9/1/2017 10:34:55 AM
Monitor:Monitor 10 V:Fluke 8508*0,10.0001014,9/1/2017 10:35:26 AM
Monitor:Monitor 10 V:Fluke 8508*0,10.0001012,9/1/2017 10:35:58 AM
Monitor:Monitor 10 V:Fluke 8508*0,10.0001015,9/1/2017 10:36:29 AM
Monitor:Monitor 10 V:Fluke 8508*0,10.0001009,9/1/2017 10:37:00 AM
Monitor:Monitor 10 V:Fluke 8508*0,10.000101,9/1/2017 10:37:32 AM
Monitor:Monitor 10 V:Fluke 8508*0,10.0001008,9/1/2017 10:38:03 AM
Monitor:Monitor 10 V:Fluke 8508*0,10.0001013,9/1/2017 10:38:35 AM
Monitor:Monitor 10 V:Fluke 8508*0,10.0001009,9/1/2017 10:39:06 AM
Monitor:Monitor 10 V:Fluke 8508*0,10.000101,9/1/2017 10:39:38 AM
Monitor:Monitor 10 V:Fluke 8508*0,10.0001006,9/1/2017 10:40:09 AM
Monitor:Monitor 10 V:Fluke 8508*0,10.0001009,9/1/2017 10:40:41 AM
Monitor:Monitor 10 V:Fluke 8508*0,10.0001008,9/1/2017 10:41:12 AM
Monitor:Monitor 10 V:Fluke 8508*0,10.0001007,9/1/2017 10:41:44 AM
Monitor:Monitor 10 V:Fluke 8508*0,10.000101,9/1/2017 10:42:15 AM
Monitor:Monitor 10 V:Fluke 8508*0,10.0001016,9/1/2017 10:42:47 AM
Monitor:Monitor 10 V:Fluke 8508*0,10.0001013,9/1/2017 10:43:18 AM
Monitor:Monitor 10 V:Fluke 8508*0,10.0001016,9/1/2017 10:43:50 AM
Monitor:Monitor 10 V:Fluke 8508*0,10.0001017,9/1/2017 10:44:21 AM
Monitor:Monitor 10 V:Fluke 8508*0,10.0001011,9/1/2017 10:44:53 AM
Monitor:Monitor 10 V:Fluke 8508*0,10.0001013,9/1/2017 10:45:24 AM
Monitor:Monitor 10 V:Fluke 8508*0,10.0001016,9/1/2017 10:45:56 AM
Monitor:Monitor 10 V:Fluke 8508*0,10.0001014,9/1/2017 10:46:27 AM
Monitor:Monitor 10 V:Fluke 8508*0,10.0001011,9/1/2017 10:46:59 AM
Monitor:Monitor 10 V:Fluke 8508*0,10.0001008,9/1/2017 10:47:30 AM
Monitor:Monitor 10 V:Fluke 8508*0,10.000101,9/1/2017 10:48:02 AM
Monitor:Monitor 10 V:Fluke 8508*0,10.000101,9/1/2017 10:48:33 AM
Monitor:Monitor 10 V:Fluke 8508*0,10.0001015,9/1/2017 10:49:05 AM
Monitor:Monitor 10 V:Fluke 8508*0,10.0001014,9/1/2017 10:49:36 AM
Monitor:Monitor 10 V:Fluke 8508*0,10.0001013,9/1/2017 10:50:08 AM
Monitor:Monitor 10 V:Fluke 8508*0,10.0001011,9/1/2017 10:50:39 AM
Monitor:Monitor 10 V:Fluke 8508*0,10.0001017,9/1/2017 10:51:11 AM
Monitor:Monitor 10 V:Fluke 8508*0,10.0001018,9/1/2017 10:51:42 AM
Monitor:Monitor 10 V:Fluke 8508*0,10.0001015,9/1/2017 10:52:14 AM
Monitor:Monitor 10 V:Fluke 8508*0,10.0001014,9/1/2017 10:52:45 AM
Monitor:Monitor 10 V:Fluke 8508*0,10.0001012,9/1/2017 10:53:17 AM
Monitor:Monitor 10 V:Fluke 8508*0,10.0001015,9/1/2017 10:53:48 AM
Monitor:Monitor 10 V:Fluke 8508*0,10.000102,9/1/2017 10:54:20 AM
Monitor:Monitor 10 V:Fluke 8508*0,10.0001013,9/1/2017 10:54:51 AM
Monitor:Monitor 10 V:Fluke 8508*0,10.0001021,9/1/2017 10:55:23 AM
Monitor:Monitor 10 V:Fluke 8508*0,10.0001019,9/1/2017 10:55:54 AM
Monitor:Monitor 10 V:Fluke 8508*0,10.0001018,9/1/2017 10:56:26 AM
Monitor:Monitor 10 V:Fluke 8508*0,10.0001018,9/1/2017 10:56:57 AM
Monitor:Monitor 10 V:Fluke 8508*0,10.000102,9/1/2017 10:57:29 AM
Monitor:Monitor 10 V:Fluke 8508*0,10.0001016,9/1/2017 10:58:00 AM
Monitor:Monitor 10 V:Fluke 8508*0,10.0001019,9/1/2017 10:58:32 AM
Monitor:Monitor 10 V:Fluke 8508*0,10.0001014,9/1/2017 10:59:03 AM
Monitor:Monitor 10 V:Fluke 8508*0,10.0001013,9/1/2017 10:59:35 AM
Monitor:Monitor 10 V:Fluke 8508*0,10.0001014,9/1/2017 11:00:06 AM
Monitor:Monitor 10 V:Fluke 8508*0,10.000101,9/1/2017 11:00:38 AM
Monitor:Monitor 10 V:Fluke 8508*0,10.0001007,9/1/2017 11:01:09 AM
Monitor:Monitor 10 V:Fluke 8508*0,10.000101,9/1/2017 11:01:41 AM
Monitor:Monitor 10 V:Fluke 8508*0,10.0001018,9/1/2017 11:02:12 AM
Monitor:Monitor 10 V:Fluke 8508*0,10.0001014,9/1/2017 11:02:43 AM
Monitor:Monitor 10 V:Fluke 8508*0,10.0001011,9/1/2017 11:03:15 AM
Monitor:Monitor 10 V:Fluke 8508*0,10.0001015,9/1/2017 11:03:46 AM
Monitor:Monitor 10 V:Fluke 8508*0,10.0001014,9/1/2017 11:04:18 AM
Monitor:Monitor 10 V:Fluke 8508*0,10.0001018,9/1/2017 11:04:49 AM
Monitor:Monitor 10 V:Fluke 8508*0,10.0001014,9/1/2017 11:05:21 AM
Monitor:Monitor 10 V:Fluke 8508*0,10.0001018,9/1/2017 11:05:52 AM
Monitor:Monitor 10 V:Fluke 8508*0,10.0001013,9/1/2017 11:06:24 AM
Monitor:Monitor 10 V:Fluke 8508*0,10.0001016,9/1/2017 11:06:55 AM
Monitor:Monitor 10 V:Fluke 8508*0,10.0001013,9/1/2017 11:07:27 AM
Monitor:Monitor 10 V:Fluke 8508*0,10.000101,9/1/2017 11:07:58 AM
Monitor:Monitor 10 V:Fluke 8508*0,10.0001013,9/1/2017 11:08:30 AM
Monitor:Monitor 10 V:Fluke 8508*0,10.0001013,9/1/2017 11:09:01 AM
Monitor:Monitor 10 V:Fluke 8508*0,10.0001014,9/1/2017 11:09:33 AM
Monitor:Monitor 10 V:Fluke 8508*0,10.0001016,9/1/2017 11:10:04 AM
Monitor:Monitor 10 V:Fluke 8508*0,10.0001011,9/1/2017 11:10:36 AM
Monitor:Monitor 10 V:Fluke 8508*0,10.0001015,9/1/2017 11:11:07 AM
Monitor:Monitor 10 V:Fluke 8508*0,10.0001014,9/1/2017 11:11:39 AM
Monitor:Monitor 10 V:Fluke 8508*0,10.0001011,9/1/2017 11:12:10 AM
Monitor:Monitor 10 V:Fluke 8508*0,10.0001012,9/1/2017 11:12:42 AM
Monitor:Monitor 10 V:Fluke 8508*0,10.0001016,9/1/2017 11:13:13 AM
Monitor:Monitor 10 V:Fluke 8508*0,10.0001015,9/1/2017 11:13:45 AM
Monitor:Monitor 10 V:Fluke 8508*0,10.0001015,9/1/2017 11:14:16 AM
Monitor:Monitor 10 V:Fluke 8508*0,10.000101,9/1/2017 11:14:48 AM
Monitor:Monitor 10 V:Fluke 8508*0,10.000101,9/1/2017 11:15:19 AM
Monitor:Monitor 10 V:Fluke 8508*0,10.0001013,9/1/2017 11:15:51 AM
Monitor:Monitor 10 V:Fluke 8508*0,10.0001021,9/1/2017 11:16:22 AM
Monitor:Monitor 10 V:Fluke 8508*0,10.0001014,9/1/2017 11:16:54 AM
Monitor:Monitor 10 V:Fluke 8508*0,10.0001015,9/1/2017 11:17:25 AM
Monitor:Monitor 10 V:Fluke 8508*0,10.0001019,9/1/2017 11:17:57 AM
Monitor:Monitor 10 V:Fluke 8508*0,10.0001018,9/1/2017 11:18:28 AM
Monitor:Monitor 10 V:Fluke 8508*0,10.0001013,9/1/2017 11:19:00 AM
Monitor:Monitor 10 V:Fluke 8508*0,10.0001015,9/1/2017 11:19:31 AM
Monitor:Monitor 10 V:Fluke 8508*0,10.0001011,9/1/2017 11:20:03 AM
Monitor:Monitor 10 V:Fluke 8508*0,10.0001015,9/1/2017 11:20:34 AM
Monitor:Monitor 10 V:Fluke 8508*0,10.0001014,9/1/2017 11:21:06 AM
Monitor:Monitor 10 V:Fluke 8508*0,10.000101,9/1/2017 11:21:37 AM
Monitor:Monitor 10 V:Fluke 8508*0,10.0001015,9/1/2017 11:22:09 AM
Monitor:Monitor 10 V:Fluke 8508*0,10.000101,9/1/2017 11:22:40 AM
Monitor:Monitor 10 V:Fluke 8508*0,10.0001005,9/1/2017 11:23:12 AM
Monitor:Monitor 10 V:Fluke 8508*0,10.0001013,9/1/2017 11:23:43 AM
Monitor:Monitor 10 V:Fluke 8508*0,10.0001011,9/1/2017 11:24:15 AM
Monitor:Monitor 10 V:Fluke 8508*0,10.0001011,9/1/2017 11:24:46 AM
Monitor:Monitor 10 V:Fluke 8508*0,10.0001016,9/1/2017 11:25:18 AM
Monitor:Monitor 10 V:Fluke 8508*0,10.0001012,9/1/2017 11:25:49 AM
Monitor:Monitor 10 V:Fluke 8508*0,10.000101,9/1/2017 11:26:20 AM
Monitor:Monitor 10 V:Fluke 8508*0,10.0001015,9/1/2017 11:26:52 AM
Monitor:Monitor 10 V:Fluke 8508*0,10.000101,9/1/2017 11:27:23 AM
Monitor:Monitor 10 V:Fluke 8508*0,10.0001015,9/1/2017 11:27:55 AM
Monitor:Monitor 10 V:Fluke 8508*0,10.000101,9/1/2017 11:28:26 AM
Monitor:Monitor 10 V:Fluke 8508*0,10.0001005,9/1/2017 11:28:58 AM
Monitor:Monitor 10 V:Fluke 8508*0,10.0001013,9/1/2017 11:29:29 AM
Monitor:Monitor 10 V:Fluke 8508*0,10.0001006,9/1/2017 11:30:01 AM
Monitor:Monitor 10 V:Fluke 8508*0,10.0001008,9/1/2017 11:30:32 AM
Monitor:Monitor 10 V:Fluke 8508*0,10.0001007,9/1/2017 11:31:04 AM
Monitor:Monitor 10 V:Fluke 8508*0,10.0001007,9/1/2017 11:31:35 AM
Monitor:Monitor 10 V:Fluke 8508*0,10.0001007,9/1/2017 11:32:07 AM
Monitor:Monitor 10 V:Fluke 8508*0,10.0001005,9/1/2017 11:32:38 AM
Monitor:Monitor 10 V:Fluke 8508*0,10.0001005,9/1/2017 11:33:10 AM
Monitor:Monitor 10 V:Fluke 8508*0,10.0001007,9/1/2017 11:33:41 AM
Monitor:Monitor 10 V:Fluke 8508*0,10.0001006,9/1/2017 11:34:13 AM
Monitor:Monitor 10 V:Fluke 8508*0,10.0001005,9/1/2017 11:34:44 AM
Monitor:Monitor 10 V:Fluke 8508*0,10.0001004,9/1/2017 11:35:16 AM
Monitor:Monitor 10 V:Fluke 8508*0,10.0001008,9/1/2017 11:35:47 AM
Monitor:Monitor 10 V:Fluke 8508*0,10.0001007,9/1/2017 11:36:19 AM
Monitor:Monitor 10 V:Fluke 8508*0,10.000101,9/1/2017 11:36:50 AM
Monitor:Monitor 10 V:Fluke 8508*0,10.0001009,9/1/2017 11:37:22 AM
Monitor:Monitor 10 V:Fluke 8508*0,10.0001009,9/1/2017 11:37:53 AM
Monitor:Monitor 10 V:Fluke 8508*0,10.0001008,9/1/2017 11:38:25 AM
Monitor:Monitor 10 V:Fluke 8508*0,10.0001012,9/1/2017 11:38:56 AM
Monitor:Monitor 10 V:Fluke 8508*0,10.000101,9/1/2017 11:39:28 AM
Monitor:Monitor 10 V:Fluke 8508*0,10.0001008,9/1/2017 11:39:59 AM
Monitor:Monitor 10 V:Fluke 8508*0,10.0001009,9/1/2017 11:40:31 AM
Monitor:Monitor 10 V:Fluke 8508*0,10.0001009,9/1/2017 11:41:02 AM
Monitor:Monitor 10 V:Fluke 8508*0,10.0001011,9/1/2017 11:41:34 AM
Monitor:Monitor 10 V:Fluke 8508*0,10.000101,9/1/2017 11:42:05 AM
Monitor:Monitor 10 V:Fluke 8508*0,10.0001013,9/1/2017 11:42:37 AM
Monitor:Monitor 10 V:Fluke 8508*0,10.0001013,9/1/2017 11:43:08 AM
Monitor:Monitor 10 V:Fluke 8508*0,10.0001009,9/1/2017 11:43:40 AM
Monitor:Monitor 10 V:Fluke 8508*0,10.0001012,9/1/2017 11:44:11 AM
Monitor:Monitor 10 V:Fluke 8508*0,10.0001004,9/1/2017 11:44:43 AM
Monitor:Monitor 10 V:Fluke 8508*0,10.000101,9/1/2017 11:45:14 AM
Monitor:Monitor 10 V:Fluke 8508*0,10.0001016,9/1/2017 11:45:46 AM
Monitor:Monitor 10 V:Fluke 8508*0,10.0001013,9/1/2017 11:46:17 AM
Monitor:Monitor 10 V:Fluke 8508*0,10.0001013,9/1/2017 11:46:49 AM
Monitor:Monitor 10 V:Fluke 8508*0,10.0001013,9/1/2017 11:47:20 AM
Monitor:Monitor 10 V:Fluke 8508*0,10.000101,9/1/2017 11:47:52 AM
Monitor:Monitor 10 V:Fluke 8508*0,10.0001013,9/1/2017 11:48:23 AM
Monitor:Monitor 10 V:Fluke 8508*0,10.0001009,9/1/2017 11:48:55 AM
Monitor:Monitor 10 V:Fluke 8508*0,10.0001012,9/1/2017 11:49:26 AM
Monitor:Monitor 10 V:Fluke 8508*0,10.0001007,9/1/2017 11:49:58 AM
Monitor:Monitor 10 V:Fluke 8508*0,10.0001009,9/1/2017 11:50:29 AM
Monitor:Monitor 10 V:Fluke 8508*0,10.0001004,9/1/2017 11:51:01 AM
Monitor:Monitor 10 V:Fluke 8508*0,10.0001006,9/1/2017 11:51:32 AM
Monitor:Monitor 10 V:Fluke 8508*0,10.0001013,9/1/2017 11:52:03 AM
Monitor:Monitor 10 V:Fluke 8508*0,10.0001007,9/1/2017 11:52:35 AM
Monitor:Monitor 10 V:Fluke 8508*0,10.0001012,9/1/2017 11:53:06 AM
Monitor:Monitor 10 V:Fluke 8508*0,10.0001009,9/1/2017 11:53:38 AM
Monitor:Monitor 10 V:Fluke 8508*0,10.0001001,9/1/2017 11:54:09 AM
Monitor:Monitor 10 V:Fluke 8508*0,10.0001009,9/1/2017 11:54:41 AM
Monitor:Monitor 10 V:Fluke 8508*0,10.000101,9/1/2017 11:55:12 AM
Monitor:Monitor 10 V:Fluke 8508*0,10.0001006,9/1/2017 11:55:44 AM
Monitor:Monitor 10 V:Fluke 8508*0,10.0001004,9/1/2017 11:56:15 AM
Monitor:Monitor 10 V:Fluke 8508*0,10.0001008,9/1/2017 11:56:47 AM
Monitor:Monitor 10 V:Fluke 8508*0,10.0001009,9/1/2017 11:57:18 AM
Monitor:Monitor 10 V:Fluke 8508*0,10.0001003,9/1/2017 11:57:50 AM
Monitor:Monitor 10 V:Fluke 8508*0,10.0001007,9/1/2017 11:58:21 AM
Monitor:Monitor 10 V:Fluke 8508*0,10.000101,9/1/2017 11:58:53 AM
Monitor:Monitor 10 V:Fluke 8508*0,10.0001005,9/1/2017 11:59:24 AM
Monitor:Monitor 10 V:Fluke 8508*0,10.0001007,9/1/2017 11:59:56 AM
Monitor:Monitor 10 V:Fluke 8508*0,10.0001005,9/1/2017 12:00:27 PM
Monitor:Monitor 10 V:Fluke 8508*0,10.0001006,9/1/2017 12:00:59 PM
Monitor:Monitor 10 V:Fluke 8508*0,10.0001004,9/1/2017 12:01:30 PM
Monitor:Monitor 10 V:Fluke 8508*0,10.0001005,9/1/2017 12:02:02 PM
Monitor:Monitor 10 V:Fluke 8508*0,10.0001008,9/1/2017 12:02:33 PM
Monitor:Monitor 10 V:Fluke 8508*0,10.0001008,9/1/2017 12:03:05 PM
Monitor:Monitor 10 V:Fluke 8508*0,10.0001009,9/1/2017 12:03:36 PM
Monitor:Monitor 10 V:Fluke 8508*0,10.0001008,9/1/2017 12:04:08 PM
Monitor:Monitor 10 V:Fluke 8508*0,10.0001008,9/1/2017 12:04:39 PM
Monitor:Monitor 10 V:Fluke 8508*0,10.0001007,9/1/2017 12:05:11 PM
Monitor:Monitor 10 V:Fluke 8508*0,10.0001002,9/1/2017 12:05:42 PM
Monitor:Monitor 10 V:Fluke 8508*0,10.0001005,9/1/2017 12:06:14 PM
Monitor:Monitor 10 V:Fluke 8508*0,10.0001006,9/1/2017 12:06:45 PM
Monitor:Monitor 10 V:Fluke 8508*0,10.0001011,9/1/2017 12:07:17 PM
Monitor:Monitor 10 V:Fluke 8508*0,10.000101,9/1/2017 12:07:48 PM
Monitor:Monitor 10 V:Fluke 8508*0,10.0001009,9/1/2017 12:08:20 PM
Monitor:Monitor 10 V:Fluke 8508*0,10.0001008,9/1/2017 12:08:51 PM
Monitor:Monitor 10 V:Fluke 8508*0,10.000101,9/1/2017 12:09:23 PM
Monitor:Monitor 10 V:Fluke 8508*0,10.0001009,9/1/2017 12:09:54 PM
Monitor:Monitor 10 V:Fluke 8508*0,10.0001011,9/1/2017 12:10:26 PM
Monitor:Monitor 10 V:Fluke 8508*0,10.0001006,9/1/2017 12:10:57 PM
Monitor:Monitor 10 V:Fluke 8508*0,10.0001011,9/1/2017 12:11:29 PM
Monitor:Monitor 10 V:Fluke 8508*0,10.0001005,9/1/2017 12:12:00 PM
Monitor:Monitor 10 V:Fluke 8508*0,10.000101,9/1/2017 12:12:32 PM
Monitor:Monitor 10 V:Fluke 8508*0,10.0001011,9/1/2017 12:13:03 PM
Monitor:Monitor 10 V:Fluke 8508*0,10.0001008,9/1/2017 12:13:35 PM
Monitor:Monitor 10 V:Fluke 8508*0,10.0001012,9/1/2017 12:14:06 PM
Monitor:Monitor 10 V:Fluke 8508*0,10.0001007,9/1/2017 12:14:38 PM
Monitor:Monitor 10 V:Fluke 8508*0,10.0001007,9/1/2017 12:15:09 PM
Monitor:Monitor 10 V:Fluke 8508*0,10.000101,9/1/2017 12:15:41 PM
Monitor:Monitor 10 V:Fluke 8508*0,10.0001009,9/1/2017 12:16:12 PM
Monitor:Monitor 10 V:Fluke 8508*0,10.0001007,9/1/2017 12:16:44 PM
Monitor:Monitor 10 V:Fluke 8508*0,10.0001006,9/1/2017 12:17:15 PM
Monitor:Monitor 10 V:Fluke 8508*0,10.0001009,9/1/2017 12:17:46 PM
Monitor:Monitor 10 V:Fluke 8508*0,10.0001006,9/1/2017 12:18:18 PM
Monitor:Monitor 10 V:Fluke 8508*0,10.0001011,9/1/2017 12:18:49 PM
Monitor:Monitor 10 V:Fluke 8508*0,10.0001008,9/1/2017 12:19:21 PM
Monitor:Monitor 10 V:Fluke 8508*0,10.0001007,9/1/2017 12:19:52 PM
Monitor:Monitor 10 V:Fluke 8508*0,10.0001011,9/1/2017 12:20:24 PM
Monitor:Monitor 10 V:Fluke 8508*0,10.0001013,9/1/2017 12:20:55 PM
Monitor:Monitor 10 V:Fluke 8508*0,10.0001019,9/1/2017 12:21:27 PM
Monitor:Monitor 10 V:Fluke 8508*0,10.0001008,9/1/2017 12:21:58 PM
Monitor:Monitor 10 V:Fluke 8508*0,10.0001012,9/1/2017 12:22:30 PM
Monitor:Monitor 10 V:Fluke 8508*0,10.0001016,9/1/2017 12:23:01 PM
Monitor:Monitor 10 V:Fluke 8508*0,10.0001008,9/1/2017 12:23:33 PM
Monitor:Monitor 10 V:Fluke 8508*0,10.0001011,9/1/2017 12:24:04 PM
Monitor:Monitor 10 V:Fluke 8508*0,10.0001012,9/1/2017 12:24:36 PM
Monitor:Monitor 10 V:Fluke 8508*0,10.0001012,9/1/2017 12:25:07 PM
Monitor:Monitor 10 V:Fluke 8508*0,10.0001009,9/1/2017 12:25:39 PM
Monitor:Monitor 10 V:Fluke 8508*0,10.0001009,9/1/2017 12:26:10 PM
Monitor:Monitor 10 V:Fluke 8508*0,10.0001013,9/1/2017 12:26:42 PM
Monitor:Monitor 10 V:Fluke 8508*0,10.0001013,9/1/2017 12:27:13 PM
Monitor:Monitor 10 V:Fluke 8508*0,10.000101,9/1/2017 12:27:45 PM
Monitor:Monitor 10 V:Fluke 8508*0,10.0001012,9/1/2017 12:28:16 PM
Monitor:Monitor 10 V:Fluke 8508*0,10.0001006,9/1/2017 12:28:48 PM
Monitor:Monitor 10 V:Fluke 8508*0,10.0001008,9/1/2017 12:29:19 PM
Monitor:Monitor 10 V:Fluke 8508*0,10.0001003,9/1/2017 12:29:51 PM
Monitor:Monitor 10 V:Fluke 8508*0,10.0001009,9/1/2017 12:30:22 PM
Monitor:Monitor 10 V:Fluke 8508*0,10.0001003,9/1/2017 12:30:54 PM
Monitor:Monitor 10 V:Fluke 8508*0,10.0001005,9/1/2017 12:31:25 PM
Monitor:Monitor 10 V:Fluke 8508*0,10.0001006,9/1/2017 12:31:57 PM
Monitor:Monitor 10 V:Fluke 8508*0,10.0001005,9/1/2017 12:32:28 PM
Monitor:Monitor 10 V:Fluke 8508*0,10.0001005,9/1/2017 12:33:00 PM
Monitor:Monitor 10 V:Fluke 8508*0,10.0001008,9/1/2017 12:33:31 PM
Monitor:Monitor 10 V:Fluke 8508*0,10.0001007,9/1/2017 12:34:03 PM
Monitor:Monitor 10 V:Fluke 8508*0,10.0001005,9/1/2017 12:34:34 PM
Monitor:Monitor 10 V:Fluke 8508*0,10.0001,9/1/2017 12:35:06 PM
Monitor:Monitor 10 V:Fluke 8508*0,10.0001001,9/1/2017 12:35:37 PM
Monitor:Monitor 10 V:Fluke 8508*0,10.0001002,9/1/2017 12:36:09 PM
Monitor:Monitor 10 V:Fluke 8508*0,10.0001007,9/1/2017 12:36:40 PM
Monitor:Monitor 10 V:Fluke 8508*0,10.000101,9/1/2017 12:37:12 PM
Monitor:Monitor 10 V:Fluke 8508*0,10.0001008,9/1/2017 12:37:43 PM
Monitor:Monitor 10 V:Fluke 8508*0,10.0001005,9/1/2017 12:38:15 PM
Monitor:Monitor 10 V:Fluke 8508*0,10.0001007,9/1/2017 12:38:46 PM
Monitor:Monitor 10 V:Fluke 8508*0,10.0001001,9/1/2017 12:39:18 PM
Monitor:Monitor 10 V:Fluke 8508*0,10.0001006,9/1/2017 12:39:49 PM
Monitor:Monitor 10 V:Fluke 8508*0,10.0001007,9/1/2017 12:40:21 PM
Monitor:Monitor 10 V:Fluke 8508*0,10.0001007,9/1/2017 12:40:52 PM
Monitor:Monitor 10 V:Fluke 8508*0,10.0001008,9/1/2017 12:41:24 PM
Monitor:Monitor 10 V:Fluke 8508*0,10.0001011,9/1/2017 12:41:55 PM
Monitor:Monitor 10 V:Fluke 8508*0,10.0001009,9/1/2017 12:42:26 PM
Monitor:Monitor 10 V:Fluke 8508*0,10.0001005,9/1/2017 12:42:58 PM
Monitor:Monitor 10 V:Fluke 8508*0,10.0001013,9/1/2017 12:43:29 PM
Monitor:Monitor 10 V:Fluke 8508*0,10.000101,9/1/2017 12:44:01 PM
Monitor:Monitor 10 V:Fluke 8508*0,10.0001012,9/1/2017 12:44:32 PM
Monitor:Monitor 10 V:Fluke 8508*0,10.000101,9/1/2017 12:45:04 PM
Monitor:Monitor 10 V:Fluke 8508*0,10.0001005,9/1/2017 12:45:35 PM
Monitor:Monitor 10 V:Fluke 8508*0,10.0001013,9/1/2017 12:46:07 PM
Monitor:Monitor 10 V:Fluke 8508*0,10.0001011,9/1/2017 12:46:38 PM
Monitor:Monitor 10 V:Fluke 8508*0,10.000101,9/1/2017 12:47:10 PM
Monitor:Monitor 10 V:Fluke 8508*0,10.0001011,9/1/2017 12:47:41 PM
Monitor:Monitor 10 V:Fluke 8508*0,10.000101,9/1/2017 12:48:13 PM
Monitor:Monitor 10 V:Fluke 8508*0,10.0001011,9/1/2017 12:48:44 PM
Monitor:Monitor 10 V:Fluke 8508*0,10.0001015,9/1/2017 12:49:16 PM
Monitor:Monitor 10 V:Fluke 8508*0,10.0001007,9/1/2017 12:49:47 PM
Monitor:Monitor 10 V:Fluke 8508*0,10.0001006,9/1/2017 12:50:19 PM
Monitor:Monitor 10 V:Fluke 8508*0,10.000101,9/1/2017 12:50:50 PM
Monitor:Monitor 10 V:Fluke 8508*0,10.0001007,9/1/2017 12:51:22 PM
Monitor:Monitor 10 V:Fluke 8508*0,10.0001008,9/1/2017 12:51:53 PM
Monitor:Monitor 10 V:Fluke 8508*0,10.0001009,9/1/2017 12:52:25 PM
Monitor:Monitor 10 V:Fluke 8508*0,10.0001011,9/1/2017 12:52:56 PM
Monitor:Monitor 10 V:Fluke 8508*0,10.0001009,9/1/2017 12:53:28 PM
Monitor:Monitor 10 V:Fluke 8508*0,10.0001011,9/1/2017 12:53:59 PM
Monitor:Monitor 10 V:Fluke 8508*0,10.0001005,9/1/2017 12:54:31 PM
Monitor:Monitor 10 V:Fluke 8508*0,10.0001004,9/1/2017 12:55:02 PM
Monitor:Monitor 10 V:Fluke 8508*0,10.0001007,9/1/2017 12:55:34 PM
Monitor:Monitor 10 V:Fluke 8508*0,10.000101,9/1/2017 12:56:05 PM
Monitor:Monitor 10 V:Fluke 8508*0,10.0001008,9/1/2017 12:56:37 PM
Monitor:Monitor 10 V:Fluke 8508*0,10.0001008,9/1/2017 12:57:08 PM
Monitor:Monitor 10 V:Fluke 8508*0,10.0001005,9/1/2017 12:57:40 PM
Monitor:Monitor 10 V:Fluke 8508*0,10.0001004,9/1/2017 12:58:11 PM
Monitor:Monitor 10 V:Fluke 8508*0,10.0001009,9/1/2017 12:58:43 PM
Monitor:Monitor 10 V:Fluke 8508*0,10.0001007,9/1/2017 12:59:14 PM
Monitor:Monitor 10 V:Fluke 8508*0,10.0001005,9/1/2017 12:59:46 PM
Monitor:Monitor 10 V:Fluke 8508*0,10.0001007,9/1/2017 1:00:17 PM
Monitor:Monitor 10 V:Fluke 8508*0,10.0001004,9/1/2017 1:00:49 PM
Monitor:Monitor 10 V:Fluke 8508*0,10.0001005,9/1/2017 1:01:20 PM
Monitor:Monitor 10 V:Fluke 8508*0,10.000101,9/1/2017 1:01:52 PM
Monitor:Monitor 10 V:Fluke 8508*0,10.0001004,9/1/2017 1:02:23 PM
Monitor:Monitor 10 V:Fluke 8508*0,10.0001003,9/1/2017 1:02:55 PM
Monitor:Monitor 10 V:Fluke 8508*0,10.0001004,9/1/2017 1:03:26 PM
Monitor:Monitor 10 V:Fluke 8508*0,10.0001008,9/1/2017 1:03:58 PM
Monitor:Monitor 10 V:Fluke 8508*0,10.0001007,9/1/2017 1:04:29 PM
Monitor:Monitor 10 V:Fluke 8508*0,10.000101,9/1/2017 1:05:01 PM
Monitor:Monitor 10 V:Fluke 8508*0,10.0001011,9/1/2017 1:05:32 PM
Monitor:Monitor 10 V:Fluke 8508*0,10.0001013,9/1/2017 1:06:04 PM
Monitor:Monitor 10 V:Fluke 8508*0,10.0001014,9/1/2017 1:06:35 PM
Monitor:Monitor 10 V:Fluke 8508*0,10.0001012,9/1/2017 1:07:07 PM
Monitor:Monitor 10 V:Fluke 8508*0,10.0001012,9/1/2017 1:07:38 PM
Monitor:Monitor 10 V:Fluke 8508*0,10.0001008,9/1/2017 1:08:09 PM
Monitor:Monitor 10 V:Fluke 8508*0,10.0001015,9/1/2017 1:08:41 PM
Monitor:Monitor 10 V:Fluke 8508*0,10.0001013,9/1/2017 1:09:12 PM
Monitor:Monitor 10 V:Fluke 8508*0,10.000101,9/1/2017 1:09:44 PM
Monitor:Monitor 10 V:Fluke 8508*0,10.0001009,9/1/2017 1:10:15 PM
Monitor:Monitor 10 V:Fluke 8508*0,10.000101,9/1/2017 1:10:47 PM
Monitor:Monitor 10 V:Fluke 8508*0,10.0001012,9/1/2017 1:11:18 PM
Monitor:Monitor 10 V:Fluke 8508*0,10.000101,9/1/2017 1:11:50 PM
Monitor:Monitor 10 V:Fluke 8508*0,10.0001008,9/1/2017 1:12:21 PM
Monitor:Monitor 10 V:Fluke 8508*0,10.0001007,9/1/2017 1:12:53 PM
Monitor:Monitor 10 V:Fluke 8508*0,10.0001007,9/1/2017 1:13:24 PM
Monitor:Monitor 10 V:Fluke 8508*0,10.000101,9/1/2017 1:13:56 PM
Monitor:Monitor 10 V:Fluke 8508*0,10.000101,9/1/2017 1:14:27 PM
Monitor:Monitor 10 V:Fluke 8508*0,10.0001008,9/1/2017 1:14:59 PM
Monitor:Monitor 10 V:Fluke 8508*0,10.0001009,9/1/2017 1:15:30 PM
Monitor:Monitor 10 V:Fluke 8508*0,10.0001007,9/1/2017 1:16:02 PM
Monitor:Monitor 10 V:Fluke 8508*0,10.0001005,9/1/2017 1:16:33 PM
Monitor:Monitor 10 V:Fluke 8508*0,10.0001007,9/1/2017 1:17:05 PM
Monitor:Monitor 10 V:Fluke 8508*0,10.0001012,9/1/2017 1:17:36 PM
Monitor:Monitor 10 V:Fluke 8508*0,10.0001006,9/1/2017 1:18:08 PM
Monitor:Monitor 10 V:Fluke 8508*0,10.0001009,9/1/2017 1:18:39 PM
Monitor:Monitor 10 V:Fluke 8508*0,10.0001008,9/1/2017 1:19:11 PM
Monitor:Monitor 10 V:Fluke 8508*0,10.0001009,9/1/2017 1:19:42 PM
Monitor:Monitor 10 V:Fluke 8508*0,10.0001009,9/1/2017 1:20:14 PM
Monitor:Monitor 10 V:Fluke 8508*0,10.0001013,9/1/2017 1:20:45 PM
Monitor:Monitor 10 V:Fluke 8508*0,10.0001012,9/1/2017 1:21:17 PM
Monitor:Monitor 10 V:Fluke 8508*0,10.0001009,9/1/2017 1:21:48 PM
Monitor:Monitor 10 V:Fluke 8508*0,10.0001008,9/1/2017 1:22:20 PM
Monitor:Monitor 10 V:Fluke 8508*0,10.000101,9/1/2017 1:22:51 PM
Monitor:Monitor 10 V:Fluke 8508*0,10.0001007,9/1/2017 1:23:23 PM
Monitor:Monitor 10 V:Fluke 8508*0,10.0001011,9/1/2017 1:23:54 PM
Monitor:Monitor 10 V:Fluke 8508*0,10.0001012,9/1/2017 1:24:26 PM
Monitor:Monitor 10 V:Fluke 8508*0,10.0001013,9/1/2017 1:24:57 PM
Monitor:Monitor 10 V:Fluke 8508*0,10.0001015,9/1/2017 1:25:29 PM
Monitor:Monitor 10 V:Fluke 8508*0,10.0001009,9/1/2017 1:26:00 PM
Monitor:Monitor 10 V:Fluke 8508*0,10.0001008,9/1/2017 1:26:32 PM
Monitor:Monitor 10 V:Fluke 8508*0,10.000101,9/1/2017 1:27:03 PM
Monitor:Monitor 10 V:Fluke 8508*0,10.0001009,9/1/2017 1:27:35 PM
Monitor:Monitor 10 V:Fluke 8508*0,10.0001007,9/1/2017 1:28:06 PM
Monitor:Monitor 10 V:Fluke 8508*0,10.0001011,9/1/2017 1:28:38 PM
Monitor:Monitor 10 V:Fluke 8508*0,10.0001016,9/1/2017 1:29:09 PM
Monitor:Monitor 10 V:Fluke 8508*0,10.0001014,9/1/2017 1:29:41 PM
Monitor:Monitor 10 V:Fluke 8508*0,10.0001016,9/1/2017 1:30:12 PM
Monitor:Monitor 10 V:Fluke 8508*0,10.0001014,9/1/2017 1:30:44 PM
Monitor:Monitor 10 V:Fluke 8508*0,10.000101,9/1/2017 1:31:15 PM
Monitor:Monitor 10 V:Fluke 8508*0,10.000101,9/1/2017 1:31:47 PM
Monitor:Monitor 10 V:Fluke 8508*0,10.000101,9/1/2017 1:32:18 PM
Monitor:Monitor 10 V:Fluke 8508*0,10.0001014,9/1/2017 1:32:49 PM
Monitor:Monitor 10 V:Fluke 8508*0,10.000101,9/1/2017 1:33:21 PM
Monitor:Monitor 10 V:Fluke 8508*0,10.0001013,9/1/2017 1:33:52 PM
Monitor:Monitor 10 V:Fluke 8508*0,10.0001011,9/1/2017 1:34:24 PM
Monitor:Monitor 10 V:Fluke 8508*0,10.0001011,9/1/2017 1:34:55 PM
Monitor:Monitor 10 V:Fluke 8508*0,10.0001016,9/1/2017 1:35:27 PM
Monitor:Monitor 10 V:Fluke 8508*0,10.0001012,9/1/2017 1:35:58 PM
Monitor:Monitor 10 V:Fluke 8508*0,10.0001014,9/1/2017 1:36:30 PM
Monitor:Monitor 10 V:Fluke 8508*0,10.0001012,9/1/2017 1:37:01 PM
Monitor:Monitor 10 V:Fluke 8508*0,10.0001011,9/1/2017 1:37:33 PM
Monitor:Monitor 10 V:Fluke 8508*0,10.0001006,9/1/2017 1:38:04 PM
Monitor:Monitor 10 V:Fluke 8508*0,10.0001013,9/1/2017 1:38:36 PM
Monitor:Monitor 10 V:Fluke 8508*0,10.0001017,9/1/2017 1:39:07 PM
Monitor:Monitor 10 V:Fluke 8508*0,10.0001013,9/1/2017 1:39:39 PM
Monitor:Monitor 10 V:Fluke 8508*0,10.0001016,9/1/2017 1:40:10 PM
Monitor:Monitor 10 V:Fluke 8508*0,10.0001017,9/1/2017 1:40:42 PM
Monitor:Monitor 10 V:Fluke 8508*0,10.0001014,9/1/2017 1:41:13 PM
Monitor:Monitor 10 V:Fluke 8508*0,10.0001011,9/1/2017 1:41:45 PM
Monitor:Monitor 10 V:Fluke 8508*0,10.0001013,9/1/2017 1:42:16 PM
Monitor:Monitor 10 V:Fluke 8508*0,10.0001008,9/1/2017 1:42:48 PM
Monitor:Monitor 10 V:Fluke 8508*0,10.0001011,9/1/2017 1:43:19 PM
Monitor:Monitor 10 V:Fluke 8508*0,10.0001014,9/1/2017 1:43:51 PM
Monitor:Monitor 10 V:Fluke 8508*0,10.0001008,9/1/2017 1:44:22 PM
Monitor:Monitor 10 V:Fluke 8508*0,10.0001014,9/1/2017 1:44:54 PM
Monitor:Monitor 10 V:Fluke 8508*0,10.0001007,9/1/2017 1:45:25 PM
Monitor:Monitor 10 V:Fluke 8508*0,10.0001015,9/1/2017 1:45:57 PM
Monitor:Monitor 10 V:Fluke 8508*0,10.0001014,9/1/2017 1:46:28 PM
Monitor:Monitor 10 V:Fluke 8508*0,10.000101,9/1/2017 1:47:00 PM
Monitor:Monitor 10 V:Fluke 8508*0,10.0001013,9/1/2017 1:47:31 PM
Monitor:Monitor 10 V:Fluke 8508*0,10.0001012,9/1/2017 1:48:03 PM
Monitor:Monitor 10 V:Fluke 8508*0,10.0001014,9/1/2017 1:48:34 PM
Monitor:Monitor 10 V:Fluke 8508*0,10.0001014,9/1/2017 1:49:06 PM
Monitor:Monitor 10 V:Fluke 8508*0,10.0001012,9/1/2017 1:49:37 PM
Monitor:Monitor 10 V:Fluke 8508*0,10.0001011,9/1/2017 1:50:09 PM
Monitor:Monitor 10 V:Fluke 8508*0,10.0001015,9/1/2017 1:50:40 PM
Monitor:Monitor 10 V:Fluke 8508*0,10.0001011,9/1/2017 1:51:12 PM
Monitor:Monitor 10 V:Fluke 8508*0,10.0001014,9/1/2017 1:51:43 PM
Monitor:Monitor 10 V:Fluke 8508*0,10.0001015,9/1/2017 1:52:15 PM
Monitor:Monitor 10 V:Fluke 8508*0,10.0001013,9/1/2017 1:52:46 PM
Monitor:Monitor 10 V:Fluke 8508*0,10.000101,9/1/2017 1:53:18 PM
Monitor:Monitor 10 V:Fluke 8508*0,10.0001013,9/1/2017 1:53:49 PM
Monitor:Monitor 10 V:Fluke 8508*0,10.0001012,9/1/2017 1:54:21 PM
Monitor:Monitor 10 V:Fluke 8508*0,10.0001014,9/1/2017 1:54:52 PM
Monitor:Monitor 10 V:Fluke 8508*0,10.0001018,9/1/2017 1:55:24 PM
Monitor:Monitor 10 V:Fluke 8508*0,10.0001012,9/1/2017 1:55:55 PM
Monitor:Monitor 10 V:Fluke 8508*0,10.0001012,9/1/2017 1:56:27 PM
Monitor:Monitor 10 V:Fluke 8508*0,10.0001005,9/1/2017 1:56:58 PM
Monitor:Monitor 10 V:Fluke 8508*0,10.0001003,9/1/2017 1:57:30 PM
Monitor:Monitor 10 V:Fluke 8508*0,10.0001009,9/1/2017 1:58:01 PM
Monitor:Monitor 10 V:Fluke 8508*0,10.0001009,9/1/2017 1:58:32 PM
Monitor:Monitor 10 V:Fluke 8508*0,10.0001006,9/1/2017 1:59:04 PM
Monitor:Monitor 10 V:Fluke 8508*0,10.0001014,9/1/2017 1:59:35 PM
Monitor:Monitor 10 V:Fluke 8508*0,10.0001011,9/1/2017 2:00:07 PM
Monitor:Monitor 10 V:Fluke 8508*0,10.0001009,9/1/2017 2:00:38 PM
Monitor:Monitor 10 V:Fluke 8508*0,10.0001011,9/1/2017 2:01:10 PM
Monitor:Monitor 10 V:Fluke 8508*0,10.0001006,9/1/2017 2:01:41 PM
Monitor:Monitor 10 V:Fluke 8508*0,10.0001007,9/1/2017 2:02:13 PM
Monitor:Monitor 10 V:Fluke 8508*0,10.0001007,9/1/2017 2:02:44 PM
Monitor:Monitor 10 V:Fluke 8508*0,10.000101,9/1/2017 2:03:16 PM
Monitor:Monitor 10 V:Fluke 8508*0,10.0001012,9/1/2017 2:03:47 PM
Monitor:Monitor 10 V:Fluke 8508*0,10.0001008,9/1/2017 2:04:19 PM
Monitor:Monitor 10 V:Fluke 8508*0,10.0001008,9/1/2017 2:04:50 PM
Monitor:Monitor 10 V:Fluke 8508*0,10.0001007,9/1/2017 2:05:22 PM
Monitor:Monitor 10 V:Fluke 8508*0,10.0001008,9/1/2017 2:05:53 PM
Monitor:Monitor 10 V:Fluke 8508*0,10.0001008,9/1/2017 2:06:25 PM
Monitor:Monitor 10 V:Fluke 8508*0,10.0001008,9/1/2017 2:06:56 PM
Monitor:Monitor 10 V:Fluke 8508*0,10.000101,9/1/2017 2:07:28 PM
Monitor:Monitor 10 V:Fluke 8508*0,10.0001007,9/1/2017 2:07:59 PM
Monitor:Monitor 10 V:Fluke 8508*0,10.0001005,9/1/2017 2:08:31 PM
Monitor:Monitor 10 V:Fluke 8508*0,10.0001003,9/1/2017 2:09:02 PM
Monitor:Monitor 10 V:Fluke 8508*0,10.0001004,9/1/2017 2:09:34 PM
Monitor:Monitor 10 V:Fluke 8508*0,10.0001006,9/1/2017 2:10:05 PM
Monitor:Monitor 10 V:Fluke 8508*0,10.0001005,9/1/2017 2:10:37 PM
Monitor:Monitor 10 V:Fluke 8508*0,10.0001002,9/1/2017 2:11:08 PM
Monitor:Monitor 10 V:Fluke 8508*0,10.000101,9/1/2017 2:11:40 PM
Monitor:Monitor 10 V:Fluke 8508*0,10.0001005,9/1/2017 2:12:11 PM
Monitor:Monitor 10 V:Fluke 8508*0,10.0001008,9/1/2017 2:12:43 PM
Monitor:Monitor 10 V:Fluke 8508*0,10.000101,9/1/2017 2:13:14 PM
Monitor:Monitor 10 V:Fluke 8508*0,10.0001011,9/1/2017 2:13:46 PM
Monitor:Monitor 10 V:Fluke 8508*0,10.0001007,9/1/2017 2:14:17 PM
Monitor:Monitor 10 V:Fluke 8508*0,10.000101,9/1/2017 2:14:49 PM
Monitor:Monitor 10 V:Fluke 8508*0,10.0001009,9/1/2017 2:15:20 PM
Monitor:Monitor 10 V:Fluke 8508*0,10.0001006,9/1/2017 2:15:52 PM
Monitor:Monitor 10 V:Fluke 8508*0,10.0001002,9/1/2017 2:16:23 PM
Monitor:Monitor 10 V:Fluke 8508*0,10.0001006,9/1/2017 2:16:55 PM
Monitor:Monitor 10 V:Fluke 8508*0,10.0001002,9/1/2017 2:17:26 PM
Monitor:Monitor 10 V:Fluke 8508*0,10.0001005,9/1/2017 2:17:58 PM
Monitor:Monitor 10 V:Fluke 8508*0,10.0001007,9/1/2017 2:18:29 PM
Monitor:Monitor 10 V:Fluke 8508*0,10.0001009,9/1/2017 2:19:01 PM
Monitor:Monitor 10 V:Fluke 8508*0,10.0001006,9/1/2017 2:19:32 PM
Monitor:Monitor 10 V:Fluke 8508*0,10.0001012,9/1/2017 2:20:04 PM
Monitor:Monitor 10 V:Fluke 8508*0,10.000101,9/1/2017 2:20:35 PM
Monitor:Monitor 10 V:Fluke 8508*0,10.0001009,9/1/2017 2:21:07 PM
Monitor:Monitor 10 V:Fluke 8508*0,10.0001013,9/1/2017 2:21:38 PM
Monitor:Monitor 10 V:Fluke 8508*0,10.0001008,9/1/2017 2:22:10 PM
Monitor:Monitor 10 V:Fluke 8508*0,10.0001012,9/1/2017 2:22:41 PM
Monitor:Monitor 10 V:Fluke 8508*0,10.0001007,9/1/2017 2:23:13 PM
Monitor:Monitor 10 V:Fluke 8508*0,10.0001008,9/1/2017 2:23:44 PM
Monitor:Monitor 10 V:Fluke 8508*0,10.0001007,9/1/2017 2:24:16 PM
Monitor:Monitor 10 V:Fluke 8508*0,10.0001011,9/1/2017 2:24:47 PM
Monitor:Monitor 10 V:Fluke 8508*0,10.0001011,9/1/2017 2:25:18 PM
Monitor:Monitor 10 V:Fluke 8508*0,10.0001008,9/1/2017 2:25:50 PM
Monitor:Monitor 10 V:Fluke 8508*0,10.0001008,9/1/2017 2:26:21 PM
Monitor:Monitor 10 V:Fluke 8508*0,10.0001011,9/1/2017 2:26:53 PM
Monitor:Monitor 10 V:Fluke 8508*0,10.000101,9/1/2017 2:27:24 PM
Monitor:Monitor 10 V:Fluke 8508*0,10.0001009,9/1/2017 2:27:56 PM
Monitor:Monitor 10 V:Fluke 8508*0,10.0001011,9/1/2017 2:28:27 PM
Monitor:Monitor 10 V:Fluke 8508*0,10.0001007,9/1/2017 2:28:59 PM
Monitor:Monitor 10 V:Fluke 8508*0,10.0001008,9/1/2017 2:29:30 PM
Monitor:Monitor 10 V:Fluke 8508*0,10.000101,9/1/2017 2:30:02 PM
Monitor:Monitor 10 V:Fluke 8508*0,10.0001011,9/1/2017 2:30:33 PM
Monitor:Monitor 10 V:Fluke 8508*0,10.0001002,9/1/2017 2:31:05 PM
Monitor:Monitor 10 V:Fluke 8508*0,10.0001007,9/1/2017 2:31:36 PM
Monitor:Monitor 10 V:Fluke 8508*0,10.000101,9/1/2017 2:32:08 PM
Monitor:Monitor 10 V:Fluke 8508*0,10.0001008,9/1/2017 2:32:39 PM
Monitor:Monitor 10 V:Fluke 8508*0,10.0001007,9/1/2017 2:33:11 PM
Monitor:Monitor 10 V:Fluke 8508*0,10.0001006,9/1/2017 2:33:42 PM
Monitor:Monitor 10 V:Fluke 8508*0,10.000101,9/1/2017 2:34:14 PM
Monitor:Monitor 10 V:Fluke 8508*0,10.0001008,9/1/2017 2:34:45 PM
Monitor:Monitor 10 V:Fluke 8508*0,10.0001008,9/1/2017 2:35:17 PM
Monitor:Monitor 10 V:Fluke 8508*0,10.0000997,9/1/2017 2:35:48 PM
Monitor:Monitor 10 V:Fluke 8508*0,10.0001001,9/1/2017 2:36:20 PM
Monitor:Monitor 10 V:Fluke 8508*0,10.0001005,9/1/2017 2:36:51 PM
Monitor:Monitor 10 V:Fluke 8508*0,10.0001005,9/1/2017 2:37:23 PM
Monitor:Monitor 10 V:Fluke 8508*0,10.0001005,9/1/2017 2:37:54 PM
Monitor:Monitor 10 V:Fluke 8508*0,10.0001008,9/1/2017 2:38:26 PM
Monitor:Monitor 10 V:Fluke 8508*0,10.0001007,9/1/2017 2:38:57 PM
Monitor:Monitor 10 V:Fluke 8508*0,10.000101,9/1/2017 2:39:29 PM
Monitor:Monitor 10 V:Fluke 8508*0,10.0001012,9/1/2017 2:40:00 PM
Monitor:Monitor 10 V:Fluke 8508*0,10.0001009,9/1/2017 2:40:32 PM
Monitor:Monitor 10 V:Fluke 8508*0,10.0001008,9/1/2017 2:41:03 PM
Monitor:Monitor 10 V:Fluke 8508*0,10.0001006,9/1/2017 2:41:35 PM
Monitor:Monitor 10 V:Fluke 8508*0,10.0001006,9/1/2017 2:42:06 PM
Monitor:Monitor 10 V:Fluke 8508*0,10.0001009,9/1/2017 2:42:38 PM
Monitor:Monitor 10 V:Fluke 8508*0,10.0001008,9/1/2017 2:43:09 PM
Monitor:Monitor 10 V:Fluke 8508*0,10.0001012,9/1/2017 2:43:41 PM
Monitor:Monitor 10 V:Fluke 8508*0,10.000101,9/1/2017 2:44:12 PM
Monitor:Monitor 10 V:Fluke 8508*0,10.0001008,9/1/2017 2:44:44 PM
Monitor:Monitor 10 V:Fluke 8508*0,10.0001012,9/1/2017 2:45:15 PM
Monitor:Monitor 10 V:Fluke 8508*0,10.0001012,9/1/2017 2:45:47 PM
Monitor:Monitor 10 V:Fluke 8508*0,10.0001013,9/1/2017 2:46:18 PM
Monitor:Monitor 10 V:Fluke 8508*0,10.000101,9/1/2017 2:46:50 PM
Monitor:Monitor 10 V:Fluke 8508*0,10.0001011,9/1/2017 2:47:21 PM
Monitor:Monitor 10 V:Fluke 8508*0,10.000101,9/1/2017 2:47:53 PM
Monitor:Monitor 10 V:Fluke 8508*0,10.0001012,9/1/2017 2:48:24 PM
Monitor:Monitor 10 V:Fluke 8508*0,10.000101,9/1/2017 2:48:56 PM
Monitor:Monitor 10 V:Fluke 8508*0,10.0001013,9/1/2017 2:49:27 PM
Monitor:Monitor 10 V:Fluke 8508*0,10.0001008,9/1/2017 2:49:59 PM
Monitor:Monitor 10 V:Fluke 8508*0,10.0001009,9/1/2017 2:50:30 PM
Monitor:Monitor 10 V:Fluke 8508*0,10.0001013,9/1/2017 2:51:02 PM
Monitor:Monitor 10 V:Fluke 8508*0,10.0001008,9/1/2017 2:51:33 PM
Monitor:Monitor 10 V:Fluke 8508*0,10.0001009,9/1/2017 2:52:04 PM
Monitor:Monitor 10 V:Fluke 8508*0,10.000101,9/1/2017 2:52:36 PM
Monitor:Monitor 10 V:Fluke 8508*0,10.0001009,9/1/2017 2:53:07 PM
Monitor:Monitor 10 V:Fluke 8508*0,10.0001007,9/1/2017 2:53:39 PM
Monitor:Monitor 10 V:Fluke 8508*0,10.0001007,9/1/2017 2:54:10 PM
Monitor:Monitor 10 V:Fluke 8508*0,10.0001005,9/1/2017 2:54:42 PM
Monitor:Monitor 10 V:Fluke 8508*0,10.0001011,9/1/2017 2:55:13 PM
Monitor:Monitor 10 V:Fluke 8508*0,10.0001004,9/1/2017 2:55:45 PM
Monitor:Monitor 10 V:Fluke 8508*0,10.0001011,9/1/2017 2:56:16 PM
Monitor:Monitor 10 V:Fluke 8508*0,10.0001008,9/1/2017 2:56:48 PM
Monitor:Monitor 10 V:Fluke 8508*0,10.0001008,9/1/2017 2:57:19 PM
Monitor:Monitor 10 V:Fluke 8508*0,10.0001008,9/1/2017 2:57:51 PM
Monitor:Monitor 10 V:Fluke 8508*0,10.0001017,9/1/2017 2:58:22 PM
Monitor:Monitor 10 V:Fluke 8508*0,10.0001012,9/1/2017 2:58:54 PM
Monitor:Monitor 10 V:Fluke 8508*0,10.0001005,9/1/2017 2:59:25 PM
Monitor:Monitor 10 V:Fluke 8508*0,10.0001006,9/1/2017 2:59:57 PM
Monitor:Monitor 10 V:Fluke 8508*0,10.0001004,9/1/2017 3:00:28 PM
Monitor:Monitor 10 V:Fluke 8508*0,10.0001007,9/1/2017 3:01:00 PM
Monitor:Monitor 10 V:Fluke 8508*0,10.0001012,9/1/2017 3:01:31 PM
Monitor:Monitor 10 V:Fluke 8508*0,10.0001011,9/1/2017 3:02:03 PM
Monitor:Monitor 10 V:Fluke 8508*0,10.0001013,9/1/2017 3:02:34 PM
Monitor:Monitor 10 V:Fluke 8508*0,10.0001012,9/1/2017 3:03:06 PM
Monitor:Monitor 10 V:Fluke 8508*0,10.0001007,9/1/2017 3:03:37 PM
Monitor:Monitor 10 V:Fluke 8508*0,10.0001007,9/1/2017 3:04:09 PM
Monitor:Monitor 10 V:Fluke 8508*0,10.0001008,9/1/2017 3:04:40 PM
Monitor:Monitor 10 V:Fluke 8508*0,10.0001008,9/1/2017 3:05:12 PM
Monitor:Monitor 10 V:Fluke 8508*0,10.0001011,9/1/2017 3:05:43 PM
Monitor:Monitor 10 V:Fluke 8508*0,10.0001014,9/1/2017 3:06:15 PM
Monitor:Monitor 10 V:Fluke 8508*0,10.0001013,9/1/2017 3:06:46 PM
Monitor:Monitor 10 V:Fluke 8508*0,10.0001008,9/1/2017 3:07:18 PM
Monitor:Monitor 10 V:Fluke 8508*0,10.000101,9/1/2017 3:07:49 PM
Monitor:Monitor 10 V:Fluke 8508*0,10.0001008,9/1/2017 3:08:21 PM
Monitor:Monitor 10 V:Fluke 8508*0,10.0001009,9/1/2017 3:08:52 PM
Monitor:Monitor 10 V:Fluke 8508*0,10.0001011,9/1/2017 3:09:24 PM
Monitor:Monitor 10 V:Fluke 8508*0,10.0001005,9/1/2017 3:09:55 PM
Monitor:Monitor 10 V:Fluke 8508*0,10.000101,9/1/2017 3:10:27 PM
Monitor:Monitor 10 V:Fluke 8508*0,10.0001011,9/1/2017 3:10:58 PM
Monitor:Monitor 10 V:Fluke 8508*0,10.0001014,9/1/2017 3:11:30 PM
Monitor:Monitor 10 V:Fluke 8508*0,10.0001014,9/1/2017 3:12:01 PM
Monitor:Monitor 10 V:Fluke 8508*0,10.0001014,9/1/2017 3:12:33 PM
Monitor:Monitor 10 V:Fluke 8508*0,10.0001017,9/1/2017 3:13:04 PM
Monitor:Monitor 10 V:Fluke 8508*0,10.0001015,9/1/2017 3:13:36 PM
Monitor:Monitor 10 V:Fluke 8508*0,10.0001012,9/1/2017 3:14:07 PM
Monitor:Monitor 10 V:Fluke 8508*0,10.0001014,9/1/2017 3:14:39 PM
Monitor:Monitor 10 V:Fluke 8508*0,10.000101,9/1/2017 3:15:10 PM
Monitor:Monitor 10 V:Fluke 8508*0,10.0001006,9/1/2017 3:15:42 PM
Monitor:Monitor 10 V:Fluke 8508*0,10.0001015,9/1/2017 3:16:13 PM
Monitor:Monitor 10 V:Fluke 8508*0,10.0001007,9/1/2017 3:16:45 PM
Monitor:Monitor 10 V:Fluke 8508*0,10.0001008,9/1/2017 3:17:16 PM
Monitor:Monitor 10 V:Fluke 8508*0,10.0001014,9/1/2017 3:17:47 PM
Monitor:Monitor 10 V:Fluke 8508*0,10.0001011,9/1/2017 3:18:19 PM
Monitor:Monitor 10 V:Fluke 8508*0,10.000101,9/1/2017 3:18:50 PM
Monitor:Monitor 10 V:Fluke 8508*0,10.000101,9/1/2017 3:19:22 PM
Monitor:Monitor 10 V:Fluke 8508*0,10.0001009,9/1/2017 3:19:53 PM
Monitor:Monitor 10 V:Fluke 8508*0,10.0001011,9/1/2017 3:20:25 PM
Monitor:Monitor 10 V:Fluke 8508*0,10.0001004,9/1/2017 3:20:56 PM
Monitor:Monitor 10 V:Fluke 8508*0,10.0001006,9/1/2017 3:21:28 PM
