DC Volts:1.5 V Range:Yokogawa WT1600*0,-0.0003,9/26/2018 9:07:56 AM
DC Volts:1.5 V Range:Yokogawa WT1600*0,-0.0003,9/26/2018 9:07:58 AM
DC Volts:3 V Range:Yokogawa WT1600*0,-0.0004,9/26/2018 9:08:00 AM
DC Volts:3 V Range:Yokogawa WT1600*0,0.0002,9/26/2018 9:08:02 AM
DC Volts:6 V Range:Yokogawa WT1600*0,-0.001,9/26/2018 9:08:05 AM
DC Volts:6 V Range:Yokogawa WT1600*0,-0.0024,9/26/2018 9:08:06 AM
DC Volts:10 V Range:Yokogawa WT1600*0,-0.001,9/26/2018 9:08:08 AM
DC Volts:10 V Range:Yokogawa WT1600*0,0,9/26/2018 9:08:10 AM
DC Volts:15 V Range:Yokogawa WT1600*0,-0.001,9/26/2018 9:08:12 AM
DC Volts:15 V Range:Yokogawa WT1600*0,0,9/26/2018 9:08:14 AM
DC Volts:30 V Range:Yokogawa WT1600*0,-0.005,9/26/2018 9:08:16 AM
DC Volts:30 V Range:Yokogawa WT1600*0,-0.006,9/26/2018 9:08:18 AM
DC Volts:60 V Range:Yokogawa WT1600*0,-0.001,9/26/2018 9:08:22 AM
DC Volts:60 V Range:Yokogawa WT1600*0,-0.007,9/26/2018 9:08:25 AM
