Element 1: DC Volts:15 V Range: 14 V:Yokogawa WT3000E*0,14,12/3/2018 10:06:45 AM
Element 1: DC Volts:15 V Range: -14 V:Yokogawa WT3000E*0,-13.9977,12/3/2018 10:06:51 AM
Element 1: DC Volts:100 V Range: 100 V:Yokogawa WT3000E*0,100.002,12/3/2018 10:06:58 AM
Element 1: DC Volts:100 V Range: -100 V:Yokogawa WT3000E*0,-99.985,12/3/2018 10:07:04 AM
Element 1: DC Volts:100 V Range: 50 V:Yokogawa WT3000E*0,50,12/3/2018 10:07:11 AM
Element 1: DC Volts:100 V Range: -50 V:Yokogawa WT3000E*0,-49.985,12/3/2018 10:07:17 AM
Element 1: DC Volts:100 V Range: 10 V:Yokogawa WT3000E*0,10.003,12/3/2018 10:07:23 AM
Element 1: DC Volts:100 V Range: -10 V:Yokogawa WT3000E*0,-9.987,12/3/2018 10:07:29 AM
Element 1: DC Volts:100 V Range: 1 V:Yokogawa WT3000E*0,1,12/3/2018 10:07:35 AM
Element 1: DC Volts:100 V Range: -1 V:Yokogawa WT3000E*0,-0.984,12/3/2018 10:07:41 AM
Element 1: DC Volts:150 V Range: 135 V:Yokogawa WT3000E*0,135.004,12/3/2018 10:07:48 AM
Element 1: DC Volts:150 V Range: -135 V:Yokogawa WT3000E*0,-134.983,12/3/2018 10:07:54 AM
Element 1: DC Volts:1000 V Range: 0.9 kV:Yokogawa WT3000E*0,0.89999,12/3/2018 10:08:01 AM
Element 1: DC Volts:1000 V Range: -0.9 kV:Yokogawa WT3000E*0,-0.89983,12/3/2018 10:08:11 AM
Element 1: AC Volts:15 V Range: 14 V @ 60 Hz:Yokogawa WT3000E*0,13.9995,12/3/2018 10:08:23 AM
Element 1: AC Volts:15 V Range: 14 V @ 1 kHz:Yokogawa WT3000E*0,13.9992,12/3/2018 10:08:29 AM
Element 1: AC Volts:15 V Range: 14 V @ 100 kHz:Yokogawa WT3000E*0,14.0624,12/3/2018 10:08:36 AM
Element 1: AC Volts:15 V Range: 3 V @ 500 kHz:Yokogawa WT3000E*0,2.9937,12/3/2018 10:08:44 AM
Element 1: AC Volts:30 V Range: 27 V @ 60 Hz:Yokogawa WT3000E*0,26.9987,12/3/2018 10:08:52 AM
Element 1: AC Volts:30 V Range: 27 V @ 1 kHz:Yokogawa WT3000E*0,26.9981,12/3/2018 10:08:58 AM
Element 1: AC Volts:60 V Range: 54 V @ 60 Hz:Yokogawa WT3000E*0,53.9976,12/3/2018 10:09:08 AM
Element 1: AC Volts:60 V Range: 54 V @ 1 kHz:Yokogawa WT3000E*0,53.9973,12/3/2018 10:09:14 AM
Element 1: AC Volts:100 V Range: 30 V @ 10 Hz:Yokogawa WT3000E*0,29.993,12/3/2018 10:09:22 AM
Element 1: AC Volts:100 V Range: 100 V @ 60 Hz:Yokogawa WT3000E*0,99.999,12/3/2018 10:09:33 AM
Element 1: AC Volts:100 V Range: 50 V @ 60 Hz:Yokogawa WT3000E*0,49.999,12/3/2018 10:09:39 AM
Element 1: AC Volts:100 V Range: 10 V @ 60 Hz:Yokogawa WT3000E*0,9.995,12/3/2018 10:09:47 AM
Element 1: AC Volts:100 V Range: 1 V @ 60 Hz:Yokogawa WT3000E*0,0.993,12/3/2018 10:09:55 AM
Element 1: AC Volts:100 V Range: 90 V @ 1 kHz:Yokogawa WT3000E*0,89.998,12/3/2018 10:10:06 AM
Element 1: AC Volts:100 V Range: 90 V @ 10 kHz:Yokogawa WT3000E*0,90.068,12/3/2018 10:10:16 AM
Element 1: AC Volts:100 V Range: 90 V @ 50 kHz:Yokogawa WT3000E*0,90.319,12/3/2018 10:10:26 AM
Element 1: AC Volts:100 V Range: 90 V @ 100 kHz:Yokogawa WT3000E*0,90.457,12/3/2018 10:10:32 AM
Element 1: AC Volts:100 V Range: 3 V @ 500 kHz:Yokogawa WT3000E*0,2.981,12/3/2018 10:10:41 AM
Element 1: AC Volts:150 V Range: 30 V @ 10 Hz:Yokogawa WT3000E*0,29.99,12/3/2018 10:10:48 AM
Element 1: AC Volts:150 V Range: 135 V @ 60 Hz:Yokogawa WT3000E*0,134.996,12/3/2018 10:10:59 AM
Element 1: AC Volts:150 V Range: 135 V @ 1 kHz:Yokogawa WT3000E*0,134.998,12/3/2018 10:11:05 AM
Element 1: AC Volts:150 V Range: 135 V @ 10 kHz:Yokogawa WT3000E*0,135.068,12/3/2018 10:11:15 AM
Element 1: AC Volts:150 V Range: 135 V @ 50 kHz:Yokogawa WT3000E*0,135.122,12/3/2018 10:11:25 AM
Element 1: AC Volts:150 V Range: 135 V @ 100 kHz:Yokogawa WT3000E*0,135.154,12/3/2018 10:11:31 AM
Element 1: AC Volts:150 V Range: 3 V @ 500 kHz:Yokogawa WT3000E*0,2.985,12/3/2018 10:11:39 AM
Element 1: AC Volts:300 V Range: 270 V @ 60 Hz:Yokogawa WT3000E*0,269.974,12/3/2018 10:11:50 AM
Element 1: AC Volts:300 V Range: 270 V @ 1 kHz:Yokogawa WT3000E*0,269.992,12/3/2018 10:11:57 AM
Element 1: AC Volts:600 V Range: 540 V @ 60 Hz:Yokogawa WT3000E*0,539.966,12/3/2018 10:12:09 AM
Element 1: AC Volts:600 V Range: 540 V @ 1 kHz:Yokogawa WT3000E*0,540.016,12/3/2018 10:12:16 AM
Element 1: AC Volts:1000 V Range: 0.9 kV @ 60 Hz:Yokogawa WT3000E*0,0.89991,12/3/2018 10:12:24 AM
Element 1: AC Volts:1000 V Range: 0.9 kV @ 1 kHz:Yokogawa WT3000E*0,0.90001,12/3/2018 10:12:31 AM
Element 1: DC Current:5 A Range: 5 A:Yokogawa WT3000E*0,4.99918,12/3/2018 10:12:41 AM
Element 1: DC Current:5 A Range: -5 A:Yokogawa WT3000E*0,-4.9992,12/3/2018 10:12:46 AM
Element 1: DC Current:5 A Range: 2.5 A:Yokogawa WT3000E*0,2.49988,12/3/2018 10:32:55 AM
Element 1: DC Current:5 A Range: -2.5 A:Yokogawa WT3000E*0,-2.49982,12/3/2018 10:33:01 AM
Element 1: DC Current:5 A Range: 0.5 A:Yokogawa WT3000E*0,0.49995,12/3/2018 10:33:06 AM
Element 1: DC Current:5 A Range: -0.5 A:Yokogawa WT3000E*0,-0.50007,12/3/2018 10:33:11 AM
Element 1: DC Current:5 A Range: 0.05 A:Yokogawa WT3000E*0,0.04982,12/3/2018 10:33:17 AM
Element 1: DC Current:5 A Range: -0.05 A:Yokogawa WT3000E*0,-0.04987,12/3/2018 10:33:22 AM
Element 1: DC Current:20 A Range: 18 A:Yokogawa WT3000E*0,18.0005,12/3/2018 10:33:37 AM
Element 1: DC Current:20 A Range: -18 A:Yokogawa WT3000E*0,-18.0014,12/3/2018 10:33:42 AM
Element 1: AC Current:500 mA Range: 450 mA @ 60 Hz:Yokogawa WT3000E*0,0.449877,12/3/2018 10:34:03 AM
Element 1: AC Current:500 mA Range: 450 mA @ 1 kHz:Yokogawa WT3000E*0,0.44986,12/3/2018 10:34:11 AM
Element 1: AC Current:500 mA Range: 450 mA @ 10 kHz:Yokogawa WT3000E*0,0.452069,12/3/2018 10:34:19 AM
Element 1: AC Current:1 A Range: 0.9 A @ 60 Hz:Yokogawa WT3000E*0,0.89987,12/3/2018 10:34:27 AM
Element 1: AC Current:1 A Range: 0.9 A @ 1 kHz:Yokogawa WT3000E*0,0.89982,12/3/2018 10:34:35 AM
Element 1: AC Current:1 A Range: 0.9 A @ 10 kHz:Yokogawa WT3000E*0,0.90345,12/3/2018 10:34:43 AM
Element 1: AC Current:2 A Range: 1.8 A @ 60 Hz:Yokogawa WT3000E*0,1.79988,12/3/2018 10:34:51 AM
Element 1: AC Current:2 A Range: 1.8 A @ 1 kHz:Yokogawa WT3000E*0,1.79974,12/3/2018 10:34:59 AM
Element 1: AC Current:2 A Range: 1 A @ 10 kHz:Yokogawa WT3000E*0,1.0038,12/3/2018 10:35:07 AM
Element 1: AC Current:5 A Range: 2 A @ 10 Hz:Yokogawa WT3000E*0,1.99932,12/3/2018 10:35:16 AM
Element 1: AC Current:5 A Range: 5 A @ 60 Hz:Yokogawa WT3000E*0,5.0003,12/3/2018 10:35:36 AM
Element 1: AC Current:5 A Range: 2.5 A @ 60 Hz:Yokogawa WT3000E*0,2.4998,12/3/2018 10:35:52 AM
Element 1: AC Current:5 A Range: 0.5 A @ 60 Hz:Yokogawa WT3000E*0,0.49993,12/3/2018 10:36:01 AM
Element 1: AC Current:5 A Range: 0.05 A @ 60 Hz:Yokogawa WT3000E*0,0.04986,12/3/2018 10:36:11 AM
Element 1: AC Current:5 A Range: 4.5 A @ 1 kHz:Yokogawa WT3000E*0,4.50101,12/3/2018 10:36:27 AM
Element 1: AC Current:5 A Range: 2 A @ 10 kHz:Yokogawa WT3000E*0,2.00376,12/3/2018 10:36:44 AM
Element 1: AC Current:5 A Range: 0.3 A @ 30 kHz:Yokogawa WT3000E*0,0.30032,12/3/2018 10:36:53 AM
Element 1: AC Current:10 A Range: 2 A @ 10 Hz:Yokogawa WT3000E*0,1.9996,12/3/2018 10:37:02 AM
Element 1: AC Current:10 A Range: 9 A @ 60 Hz:Yokogawa WT3000E*0,9.0014,12/3/2018 10:37:18 AM
Element 1: AC Current:10 A Range: 9 A @ 1 kHz:Yokogawa WT3000E*0,9.0028,12/3/2018 10:37:26 AM
Element 1: AC Current:10 A Range: 2 A @ 10 kHz:Yokogawa WT3000E*0,2.0041,12/3/2018 10:37:42 AM
Element 1: AC Current:10 A Range: 0.3 A @ 30 kHz:Yokogawa WT3000E*0,0.3003,12/3/2018 10:37:51 AM
Element 1: AC Current:20 A Range: 18 A @ 60 Hz:Yokogawa WT3000E*0,18.0028,12/3/2018 10:38:05 AM
Element 1: AC Current:20 A Range: 18 A @ 1 kHz:Yokogawa WT3000E*0,18.0053,12/3/2018 10:38:13 AM
Element 1: AC Current:20 A Range: 2 A @ 10 kHz:Yokogawa WT3000E*0,2.0041,12/3/2018 10:38:27 AM
Element 1: AC Current:20 A Range: 0.3 A @ 30 kHz:Yokogawa WT3000E*0,0.3002,12/3/2018 10:38:36 AM
Element 1: AC Current:30 A Range: 20 A @ 60 Hz:Yokogawa WT3000E*0,20.0046,12/3/2018 10:38:51 AM
Element 1: AC Current:30 A Range: 20 A @ 1 kHz:Yokogawa WT3000E*0,20.0075,12/3/2018 10:38:58 AM
Element 1: Ext. Sensor Current:50 mV Range: 4.5 A @ 60 Hz:Yokogawa WT3000E*0,4.49881,12/3/2018 10:40:01 AM
Element 1: Ext. Sensor Current:50 mV Range: 4.5 A @ 1 kHz:Yokogawa WT3000E*0,4.49933,12/3/2018 10:40:07 AM
Element 1: Ext. Sensor Current:50 mV Range: 4.5 A @ 100 kHz:Yokogawa WT3000E*0,4.5044,12/3/2018 10:40:13 AM
Element 1: Ext. Sensor Current:100 mV Range: 9 A @ 60 Hz:Yokogawa WT3000E*0,8.9986,12/3/2018 10:40:19 AM
Element 1: Ext. Sensor Current:100 mV Range: 9 A @ 1 kHz:Yokogawa WT3000E*0,8.9995,12/3/2018 10:40:25 AM
Element 1: Ext. Sensor Current:200 mV Range: 18 A @ 60 Hz:Yokogawa WT3000E*0,17.9977,12/3/2018 10:40:32 AM
Element 1: Ext. Sensor Current:200 mV Range: 18 A @ 1 kHz:Yokogawa WT3000E*0,18.0011,12/3/2018 10:40:38 AM
Element 1: Ext. Sensor Current:200 mV Range: 18 A @ 100 kHz:Yokogawa WT3000E*0,18.0299,12/3/2018 10:40:45 AM
Element 1: Ext. Sensor Current:200 mV Range: 18 A @ 500 kHz:Yokogawa WT3000E*0,17.772,12/3/2018 10:40:51 AM
Element 1: Ext. Sensor Current:1 V Range: 90 A:Yokogawa WT3000E*0,89.988,12/3/2018 10:40:57 AM
Element 1: Ext. Sensor Current:1 V Range: -90 A:Yokogawa WT3000E*0,-89.995,12/3/2018 10:41:03 AM
Element 1: Ext. Sensor Current:1 V Range: 90 A @ 10 Hz:Yokogawa WT3000E*0,89.982,12/3/2018 10:41:09 AM
Element 1: Ext. Sensor Current:1 V Range: 90 A @ 60 Hz:Yokogawa WT3000E*0,89.993,12/3/2018 10:41:15 AM
Element 1: Ext. Sensor Current:1 V Range: 90 A @ 1 kHz:Yokogawa WT3000E*0,89.993,12/3/2018 10:41:21 AM
Element 1: Ext. Sensor Current:1 V Range: 90 A @ 10 kHz:Yokogawa WT3000E*0,90.078,12/3/2018 10:41:27 AM
Element 1: Ext. Sensor Current:1 V Range: 90 A @ 50 kHz:Yokogawa WT3000E*0,90.202,12/3/2018 10:41:33 AM
Element 1: Ext. Sensor Current:1 V Range: 90 A @ 100 kHz:Yokogawa WT3000E*0,90.203,12/3/2018 10:41:39 AM
Element 1: Ext. Sensor Current:1 V Range: 90 A @ 500 kHz:Yokogawa WT3000E*0,89.717,12/3/2018 10:41:45 AM
Element 1: Ext. Sensor Current:2 V Range: 180 A @ 500 kHz:Yokogawa WT3000E*0,179.391,12/3/2018 10:41:52 AM
Element 1: Ext. Sensor Current:5 V Range: 300 A @ 500 kHz:Yokogawa WT3000E*0,297.498,12/3/2018 10:41:59 AM
Element 1: Ext. Sensor Current:10 V Range: 0.9 kA @ 60 Hz:Yokogawa WT3000E*0,0.89997,12/3/2018 10:42:06 AM
Element 1: Power DC:15 V / 5 A Range: 75 W:Yokogawa WT3000E*0,74.992,12/3/2018 10:43:04 AM
Element 1: Power DC:15 V / 5 A Range: -75 W:Yokogawa WT3000E*0,-74.978,12/3/2018 10:43:10 AM
Element 1: Power DC:100 V / 5 A Range: 500 W:Yokogawa WT3000E*0,499.926,12/3/2018 10:43:18 AM
Element 1: Power DC:100 V / 5 A Range: -500 W:Yokogawa WT3000E*0,-499.847,12/3/2018 10:43:25 AM
Element 1: Power DC:100 V / 5 A Range: 250 W:Yokogawa WT3000E*0,249.962,12/3/2018 10:43:32 AM
Element 1: Power DC:100 V / 5 A Range: -250 W:Yokogawa WT3000E*0,-249.887,12/3/2018 10:43:39 AM
Element 1: Power DC:100 V / 5 A Range: 50 W:Yokogawa WT3000E*0,50.007,12/3/2018 10:43:46 AM
Element 1: Power DC:100 V / 5 A Range: -50 W:Yokogawa WT3000E*0,-49.921,12/3/2018 10:43:53 AM
Element 1: Power DC:100 V / 5 A Range: 5 W:Yokogawa WT3000E*0,5,12/3/2018 10:44:00 AM
Element 1: Power DC:100 V / 5 A Range: -5 W:Yokogawa WT3000E*0,-4.917,12/3/2018 10:44:07 AM
Element 1: Power DC:150 V / 5 A Range: 0.75 kW:Yokogawa WT3000E*0,0.7499,12/3/2018 10:44:15 AM
Element 1: Power DC:150 V / 5 A Range: -0.75 kW:Yokogawa WT3000E*0,-0.74977,12/3/2018 10:44:22 AM
Element 1: Power DC:1000 V / 5 A Range: 5 kW:Yokogawa WT3000E*0,4.99906,12/3/2018 10:44:31 AM
Element 1: Power DC:1000 V / 5 A Range: -5 kW:Yokogawa WT3000E*0,-4.99821,12/3/2018 10:44:41 AM
Element 1: Power DC:100 V / 20 A Range: 2 kW:Yokogawa WT3000E*0,2.00007,12/3/2018 10:44:55 AM
Element 1: Power DC:100 V / 20 A Range: -2 kW:Yokogawa WT3000E*0,-1.99976,12/3/2018 10:45:01 AM
Element 1: Power AC:15 V / 5 A Range: 0 W @ 60 Hz:Yokogawa WT3000E*0,0.1,12/3/2018 10:45:16 AM
Element 1: Power AC:15 V / 5 A Range: 75 W @ 60 Hz:Yokogawa WT3000E*0,75.002,12/3/2018 10:45:26 AM
Element 1: Power AC:15 V / 5 A Range: 75 W @ 1 kHz:Yokogawa WT3000E*0,75.013,12/3/2018 10:45:35 AM
Element 1: Power AC:15 V / 5 A Range: 30 W @ 5 kHz:Yokogawa WT3000E*0,29.99,12/3/2018 10:47:31 AM
Element 1: Power AC:30 V / 5 A Range: 150 W @ 60 Hz:Yokogawa WT3000E*0,150.007,12/3/2018 10:47:47 AM
Element 1: Power AC:30 V / 5 A Range: 150 W @ 1 kHz:Yokogawa WT3000E*0,150.028,12/3/2018 10:47:55 AM
Element 1: Power AC:60 V / 5 A Range: 300 W @ 60 Hz:Yokogawa WT3000E*0,300.025,12/3/2018 10:48:09 AM
Element 1: Power AC:60 V / 5 A Range: 300 W @ 1 kHz:Yokogawa WT3000E*0,300.071,12/3/2018 10:48:18 AM
Element 1: Power AC:100 V / 5 A Range: 500 W @ 45 Hz:Yokogawa WT3000E*0,500.046,12/3/2018 10:48:28 AM
Element 1: Power AC:100 V / 5 A Range: 500 W @ 60 Hz:Yokogawa WT3000E*0,500.051,12/3/2018 10:48:37 AM
Element 1: Power AC:100 V / 5 A Range: 250 W @ 60 Hz:Yokogawa WT3000E*0,250.022,12/3/2018 10:48:46 AM
Element 1: Power AC:100 V / 5 A Range: 50 W @ 60 Hz:Yokogawa WT3000E*0,49.981,12/3/2018 10:48:57 AM
Element 1: Power AC:100 V / 5 A Range: 5 W @ 60 Hz:Yokogawa WT3000E*0,4.967,12/3/2018 10:49:08 AM
Element 1: Power AC:100 V / 5 A Range: 0 W @ 60 Hz:Yokogawa WT3000E*0,0.339,12/3/2018 10:49:22 AM
Element 1: Power AC:100 V / 5 A Range: 500 W @ 1 kHz:Yokogawa WT3000E*0,500.131,12/3/2018 10:49:31 AM
Element 1: Power AC:100 V / 5 A Range: 200 W @ 5 kHz:Yokogawa WT3000E*0,199.958,12/3/2018 10:49:57 AM
Element 1: Power AC:150 V / 5 A Range: 0.75 kW @ 45 Hz:Yokogawa WT3000E*0,0.75005,12/3/2018 10:50:19 AM
Element 1: Power AC:150 V / 5 A Range: 0.75 kW @ 60 Hz:Yokogawa WT3000E*0,0.75005,12/3/2018 10:50:28 AM
Element 1: Power AC:150 V / 5 A Range: 0.75 kW @ 1 kHz:Yokogawa WT3000E*0,0.75017,12/3/2018 10:50:36 AM
Element 1: Power AC:150 V / 5 A Range: 0.3 kW @ 5 kHz:Yokogawa WT3000E*0,299.92,12/3/2018 10:50:58 AM
Element 1: Power AC:150 V / 5 A Range: 0 kW @ 60 Hz:Yokogawa WT3000E*0,0.29,12/3/2018 10:51:19 AM
Element 1: Power AC:300 V / 5 A Range: 1.5 kW @ 60 Hz:Yokogawa WT3000E*0,1.49997,12/3/2018 10:51:29 AM
Element 1: Power AC:300 V / 5 A Range: 1.5 kW @ 1 kHz:Yokogawa WT3000E*0,1.50034,12/3/2018 10:51:38 AM
Element 1: Power AC:600 V / 5 A Range: 3 kW @ 60 Hz:Yokogawa WT3000E*0,3.00008,12/3/2018 10:51:53 AM
Element 1: Power AC:600 V / 5 A Range: 3 kW @ 1 kHz:Yokogawa WT3000E*0,3.00085,12/3/2018 10:52:01 AM
Element 1: Power AC:1000 V / 5 A Range: 5 kW @ 60 Hz:Yokogawa WT3000E*0,4.99984,12/3/2018 10:52:11 AM
Element 1: Power AC:1000 V / 5 A Range: 5 kW @ 1 kHz:Yokogawa WT3000E*0,5.00111,12/3/2018 10:52:20 AM
Element 1: Power AC:100 V / 500 mA Range: 50 W @ 60 Hz:Yokogawa WT3000E*0,49.9894,12/3/2018 10:53:17 AM
Element 1: Power AC:100 V / 500 mA Range: 50 W @ 1 kHz:Yokogawa WT3000E*0,49.9892,12/3/2018 10:53:25 AM
Element 1: Power AC:100 V / 500 mA Range: 50 W @ 5 kHz:Yokogawa WT3000E*0,50.03,12/3/2018 10:53:38 AM
Element 1: Power AC:100 V / 1 A Range: 100 W @ 60 Hz:Yokogawa WT3000E*0,99.989,12/3/2018 10:53:50 AM
Element 1: Power AC:100 V / 1 A Range: 100 W @ 1 kHz:Yokogawa WT3000E*0,99.984,12/3/2018 10:53:59 AM
Element 1: Power AC:100 V / 1 A Range: 100 W @ 5 kHz:Yokogawa WT3000E*0,100.038,12/3/2018 10:54:11 AM
Element 1: Power AC:100 V / 2 A Range: 200 W @ 60 Hz:Yokogawa WT3000E*0,199.987,12/3/2018 10:54:24 AM
Element 1: Power AC:100 V / 2 A Range: 200 W @ 1 kHz:Yokogawa WT3000E*0,199.973,12/3/2018 10:54:33 AM
Element 1: Power AC:100 V / 2 A Range: 200 W @ 5 kHz:Yokogawa WT3000E*0,200,12/3/2018 10:54:45 AM
Element 1: Power AC:100 V / 10 A Range: 1 kW @ 60 Hz:Yokogawa WT3000E*0,1.00018,12/3/2018 10:55:05 AM
Element 1: Power AC:100 V / 10 A Range: 1 kW @ 1 kHz:Yokogawa WT3000E*0,1.00032,12/3/2018 10:55:14 AM
Element 1: Power AC:100 V / 10 A Range: 0.2 kW @ 5 kHz:Yokogawa WT3000E*0,199.98,12/3/2018 10:55:41 AM
Element 1: Power AC:100 V / 20 A Range: 2 kW @ 60 Hz:Yokogawa WT3000E*0,2.00048,12/3/2018 10:56:01 AM
Element 1: Power AC:100 V / 20 A Range: 2 kW @ 1 kHz:Yokogawa WT3000E*0,2.00076,12/3/2018 10:56:10 AM
Element 1: Power AC:100 V / 20 A Range: 0.2 kW @ 5 kHz:Yokogawa WT3000E*0,199.97,12/3/2018 10:56:33 AM
Element 1: Power AC:100 V / 30 A Range: 2 kW @ 60 Hz:Yokogawa WT3000E*0,2.00056,12/3/2018 10:56:55 AM
Element 1: Power AC:100 V / 30 A Range: 2 kW @ 1 kHz:Yokogawa WT3000E*0,2.00084,12/3/2018 10:57:03 AM
Element 1: Ext. Sensor Power:100 V / 1 V Range: 10 kW:Yokogawa WT3000E*0,9.9992,12/3/2018 10:57:47 AM
Element 1: Ext. Sensor Power:100 V / 1 V Range: -10 kW:Yokogawa WT3000E*0,-9.9976,12/3/2018 10:57:54 AM
Element 1: Ext. Sensor Power:100 V / 50 mV Range: 500 W @ 60 Hz:Yokogawa WT3000E*0,500.341,12/3/2018 10:58:08 AM
Element 1: Ext. Sensor Power:100 V / 100 mV Range: 1 kW @ 60 Hz:Yokogawa WT3000E*0,0.99954,12/3/2018 10:58:17 AM
Element 1: Ext. Sensor Power:100 V / 100 mV Range: 1 kW @ 1 kHz:Yokogawa WT3000E*0,0.99924,12/3/2018 10:58:27 AM
Element 1: Ext. Sensor Power:100 V / 200 mV Range: 0 kW @ 60 Hz:Yokogawa WT3000E*0,-2.77,12/3/2018 10:58:37 AM
Element 1: Ext. Sensor Power:100 V / 200 mV Range: 2 kW @ 60 Hz:Yokogawa WT3000E*0,1.99977,12/3/2018 10:58:47 AM
Element 1: Ext. Sensor Power:100 V / 200 mV Range: 2 kW @ 1 kHz:Yokogawa WT3000E*0,1.99868,12/3/2018 10:58:57 AM
Element 1: Ext. Sensor Power:50 V / 200 mV Range: 1 kW @ 5 kHz:Yokogawa WT3000E*0,0.9972,12/3/2018 10:59:10 AM
Element 1: Ext. Sensor Power:100 V / 1 V Range: 3 kW @ 10 Hz:Yokogawa WT3000E*0,2.9983,12/3/2018 10:59:22 AM
Element 1: Ext. Sensor Power:100 V / 1 V Range: 10 kW @ 60 Hz:Yokogawa WT3000E*0,9.9999,12/3/2018 10:59:37 AM
Element 1: Ext. Sensor Power:100 V / 1 V Range: 10 kW @ 1 kHz:Yokogawa WT3000E*0,9.9999,12/3/2018 10:59:47 AM
Element 1: Ext. Sensor Power:100 V / 1 V Range: 10 kW @ 10 kHz:Yokogawa WT3000E*0,10.0163,12/3/2018 11:00:00 AM
Element 1: Ext. Sensor Power:100 V / 2 V Range: 20 kW @ 10 kHz:Yokogawa WT3000E*0,20.0315,12/3/2018 11:00:10 AM
Element 1: Ext. Sensor Power:100 V / 5 V Range: 50 kW @ 60 Hz:Yokogawa WT3000E*0,49.9994,12/3/2018 11:00:26 AM
Element 1: Ext. Sensor Power:100 V / 5 V Range: 50 kW @ 10 kHz:Yokogawa WT3000E*0,50.0614,12/3/2018 11:00:40 AM
